feature_1,feature_2,feature_3,feature_4,feature_5,feature_6,feature_7,feature_8,feature_9,feature_10,feature_11,feature_12,feature_13,feature_14,feature_15,feature_16,feature_17,feature_18,feature_19,feature_20,target
1.579566198636698,1.233138863847138,0.6418925077847364,0.4779881634492831,-1.623838935349068,1.8513151243387398,-2.821977425457571,-1.9904746133308295,2.529668031566594,-1.0414739431868454,-2.7651285217450843,-0.04454410761259964,-4.140677840851204,0.36187195166229946,-3.621753586669602,1.1626120625418328,1.6977292745958912,2.855970859501477,0.8010633638448539,-2.6023979868867095,2
-0.6779718588414225,0.5267052319869197,-1.7448519741941468,-2.584535238579873,-4.192208390131887,-4.487725471706946,-2.7047985673581505,1.058228280988799,2.139604030909526,-0.33141198567720664,-5.09962229277826,-8.034321571962309,1.7489668323351895,-1.184265477547199,5.5189492850441315,1.1440979276900705,4.8749116182080225,-2.248837877714843,3.659330658631122,0.31695178159529835,0
-3.458541267804065,0.8667969894355922,2.641633725072724,-1.1266249903523096,3.7464190960362673,-1.539028958713971,-0.34996980274848966,0.2201018952053585,-2.0714533065156386,0.1829101542436018,-1.9575208990975048,-9.137734951319985,-2.2378211555210403,2.8126103285409316,2.002553382966386,-3.692495719100984,-0.879242526162616,-4.404202472237223,1.0106889599456168,3.684928535271908,0
3.829171267678788,4.492704078685177,0.5140598198211077,-2.3121735132073313,1.9243338153955094,7.666997454358432,-2.12745061115717,1.849767661494636,-5.612055682413941,0.9149835119685328,-1.0630510068895451,4.0592824925038515,9.075351278602856,-3.927243796557886,2.46495671773654,2.1361546785124403,-6.799444960992028,1.7658004413884205,-1.5790172324539693,3.0856282851390304,0
1.9900364959171193,1.6377503284105837,-0.7023592434092051,-0.22995482701516834,-2.85433026532633,-8.850132076933962,-0.17694834376530566,-2.620747347439988,1.9558283342371792,-1.0421959642994783,-0.7605284218598178,-3.4227279704898517,0.04984669014255861,-0.03386699954260597,4.114906910568439,-1.0854350978928196,1.1500348236969826,-0.14709913508544226,1.9684220181563519,2.1312751500778173,2
0.07244076200328786,0.5619952311342657,-0.3067546293217833,-0.659112831029766,-3.328369914938951,1.7667188721765767,-4.354200242179759,2.143511233052209,-8.186338404690078,-4.537938885222562,-3.9354831559818106,-6.353379389853141,-8.4028573125631,-0.013860837377051904,-3.5477640439497535,-3.3973876230911113,10.251114178092244,-0.5822234867109422,0.6553804037073566,0.18580325036682876,2
-0.8635603255736936,-4.360708472597091,1.811533746545455,-0.8219868498790801,2.185224594039493,-0.5875770813657798,0.42083548898002343,2.6735387144188483,-5.632271812491767,0.33406009343931353,-1.5113870374262346,-4.171596191443178,-2.391339424279245,-0.036030954809103566,0.9543167566468778,-3.5965365548240915,-0.26857897338640274,-0.5099211378043426,-2.403112599912705,1.6303726406424515,1
-2.05603452072251,-1.0194229830032362,-0.48951724468054936,-0.7108964893693746,0.2801661734163611,0.27832027151019145,2.885410288267013,3.7603177491301465,-0.6230424096441664,0.7489789668359872,-3.2751166992142506,-0.5680279576552342,-0.4290111228579656,-1.1764708532035102,2.6422325988681745,0.028625799110448602,-0.1807856325285775,0.22407926306774484,-0.017339727744063005,0.9953544921818398,0
0.12379071898969451,0.09372298806704915,0.8755458603889994,-1.4557480841966797,-1.3600867284832998,-6.2411384384993305,2.782414907089141,0.6513917706356528,9.382932211281766,0.6708815721431013,-0.271880432117118,-5.373756913019046,-13.875556564534811,3.10256567925538,2.644850988418357,-1.335971616669359,1.4350278229399474,1.4676425280312237,4.140151647290148,-7.3667410048287705,1
-0.26900012160542563,0.5326520993233891,-1.8505630282299723,-0.41017917556535166,-2.027440510021985,-9.742527636660604,-4.726346488335931,-4.898173337012113,8.30686952680664,5.184259328717451,-1.5096921194798085,-2.6909696435322545,6.4806635007204365,5.776705361434828,-2.113755329618228,2.736564517585036,-11.928137160330662,5.77314923163066,-4.356670664701338,-0.234315607146367,2
-1.3300714759855436,-2.3945244983956844,0.1577614716810518,-1.1335865634104527,1.4595765876514026,4.984937263412302,-2.815351820400485,4.256510993088407,-6.451853879196889,3.0202084526302335,2.0872417547845954,3.202582747370852,8.98986559450799,-3.4914744855824287,3.822280801204061,0.13243351888408617,-3.1643624138271593,-1.011596148607636,-2.782013213856523,-0.20625276928153902,1
1.2606102148183664,-4.913048578511095,1.1866860396213175,-1.381826904137248,3.4855029951000795,-4.013881405578947,1.6236236582225898,-2.106943854908268,-3.041057346132569,3.42417587754567,2.0296857421158343,-7.853080765364706,2.7984236092569965,3.304010415754699,-4.673889430331093,-3.42770772057889,-5.280482086573366,-1.157700412134734,-4.229210422213287,3.7459423494134763,0
-4.9352151226515115,-6.076925952894858,-1.1453313631330224,-1.0529569990204313,-0.4333079058325835,-8.02812447862915,-0.3264086268521349,-2.8836633102979805,6.291653610365087,1.6501540833202077,1.2026185743372717,-10.019178587486493,-2.0762970551627475,4.045898493262396,-1.706268485798132,-1.146902993198311,6.020951412803686,-4.315683990373637,1.5474255928159035,-3.3555318349993213,0
-1.860445082249234,-1.9596223686962486,1.3312306704931003,-0.48348405020279006,0.5041079074208885,-3.6239778530398197,4.145095207212748,1.2514900024775173,7.153321378256194,3.5952704480972666,0.13368074411964903,-0.39889286583353956,1.2934586382328186,2.9925360514837602,2.578271950704746,1.6260596722881506,-9.015142112980783,0.5331734866450253,-1.586587237816545,1.9736515248173303,0
2.216015961873742,3.179436660936778,0.5850111497314996,0.568350125934511,3.992105334471875,7.830486781871839,1.0741256097367884,0.5471237187109075,-6.232562030415781,-1.6902054886430071,-1.8559236245467958,-2.738472633608062,-1.9365525350737938,0.023609658319502902,-1.9491112308487253,-2.0698806269857717,2.4611665276558714,-3.818680887640887,-1.452451673805974,1.660956635466043,1
-1.5424299617414554,0.7904179064639731,-1.5713057185483597,-0.5811164807304143,0.1328708719704491,2.643472059659155,1.4226452012075566,1.323791182999984,1.6748626364262937,-0.4507063386435459,-1.6256254390119214,-2.693874751543458,-2.0898451826031343,-1.1624727526023202,-0.07108998749046425,0.9315593829458089,6.191127109240672,-2.583349827202596,4.705195679257879,-2.9230032648136923,0
1.1543181394198316,2.4898568523517257,-0.615705678476133,-3.0402811602831505,2.019324047894806,4.966970814881872,3.592998481690564,1.910611583176371,7.085660298140059,0.43976819026902236,0.6543601438234143,1.6147181977821505,-4.547483375081683,0.009521328464438206,1.233243886037705,3.5011267161508677,-1.1854657789842142,1.0759379564665945,3.339829905624921,-6.491651523014406,1
-0.581714895894339,-1.4328335950952766,-0.0863085521033996,1.1808124691588686,-2.5613261778834695,-5.131133758572489,2.706348292164025,2.4627246557035147,7.239173510812321,2.846697957832877,3.5629578510674382,3.3742116108694615,-2.2156381614563756,0.46869358460158717,4.497781564760071,1.3015219482509675,-4.375247114453279,1.6810040680503069,3.8136967598468865,-3.831219412717892,2
-0.8876093810317982,-0.7625409394660708,-0.8456970435636231,-0.27048833206066547,0.3085595838239381,-0.637668454046833,-2.2869373326406115,-0.7070871414745366,-2.965030702472948,-1.4301747367432265,-2.3217270185997725,-2.730626979764044,1.7508259282258918,-0.4665515863014189,1.2282108065597324,-0.8116502766772906,3.776058699683068,-1.7690048033574106,-1.4718056845244387,0.9409390841499735,0
-2.1924581099951563,-0.6860846966218797,-3.9317216264898796,-3.1421533097894874,0.6124293678621958,5.082997144087936,-2.416579288326612,2.917798400331406,-10.548744678785992,4.678790325525444,6.724847596528674,5.385160648459711,22.28518299902858,-8.210690124832057,2.3149734271317337,1.4154465288128075,0.8868337263268642,-3.3593547718387233,-0.3543458913290223,1.9453593108502583,1
-1.717801989200861,0.44772970685585944,-2.7420594502355544,-2.754827136066971,-3.246489349352402,-2.7322263228760293,-3.250404790916243,-4.972312811869916,2.2478157153788834,2.360566772604912,-1.8390411107751485,-9.2698020367224,1.7670473221544418,0.4921060529894521,-6.19833216581762,-0.8712616539838012,10.262402911979398,-2.3235410491932162,-1.6906553152574029,-3.1140316433369692,2
-0.4039240923085752,-3.5091221581495295,2.6740729061687807,-1.3065462279982727,1.0009527880819498,-4.376642616767187,-0.005243271924728621,-1.7514496136261082,3.442178512752917,2.164300730908507,1.3874449262679347,-3.9704796591110973,-0.4730748932432885,3.588276963302908,1.3048230530864635,-1.3847663637646166,-4.998198262838359,-0.8364061629152906,-5.066104960840466,0.9289097258703332,0
-0.6073193055952535,2.4423267333433234,-2.897507138621631,-3.564464277203976,1.5638052198732801,0.6742152719661082,0.7831821408462947,3.083129948690641,-1.4902721392657012,2.6277349723078913,0.8166020383502526,-0.6963406766214632,5.000656614559609,-0.3090349967290055,2.4780573052480244,1.0307338457894717,-4.043035452867813,0.6002137388941402,-0.7833916899342326,-1.1235247347106827,1
-1.1432458703719242,-0.2397006739225429,-0.7027072278071298,-2.5953562367465333,-0.8558257547917767,-8.213726712608091,0.4647957664121595,2.411557488427528,-2.299143834982472,3.3830212792813765,0.5357868231445101,-7.257045998637639,-1.3770752916190325,1.208559581101381,3.849758544171574,-4.3564218573190985,-1.8597738163115447,0.05075796986361647,-0.9933170858147293,-0.05107649873590048,1
1.4590122924500815,-2.3012262854124517,4.660148910829612,-1.3070908685710627,3.3040798111564578,7.994583131081881,2.2352443043182015,3.635934179578576,-4.5292739298044715,2.929973188964473,0.48499777056327154,-3.44158223490395,-0.9840255239978319,-0.36294622817442135,-1.011902799459604,-2.532749448949011,-3.8369444081900532,-2.9971025508917446,-3.174079127214022,2.2269399110800383,0
-2.1496490909421544,1.1774687749738608,1.18752125633429,5.449779079612899,-4.182413583555039,1.2109689980348335,-0.45085006201918976,-3.427295008893576,10.047961364463651,-0.28099009090177274,-1.0473704193192828,9.054253183796167,-4.294677240018599,2.994381519726525,-6.263214593932765,3.895490788811709,-1.6489110209001334,4.246009136928336,-1.5144780522509702,-1.4809066487987792,2
0.5093532621463371,-1.1607269577478152,-1.8154773451405668,-2.387556306118978,-1.2898437119768276,-9.847924780525542,2.1115132386988034,-1.4376856638833564,4.6112673231589225,4.37455129445237,-1.170346619495132,-8.00082292627954,0.33498405576307255,0.3207362063873167,2.848281006992545,-1.7843388750909601,0.2770761661343016,0.17393446438175442,0.7748021605570501,-2.344883072854146,1
1.6641352806879632,-0.1686238105851927,1.7272816586770237,-3.9598643994960807,0.35375088765394447,9.030768903753442,-0.5064741077014392,0.4786902328008622,0.7762148886983609,3.4314013107254837,0.5789248763384223,-0.6976374987850877,5.305477593964699,-3.382981520450505,-0.9130593782766092,1.975233115063612,0.9893694223124555,-2.1561110867519213,-2.6616230289410585,-2.092831869680706,1
-1.080665228908941,0.9931719792354616,1.586895177729068,-3.3549895649972155,-2.4647597291332315,-3.9186769590531565,2.162803243954997,2.9210429321179925,6.5425246315567644,1.8280706662672075,-0.7703439901621824,-3.341924570148956,-6.212408918403819,3.2682138560494973,3.624516080256953,0.19345100071885413,-4.964861345868174,1.718127743496538,-1.4852318731252818,-0.7894575413017351,0
3.152260357782992,5.72353441468008,-0.3733531299444244,0.631324765713829,3.222355272445094,18.801652977174086,-3.652808501655848,4.882442341074427,-12.784881047969488,-3.1846334138974033,-1.5464967984116238,1.8606706644401436,5.0212184745354325,-1.8971471203232761,-2.308310995439162,1.526389559084463,0.7249099753551336,-4.927936209802655,-1.0313262918067214,3.314117258916176,1
0.5289294290254034,-0.14432799778188599,3.7633926489549996,2.8397454661144557,1.4850899546473821,1.626006155229136,1.5979516479422706,-2.6098108311546167,4.803529374337611,2.0970135450949905,-1.6360276716282316,1.170773133674135,-0.21092596220301735,-0.5759316842768327,1.0147827738378141,-0.10009070902028738,-2.3739162240307423,-1.2238858020598098,-0.2833316291355513,0.6632776862664888,0
-1.7998778325013816,-1.3939896140605432,-0.4047303859709712,-3.7375234230747476,2.831084319391527,-5.48185741798008,-2.6810716779327275,-2.8923252924925573,-1.7185670972412272,0.6943674540274185,0.9583290455911069,-6.013523064501017,2.312625577256984,2.397846385399728,-0.9222093183781743,-2.1091662154166437,-1.5775014033217594,0.5316858369809303,-2.8531186435560465,0.5168747687508418,0
-0.6999521681478071,0.9405013524652062,-2.408994582793604,-3.7213068629575368,3.3273264452434437,-3.5828756671612134,4.855844194430587,0.8368227970784752,4.746790888840685,0.8478044160467929,1.289538994289597,0.8193397853942078,-1.4125872161595747,0.02820420648896782,2.9688963456090653,1.38250469768982,-2.9356217542983543,2.892381930648473,2.65810130051004,-3.9293950902679846,1
0.530110862632454,1.178330664931404,-2.873812745557859,0.5610291878225265,-1.9591201603703021,-5.638324253413816,-1.2794427199772693,0.10388408429535056,-1.160438333890514,-0.06553108372738004,-1.1326482961436652,-3.6020989035330073,2.8268945252614723,3.064156039012869,0.8355758310771986,0.025174984158642166,-2.863316312684217,-0.19678732695734502,-1.1407796220270239,3.113174488839938,2
-2.5008599151687942,1.4485824629070994,-2.386301215052583,-0.4133581044543233,2.646987672050331,-0.4855951847581987,-0.45311877664461964,0.2809467657288214,-3.842468505675407,-0.3671142777000431,-1.159565921208989,-0.3314916620545798,10.20152483770412,-0.002993918242495397,0.5065286097276143,1.7808737660759442,-4.251583269745487,-0.9981293548260033,1.704873129674053,6.336832199408262,2
-0.7456528320188756,3.274930188751693,-1.0692365288540846,2.7252199590768256,-0.5933798788547864,-5.191301456831714,1.2121261949064261,-1.5220546693975912,1.6355511990568714,1.7204524243802797,-2.3852750458436223,0.7005147058855954,3.8406034916324914,-0.2120957730648001,1.1907646926019835,0.05970503697496232,-3.9265367485822966,1.4704603563189376,2.842114264382473,3.6549744737294017,2
1.7967644836068133,3.59952090456381,-2.996283033510904,-0.9339616336180542,1.0192209604469566,2.997508026505889,1.0271854159302927,4.053624869332744,-0.27760559739404816,2.470566931031695,-1.5389913043958243,-3.2115614886418533,2.948909051163719,0.4334034228929906,3.5009096049848316,1.6425583403521389,-3.5619722512626684,-1.9690097636476072,1.9543616692292698,-1.6924882171123774,1
2.2028544194225437,-2.3711300303009963,0.8826699200590185,-0.6849578412353361,-0.49495202801202764,-7.142958530213676,3.247808298848681,-1.4854380745095739,5.417164458235483,-1.4996198031663481,-0.5506447438104034,-3.384293514992586,-8.2607050814885,1.271704207172772,2.3722381187143347,-1.1662162659730644,1.3530149800520381,1.25888369124482,2.2198184713549396,-2.081458570334534,1
1.0330443723297034,-2.6770268194104228,0.8119693644861377,0.16728848615827596,-1.9675689433369292,-5.539351293817453,0.17366682423172053,-0.05031705985575796,-3.1497229995068587,-4.029542618352565,-0.4114081700596063,-6.215553807613989,-11.739834745089949,-0.37708569873906894,0.6339213844588114,-5.172532191252785,10.647180741719678,-1.4073464451489386,3.2657357932788003,-1.9986816257337936,2
-0.11511059295606185,4.161940516159041,-0.47099058777319447,0.7464417720970913,6.687502408152802,16.64190459766782,1.213725509992202,2.957142578538144,2.4385210268383424,4.949680951523896,0.5492057860659174,5.53020735047483,9.177051278310593,-1.1269303917263829,0.4785127349824162,5.47446989307832,-7.507271609380157,-3.5530978601588283,0.05209478823346103,-3.9895015992914984,1
0.5883664126353796,-6.592854242922833,1.0297489806595754,1.2171638652474823,1.9686184293838496,-4.288980592500811,3.8909017362330336,-1.761707818642419,-0.061443721029513204,2.6916368444438605,1.5161222480278718,-3.5521686355782345,0.4071889187272115,3.0457527773712245,-4.065763990444852,-2.492082864631267,-3.531587817906271,-0.7885255368981996,-5.070454887543872,2.7962731746253255,0
3.0292620288207512,1.2783921662026292,0.7337366210937735,-4.995131064748937,2.006370379741389,1.042791969021125,-3.2707706388521034,-1.2217598785083519,-5.771893546415684,0.6450374023796707,-1.7267881524262307,-7.47192985343526,5.628701558598293,-2.091874319233799,0.7527579088580152,-1.4430374210824044,-0.42280215830653245,-1.0162734566135774,-0.784978414875168,2.7274449444416136,0
3.3748758764007936,-0.09828454220666716,2.153290608283866,-0.5129403806703401,0.26902118638470673,7.28290309714381,-0.8242418732004859,1.9639523426018926,-5.863424943593502,0.22562361950266074,0.42703003206440193,-1.366822364880211,4.492609886871932,-2.921270784150283,0.6374278189320637,-0.308246819808101,0.21828214517437794,-3.8837708137742646,-0.14026435084311006,3.4366703921999076,1
1.0659641366025565,1.6051120323220465,1.2573820661343351,-1.1379929017732118,-6.062964835090929,-8.669282371980232,-3.0975388180338164,-5.668255934439724,7.927067879193796,0.28461477792948564,-0.8202493328244946,-1.876168955254618,-1.737310582652768,2.498020147516038,0.09092186896239474,0.39337554496273563,-0.29452734906673467,2.713964464165274,-3.919418618709888,0.5199665320300749,2
-2.855907734960505,1.9027469049461958,-2.2081894283422123,5.36632241332744,1.5655022854472467,-6.7593651268182535,0.35081256233732416,1.2659851951625827,-3.504200638304951,0.6337748769509963,1.849166876090231,5.909809132238508,6.9959546553143195,1.4660890474085604,2.4472526252407647,-0.20724924186832694,-10.285400342183173,2.3776476999534704,3.8964988605841033,6.033481165146011,2
-2.9790837851798067,-0.16007016869766932,-2.2138143461003525,2.7524418656247414,-0.7492023913242918,-3.4977515499488594,-0.601986346137646,-3.2751318884288954,2.9975365816606194,0.20913154356161412,-1.8139597406113017,0.4434098978518798,1.6384114188101686,1.4993182675127348,-4.033188467052364,1.030094038486312,1.7757556973588573,0.9917338545632567,0.9800470469649358,0.17756413910896285,2
1.6638689866169325,1.8840429269286119,-1.0795296461640522,2.9361874770632252,-4.730023115469443,-3.235219617918506,-1.648394755301346,-6.327950096111292,10.921966864150901,2.698951011254547,-1.3906755309342609,2.1619709455515035,1.5730517756933575,1.0469427026297435,-3.7408866709652724,3.467748936279582,0.2564937479292132,2.4635796717554914,-0.2512102063540915,-3.446096850272969,2
1.302154491731342,0.7598492146939623,-1.869385230523929,-0.9427419870546376,0.5021297592083398,0.6771352058887646,0.43748415516580563,-1.0384322298502564,-1.280090080374266,-1.450668901652925,0.506248874783789,-0.4077389890830637,-0.810021074895269,-0.7865786281482777,-1.2927318374703827,-0.15749719857592104,4.396379604569,-0.4188999900402903,0.16726718108680716,-1.9255443455202843,1
-1.3458810503505099,-1.042855944973197,-0.9312934349787315,2.160443726140631,-3.1794275833403614,-6.847974211123063,0.346800983728371,-4.403849386083094,10.866317074660937,1.188834719212787,-2.5180838981283635,-0.0672157840352765,-1.3524931823853357,4.9999792355950845,-2.667525038720531,2.7900765776208996,-3.0273165213095323,2.6004154567539604,-3.180821870399658,-0.3952552358970527,2
3.162811367718724,1.5861637411667413,-1.2042962410945297,0.9985325707809323,3.14581020670681,3.904821468032037,1.6268827927242566,-1.1065151489174587,-8.28146433056533,-5.97534582848865,-1.3991415781642886,-3.5555798204751676,-4.442953939627246,-1.2293623006645609,-1.3842098525762014,-3.204854284885628,10.30933168813267,-5.011403751790411,1.0542563676599093,1.5879877346010285,1
-2.539830194487458,1.6909758697769455,-1.6594179517299865,-0.6131441077240618,-2.3175873100779913,0.7340419640380671,-3.5740628323616415,-0.1579657337416931,-6.473766512273178,-2.910492099253948,-1.1561370104027726,-4.415455470620964,-2.4177802762727247,0.6712502393328761,-5.194250759361975,-2.395174054626872,8.92680286729153,-1.6942301384272498,-0.19572048856355462,1.415712698582209,2
-3.4759147702970687,-0.3155887872348615,-2.206720439877702,-4.188604974977853,-1.5484853058124965,-10.206203127897968,-3.4889301649541613,-4.600350637141605,8.241518637823114,1.4033638639735573,0.9484082381169094,-6.120641716499435,3.9881519964912444,2.8357185145756216,2.3187713982929274,1.7923792692018896,0.32759682300108195,-0.04959792063381485,0.9239670741496311,-2.3835279243784577,0
-0.8487379399929944,1.5555367675964673,0.5796471218761943,-0.282815461290566,0.5285107210727154,2.682388228774767,-1.641093244733964,1.5799600366445627,-6.752625243621933,-3.0693380432981816,-4.685594846077831,-2.2715979908346116,-2.710732193211247,-2.3685559951094306,-0.6593876479855669,-1.9682853204692798,4.868696210981875,0.29739977701904363,2.3830399405780316,2.5434177015182877,2
0.9101376960255112,3.907987524124543,-4.428644519729334,-2.760762595029645,2.7351634627752235,-0.35683300833405984,0.35151203417617494,-2.5753534438634436,-4.500585690528655,-0.9934966614427767,0.7903370404721779,-4.846579357718815,1.947069602074677,0.028365360003656415,-3.128976535294912,-1.6530477523266494,5.917468963486123,-2.0212168263301304,-0.04665234453847855,-1.2365034732111653,1
-3.7774036375087023,2.442727342400263,-2.4334593040058894,1.0991444000483452,0.6795621098223847,0.43893600248214293,-2.1500660454918847,1.7611475823415237,-11.081397863059209,-3.868898089460043,-3.6853470187599147,-2.9352299467246636,-2.7861445384690535,-1.7249708236729266,-3.1861462206352265,-3.9639109418530487,9.053075176187287,-0.42919511095153084,3.6386263118202438,2.4499013890132124,2
0.0677487675406141,0.5385984263241006,1.980779161213195,-1.3900905146898417,3.2286136146494964,0.3711492730154229,2.565918007725215,1.2210544897367908,-0.48789768239666814,0.48347381848057613,0.41989947837076413,0.313523478942779,-0.5023248314991972,2.5277045281322517,2.074958127826835,-0.8489261491775343,-7.62743157234555,0.34645516061599824,-4.906378354346215,3.260912075161343,0
0.4229346649206843,2.0990816904811647,-1.7346741235655823,-3.3055562679548074,-0.4502336471061128,2.1952038186510143,-3.196453364146329,1.4551013725533664,-9.972542833556831,-1.8302634783466996,0.7167034638170375,-2.30443167241475,2.086677608237187,-1.1378352377754657,-1.8565891854049994,-2.3253072950609375,3.9355153680221933,-0.43257112320315283,-3.294355724300531,1.9285145013357305,1
-0.08683134752794863,0.16939321634787186,0.2849798451844541,0.41770509924823984,3.903148436358588,-2.2461970985699606,0.5997669108371464,-0.46127205551568173,-1.3188916477230073,0.813763139388554,-2.436836876331273,-2.634562097752303,-0.12638904350633598,-0.5608179279453478,-0.40381584566111306,-1.1757998272157297,-3.498157786506296,2.3212560831725004,5.201447414724243,0.7229550577152157,2
0.27407980240523067,-3.052998983302328,-2.182357462655662,-2.062700990269689,-0.19715656292307848,-3.874250897970692,0.678152394302946,-1.0998895227044319,1.9085580546746719,2.7213925709352003,-1.1258573080455745,-6.0444559964240545,4.854848468085411,-0.18978677414744727,-0.791066622244327,0.8074141994621657,0.6258073509710171,-0.8315657201137291,0.9936563638628872,-0.349397879903514,0
-3.6106640453216974,2.001891080464823,8.704259231423354,5.112291380272251,2.3187600785364175,2.6432650871351946,-0.7652536828323815,-1.904089841404605,4.763442250796144,0.557695592807961,-3.729461484460038,2.219347412693324,-7.174685490252661,2.2851749380080406,6.073429964938284,-3.3853996754671334,-3.690892956410849,-3.140205295854828,-5.830667994833403,2.3383919720809154,0
-0.8519775921370005,3.159561937354277,-2.2974151073998543,4.386958566294936,-0.7797189637509636,-1.5156745268669147,-1.8648478541246387,-0.8131145157209128,-1.9810031379039232,0.8512403382215203,-2.305593137039852,5.22574883226082,4.7039247613418045,-1.8415570873245595,-0.21813488470150688,0.4888302871896537,-1.700016669027688,2.9736865554958665,1.9989522640556676,1.0053436324494531,2
1.2050879835304915,3.55019114450098,-0.5824472164346652,0.30587529047905315,-0.5010910687337087,-4.711951525311158,-2.588681882762395,-1.3911206143388104,-1.7082727907847548,0.006631828665503825,1.702256045579225,1.1935688590396878,0.8127941191828201,-0.5917455085477799,1.056453625719624,-1.2280540716966524,-2.806095241432115,3.2006560520400695,3.459380369117981,-0.02990146819220718,2
-4.125719355970494,-4.789738473403365,6.354062867334175,1.9078593336629242,0.7360557848046021,-1.8986450958194414,-2.652694958750045,0.3135020664805057,-1.8820520167530734,1.2901649018506205,-2.7707740046976035,-4.163645185992016,-6.327502174529414,-0.5258995952910748,3.2545897368768233,-5.813079594163825,2.589952348396946,-1.810629604845882,-2.21002020939478,0.3019152698465519,0
0.6287694211629404,2.6475703848381347,2.5336750835722244,2.617137982739686,0.24593098443772465,3.471696045697491,-0.6150612490285583,-0.5779131894058103,1.1806537979456992,-1.7788510989844974,-2.441114635484415,7.121762255192052,-1.3096339667801138,-2.328396934257319,-0.542630823671572,1.873134393394623,-3.124848932219722,4.211113278742372,3.828914696753904,1.518250312464454,2
0.7186699454931079,0.4962349772515148,-0.3975269212646174,-0.30464516138707265,2.0872429721223527,4.320057611659562,1.4921251091440904,1.3170949557862088,4.152409053065177,-0.07796400340072962,0.6032510328287376,3.783344210263097,0.31168573049254344,-1.2307356598322916,1.8095923728621242,3.6111347644297105,-2.0410710680042583,0.6300878201037861,4.259524593043652,-3.6876681206295925,1
-1.1060084729016935,3.3514813609190304,1.634743467429303,0.9009797830729491,2.245662964906183,4.779393580763932,1.5592274489936144,1.1161490738724844,-2.3275461739441163,0.4269049828133292,-2.31747399202514,0.18949089073797545,0.34741423493891277,-0.10455089729195954,0.47440985915833256,-1.0447922739860134,-1.61071952927272,-1.9940434729275065,-1.7546758235067978,3.3720119536141686,0
-0.23496035134095883,2.727497433157474,-6.649653539171701,1.249799440347751,0.32689645159277714,5.681888384453077,1.3326233532528764,3.224476512479905,2.5552768861099477,6.081599349063096,2.4398002423977347,5.888736657411848,18.368581071433677,-3.9083085415954786,4.176080897603775,6.965228172748078,-4.183181718561566,-3.4554684300127496,4.136451556745067,-2.840860938322283,1
0.25387876578665225,2.0976904627498563,2.5981027431749095,-2.330201961918679,3.8472176895353853,1.0337316059455823,-0.23929832830534514,1.7397854351583402,-2.169275604618957,0.8469205352413038,-0.31213639973533214,-6.159259049037889,-8.310458147660004,2.882822208810458,-0.011267426432969962,-3.939150889862124,-3.2684835234609873,0.46721499548257883,-0.2758103184334877,-2.01381658826591,1
-0.7355137043916096,1.6951054651068453,3.7435699703879424,-0.6854594772624649,-1.917826483403143,2.2225356945013885,-2.2829293987257526,-0.9349674320913275,1.8829329631271532,-1.430345040388088,-4.211581881743415,-1.8099693486765887,-5.891667304389837,2.2501611013746556,-5.248582486730122,0.3602239325889025,-1.8600883584646546,3.3522863281559188,-0.6582475641995549,3.02264127004986,2
1.6773068068721333,-2.108787069940561,-0.1767716707716842,-1.387014913069751,0.4401104858277729,-1.012808974477819,-1.2302386385362887,-0.0027016350106117137,0.641255117645919,1.0565383790985892,-3.7258323760636713,-8.199926245480802,-3.610067060317788,2.0737854095386767,-2.372435830314622,-0.7033866161578273,0.1371719242417503,0.587310615010538,0.2521721985235852,-2.022190557091055,2
-1.7525261505913163,-2.2011512871759256,-4.613188505038617,-2.8144978685927273,-3.8235742032685804,-9.884903427275626,0.2925678822947886,-1.0088626469346909,5.917796175606267,-0.38185148137314906,-2.3341096806169794,-6.963499564542276,0.9097057629196188,1.6982475733071158,2.1496810215176714,1.9788531989235123,4.6625036664505615,-0.46571481275681037,2.0888437265588085,-1.4315225972426262,0
-2.180433545006444,-1.7318539973193383,-0.20791750075433835,1.3544329059015283,-1.0896506078155577,-5.500989956253596,0.5480193443131585,-1.5254139768717745,-2.491640975929476,-1.5145839567328694,-2.501184662450133,-4.913357144282589,-4.604304627593228,-0.8940308045803584,-0.9294794404992077,-4.091686730949178,8.72549780160636,-1.4417901270537552,1.9580216136429105,0.8792496629176537,2
-0.19104539479080085,4.287233228624972,0.9396520556532821,0.21187417567055578,3.622892938857333,7.165996859663152,1.0605352258513807,2.553469398804483,4.076368151329613,2.7762883433406236,2.1888078666969193,2.367826644894678,-1.421811223053629,3.256573441858108,-0.06441283255590968,2.2491447677056398,-8.830597763169116,-0.1971719969356316,0.7691472204245309,-3.3516198000763096,1
1.0450120498879234,0.21963381096532075,-2.6329725549722873,1.4232892857358446,-1.9795317763405949,2.3036337653629193,-2.383248418674825,3.1998821303054577,-7.03258967826871,-2.5627613929407707,-4.7708076922928075,-1.777967339580794,2.037668116187128,-0.5269116142705337,1.0435508285500852,0.1819143323594412,3.0041146964656247,-1.4761706655155424,-1.7023663758663479,3.0497253453818978,2
-0.711202503779703,-0.8163569717014203,8.844245751429797,2.421490747696157,1.4222606086830372,10.365948210303717,3.3741266644207246,3.9695974484146337,3.2573097495037953,2.5492408336848853,-1.188962743245404,0.747621222569413,-8.247483440216675,1.324382916177532,3.3274583268453237,-2.0341428350936113,-3.9880372125877894,-4.926369851127005,-5.383694713232268,1.0451957518443535,0
-5.238458801258167,-4.191902307644838,-0.4287577702054389,3.520753903834783,0.9372890745535656,2.7302577864383033,1.674018478875734,3.790743814290895,-0.6270827954951486,3.6734100479778946,5.788241703027789,11.344317277092639,10.506702006023549,-6.154128046987823,6.219094274915211,1.6813557622882822,-0.22534930047851498,-2.6112689390604182,3.388154933856411,-1.996007356593596,1
-7.418971108949106,2.4943595746088616,-5.646519038204117,4.64943300770733,-1.4066118456522017,-5.417136279152711,-0.868138060999848,-3.5342209419323005,-0.9925374995974676,-0.12451520397231641,-0.658364625725834,5.296712153312062,11.260158997741494,-0.27215607890274573,-2.791361078707966,1.5169850285338518,3.296572262420661,-0.6468224503152644,0.8516591552835961,4.768535254106231,2
0.9308327266125569,0.6432301743351716,-0.9791273416701498,-1.518299080738485,2.5717305575762097,-2.8775218904813666,-0.5777556883682589,-1.4873442332866875,-3.7431302899364747,-1.4741261604025624,1.227997146875985,-2.230382982910913,-0.4489227459728394,1.3156574024447387,-0.9624637286191859,-1.9715820027753836,-0.7765264064400579,0.9067196183517401,-0.832344692266735,0.7843571033745556,1
-3.3431427990371096,-0.01790065657732054,-4.74216747638091,5.675976174149715,-1.8756108113574939,-2.7832778411673007,0.2045869466667385,-1.3868294336641376,-4.814211093492788,-4.063563101042779,-2.0905121082163935,5.543543841122557,2.8365987997637707,-3.878808487787351,0.7835922032477793,-0.799370559667821,12.109641333915956,-2.0327191600633228,2.0789709175079842,1.0773011979853395,2
-1.6289556194486732,1.731442359628582,-0.10640933104450245,-2.9958193041646815,2.745643595276631,0.6872921726749497,2.5124396454518827,-0.0493011084205226,3.5559222284093215,1.5385786861847428,-0.0871914774093957,-2.9104195013781613,2.3978376814348827,1.4275805451978674,1.0589054113713463,1.4154503184597607,-3.2275538661261614,-1.6806076079134133,0.30614953752059026,0.9026298056940948,0
-1.36177139295671,-2.9963687310370988,1.1955681840121248,-1.2483717532257925,-0.7150170515507386,-5.66461622591796,-1.8803288222787045,-0.7139374841562187,-4.948227607447928,-2.7820767698718556,-3.9232142035267565,-8.296435350587007,-9.445005726676479,-0.20118725458761055,-1.0795149603480212,-5.790711410480623,9.15295526396789,0.5234319224491667,0.1201281276190942,-0.3865297466094606,2
2.1023703408229144,-2.288574811790671,-1.8804059770467083,2.4567461463098557,2.715949965296102,1.4780835116840616,5.127360561674399,-1.330557983856945,-1.054756345577272,-0.05581094513061258,3.3333859930071053,5.5451273640764605,8.908000178716138,-5.029103613868458,2.50337554976899,1.5568131498661035,2.5136888246759677,-3.847356250736211,3.3014865885940576,1.3933748325467419,1
-0.3350469498711389,1.8420338323938266,-0.561065537031182,-2.0757607125464395,-0.596688886951849,-1.2746725993859294,-2.4132231390734935,0.7547833378232371,-2.6336549439420196,-0.01472011683809793,0.026870570183721076,-4.919768163903034,3.4099563608812202,3.4176447912647636,-1.8022344940631985,0.31495815029304275,-5.014014834859276,-0.4062745851083962,-0.6656173364429407,4.954781714227016,2
-1.9439225515492087,3.270246632625536,-4.4096509900767495,5.1686191185579835,0.496894935578597,-0.7240541870714703,-3.39683575003425,2.4505088585414656,-9.879604689965573,-2.9171213905737474,-0.9328634274258301,7.784076157739072,4.884178446301854,-2.622412627803091,1.7613477393292056,-0.4947621917604407,0.16979854861870203,2.59640823853228,3.8350320585638036,1.9035481341594451,2
0.6423301359002382,1.4855001360907174,0.47936683910983735,-1.0112114910139098,0.23444286799793312,6.994452282552812,-1.5630334186346464,5.494388517964827,-7.9528677114518365,1.5571861384374395,1.994435240124763,-0.06340780292264372,4.696976317800979,-1.925734796684364,2.5952302127246885,-0.9349655271661148,-1.932356258525269,-3.3085127085779895,-1.1304451933452628,1.812551807210935,1
-0.583743780373946,-3.6617616605692507,3.0755840833055,3.691800931087508,-2.433949622760947,0.20562062268790218,3.9590116030646074,3.3932657801046613,3.5868217338796384,0.9229104569120588,-3.4854298925332863,-0.36134243667344706,-9.225135290207815,1.1057170966131138,2.235394847258178,-1.6778061027106337,1.034235190089323,-1.1739100091110142,-2.32035384868834,-0.5567584142334001,0
-2.317324738108864,0.5948557876481939,0.6937422638691888,-1.2480859119076082,-0.0011389790484939155,3.6613949655718616,2.605191863336046,3.612261524185171,1.5937756259255211,0.12593550567340261,-0.2842042999850585,-3.7583562382356233,-5.150757388538739,1.8335924081915893,0.4324006566472387,-0.2564578207446797,2.3184072194776393,-3.7624221834751235,0.7750654915326061,-0.8723159777178942,0
-4.000928314834171,2.3417477518365484,4.187427259779376,2.7795167161421688,2.094921985696146,0.3357709973906353,0.8972515809746138,-0.4167434604102511,0.2719950855278288,-0.2710670148744738,-2.8002112883411217,-3.7466595690705695,-8.94074009493738,1.9101461234049106,0.7587222037298386,-4.719236943425303,2.6411051448500253,-3.105510480658989,0.6046440687013366,1.0953191732452046,0
-1.163473841975468,2.3994347745859343,2.0741947585674314,-0.5498102636400987,0.3894470571929144,3.1783154896211414,1.326910278917158,1.3282009025815114,3.5926539557585544,2.5588394371406356,1.7255385177241997,2.9016209225796255,0.2846260005981668,1.376342450808412,0.737264257885386,1.1346816198214595,-6.1376692250649265,0.24076297963859927,-2.1039064552682847,0.1718244810177294,0
-0.41438168619989946,4.492131416958412,-2.1299635213155366,0.2826555152440231,2.9659791911800997,11.74912722163278,3.186017490822103,5.686260747044214,3.9492295919414455,1.6472123325004433,-0.215478055389156,3.916690796839186,-0.49323902807879133,-0.3356245793589855,3.3932895951601023,4.413936286760974,-1.568136264778412,-3.03053646059352,2.855423832994269,-6.472856818010721,1
2.7263712742096007,0.17169095503139742,-1.0846108772633334,-2.0893989262350705,-0.25955530596284004,-3.333815861292235,0.6295205857738959,3.6149730988119533,-6.640966400167012,-3.0959675465566487,-0.4038336576393242,-7.672290123653233,-4.839564243249732,3.353959087582838,3.024948130150931,-3.2965094542322797,-0.09507552789833618,-2.4442872459473453,-2.269330414307153,3.384088875867116,2
-0.68578596061843,0.14385344610623063,0.8028379411320463,-0.2404681013445389,1.6521051299093124,6.206171659658067,-1.7443509918109137,4.612476992561881,0.0911860510399723,1.6489370582690066,0.13608607636269476,3.16356450567397,-0.17690592575472572,0.46855228779291647,2.881288900516096,1.7980656264653714,-5.68176775174075,0.9462438332728009,-1.0939980759361876,-3.527086896627269,1
0.7882007437191065,3.5252804411394543,-9.204441385579642,-1.3515125682837894,-0.2307657177119431,-11.794855907608042,2.53658605684699,0.04804645151396181,1.1926833330797773,4.037740272815734,-0.007576929768302598,-7.751237915845065,9.209667444140624,0.7889940131853324,4.626176105538614,0.5481529029602075,-1.3431835937366694,-1.6031642857100987,5.406837631289391,-1.2491239555055127,1
-0.4552564420106786,-1.9275335567115042,2.7485776682846206,-0.41494074551384086,0.8072917765901118,0.1370422438361834,2.709251077184299,3.4251929234778813,0.7868650477549178,3.484231071089854,-0.3019837787807562,0.08113764899902723,2.960523610142544,0.47536153860688257,3.270136983428882,0.1746377799598684,-9.258175565431479,0.18552925060039072,-1.9763806163016868,4.077752615402755,0
2.084169505434472,5.574181266067226,3.6578804196219568,-3.9645662235591663,3.036999742405778,12.710162103588715,3.996567514037449,9.185037243326576,-4.5245868704796965,4.34896725143986,-2.104296246391324,8.643747344257536,6.789925679368408,-4.793672501175488,5.890789868141227,2.6532492621654904,-16.13909141364257,4.427855748950816,-3.631107730153423,5.16437702232781,0
0.7751400965919564,-0.8594609648518055,-0.7395115886338763,-1.5412314533018394,2.686144747020438,-3.8101155840849397,1.3661415089907671,0.31148329692779575,-4.50020972293667,-0.6359355021166309,-0.8888073062907692,-4.717223874829236,0.4123590638012494,1.9439175495888459,-0.18164944978297437,-2.2345263971524756,-3.233937090070343,0.35631504376878587,-1.6680228543121816,3.9138232918554254,0
-2.4123585794527505,-3.8800230721941564,1.2469634098700446,-0.6890014748686353,0.6797092600641947,-3.850791656617146,-0.1308817656287482,-0.05541526501586658,2.5607253472211644,-0.8347733168511964,0.6184586355937827,-5.535608416431974,-5.2065538461794985,4.115925218108291,1.3513643720150676,-1.5842636996461081,1.0468142048171671,-2.670671181434183,-1.5799245051501563,-0.8871210586109579,0
-0.46990533839850923,2.3097817962946454,-3.6800657986327576,1.9626227299565602,4.764613334181728,3.5286264248828756,1.178551767976073,-0.9399186194065148,1.0410812735891128,1.2779507891963775,0.15354456962968754,3.326258538774034,10.47486000138063,-1.0955771019663283,0.9940386821740799,4.000996550782909,-3.5400747517846667,-2.0569693910982574,4.085154939147895,-0.0818511404049056,1
-1.60340367865092,-2.2355393161130825,-2.1691762267768215,1.3852229307562334,-0.44826168759445706,-12.892159529150469,2.638109221028719,-3.364642905843744,4.548261904846346,3.045868580357153,-3.209865858009367,-6.708291987678672,3.969878697446399,1.5489993527361041,2.493306941494387,-1.273932519112391,-1.5063222302901966,-0.6002377676697543,1.2734581215861436,2.9866569596392587,2
2.252190675994661,-0.11187500706146114,0.7695419826479637,-2.434579689497561,-3.859626839836912,-3.2019158941213233,-0.28727887765571336,-1.6050333519611835,2.1570248861587116,-1.8191385315701136,-3.5093995687220687,-9.778748874102922,-5.774948458264197,0.7351666135458144,-0.7218151438445382,-1.223125987899198,7.177781132133338,-2.309091139688705,1.4831500061640552,0.8218831126313862,2
1.6116296049076042,2.0928800004808443,-1.068731976846618,1.048579899713376,1.7561588169108755,7.215098700218488,3.5450300830095403,-2.5869394008527835,4.491172867425656,4.502526478675636,2.112946030695673,3.222555131624497,10.32505432222206,-0.8998857056386607,-5.1633739219048636,4.338549659578878,-3.790715064131159,-2.5113842079422577,0.022169373741907306,0.9907182907802006,0
-1.3710832462113407,1.5097502496784672,1.072454316834622,-0.3955794105665199,-2.3027654900975287,-4.190612914016592,0.8080189127845709,1.286325000738118,4.156402467543849,0.722652628330892,-3.6876615406342266,-3.3044835078161063,-3.9090509456975004,0.7325736028767351,4.386001586275301,-0.4944421134495236,-0.7332085051298004,0.35024921515930796,1.3460730471651097,0.5700278668879986,0
-6.653698880211591,-4.065389402510787,3.3080868725512853,-1.889093837219772,2.350756670229176,-2.7180511008124006,1.100387527268966,2.565795968469988,0.11214823271648999,1.939065241328113,0.9704006593848864,-10.450762663699576,-6.72891714579955,3.716995276910673,0.25292488633149657,-4.6720045104960075,1.7491773155553205,-4.877432643330835,1.5532853694960553,0.1409037112733531,0
-1.6527519566403521,0.49951600836991683,-2.227496438745532,2.653250559725486,-3.8567020706532054,0.40987141448229497,-0.6416883500985784,-5.164682456018025,11.668241888339878,2.5983120873337096,-3.8782935692835916,1.5003375877411298,3.5437344337163017,3.8619209003061945,-7.303042430300811,5.736899227210858,-0.6872388383139383,1.3166684703311606,-4.190029565150251,-1.159571154866578,2
0.10515161805091222,-0.5280331888216351,-2.619867902448532,-3.9107352260685744,-0.1328424729179789,-0.5433476258174776,1.7195626225470095,2.09586737356471,-0.05168814131526054,2.251628249195612,-1.7972282921537843,-3.880136080561277,5.890699200873686,-1.3341187480528758,1.0655159927042446,1.8806022577949855,-1.1560348170886452,-0.09202120881788589,0.48781031430303323,0.9443430555493398,0
2.6480807214860613,2.6570954113824254,-1.9948312391318623,0.6359878816799069,-1.0228226249842771,-4.81566177467492,-0.46037458103165585,-0.5687514941479981,-1.0486982148717572,0.21442316777692394,-3.368496229105531,-4.70862852004822,0.3907233381205198,-0.2102891831806788,2.0704975769304568,-1.0316324092917426,-0.09320483934541013,0.44163151025534353,2.947534168167725,1.0206760867345963,2
3.488284365615737,-2.9823729875640588,0.9932224130882268,-3.3124284671776496,1.9586999137159784,2.893888423471495,1.6870616172298232,2.0012832761457906,-0.38184103226533617,2.0285878650935993,3.6536762296108085,-0.560297274153867,5.217646888477038,2.509303163581188,-0.0065018822137867804,1.9935159592903333,-9.991552060835954,-0.4846905650707004,-5.614062257491721,2.66476311525319,0
1.6245275029742392,-0.8416155006628305,0.2348055472789703,-2.2867928471671957,2.2077066648317505,5.258960735810369,0.04996197056621998,0.5133102468509793,-2.2415654641407015,-0.585729325549559,0.9693815478518368,-3.230905195500377,-0.7502343316057287,0.3896468290410746,-1.9729086512935803,-0.14789143918024417,2.151914215311332,-2.6407813363504684,-1.4120434893772404,-1.3224262017422834,0
-0.3282478042796638,4.991273238923051,0.34748680535424614,-2.2024489372156077,4.1042009449797945,5.073006160567292,-0.6731469789066487,-1.2614502303039465,-0.9209852580772678,-0.34758193463346965,-0.29741199241819793,1.8501356341313624,2.664387149506723,0.26658358543888006,0.5792424039582986,0.7380216758575648,-2.89650691471614,-0.13447573533462942,-3.2926150106427534,0.44584540350365653,0
-4.583834777520089,0.8767733835266147,-1.21613528087441,-1.6807543917533725,-0.9282191332027772,-6.712883327598912,2.060722345034562,1.799270604859901,6.129064743730053,0.4223004316607005,-3.215512137246334,-2.686572381656548,-2.3809086204549086,1.7228764777707215,5.1420580122438,1.0109947528427528,-1.4284034301292783,1.0397685677820094,2.5698047531489174,-0.14150488823358076,0
-1.4748780784620146,1.5486860003497211,-0.30234299870982584,-1.7167970313558638,2.2866122054260543,-4.010746863246535,2.2394113803154614,-5.423875584136032,8.561191192509321,0.6077331358025887,-0.3221340151891836,-5.131724966471877,0.9504711306937479,4.058720835079724,0.5112972317877237,1.0949273350885154,-0.3798742895688052,-3.4312732083557758,-2.017051503574714,0.3737585607302335,0
0.5599906797174037,0.20316157921207134,-1.5267930010004829,-2.114354007451286,-1.4454802876883759,-6.838757832343586,-1.760026100512125,-0.4405435125430083,-7.038235329402584,-1.6944649401165701,-3.4581444064172695,-9.687744005328868,0.023091898967274652,-2.0759186616526617,3.1926246097993776,-4.609539369876309,7.921695378438499,-2.5303957564664095,1.3596553134672664,2.921223794209177,2
-1.141122685897607,1.5480752980401697,-0.6334396164889149,-2.6768197031026664,-0.7081478645861812,5.393356698242717,-2.7154985810851104,4.312707193445717,-4.204128584557028,0.6978275041146806,2.960450156698571,1.759017246899723,0.9111424926796681,-1.9621894632475148,0.8379076346156521,0.17498266057151668,1.3149788543161072,-0.08821746132519248,0.6612028462143167,-3.332496806847897,1
-0.5465245141984266,2.0932512914125514,1.02915195888882,2.4981091394886628,-0.18309323712641357,-0.987707602867944,1.0632362457511504,0.6316633789186705,-4.0686347453633065,-2.2406875023639934,-0.5134444488828493,2.371051552266576,-3.4471883394011287,-2.289796900658218,0.8056221382615576,-2.668455009688231,2.7792638771908265,0.5230284693204916,3.9305169754715177,2.402955651888865,2
3.4022654446484664,3.318568251505063,-1.9074170443393785,-2.834254820485447,1.5117716423483443,6.953818767852587,0.7670514245062694,0.9770464221131248,-5.742303618876099,-1.89890023033545,1.381634608831295,0.3562323909763525,1.5937925977255083,-1.5332278115462075,-2.332089646195883,0.3781173070122511,2.8585015318211644,-1.3529675205600453,-1.665943581179218,0.06254111435036669,1
3.4987899033567293,2.039971608588673,0.947080611616395,-1.1353006016000373,2.3691041546819074,9.125253160258787,-0.24450993198083304,0.6159873896308986,-5.137585290069995,-1.1816819617947383,-0.21459379443613447,-0.15415478544173156,4.678275190160502,-2.1848269585687747,-1.4405412149727401,1.1804275699572573,-0.29330544823298355,-2.848528960201963,0.1785119804520967,3.2267931060103834,1
0.06313341697341657,-0.6535496747619449,1.6447355728622846,-0.5406492707887633,1.1619518157903612,-2.9810371182126616,-0.8126900139954083,-0.8299419496140232,-3.747115910023395,1.3039580739452012,-2.5017442768170755,-5.839262288315301,1.3147061981385315,-0.07113107728369727,0.16915769690498172,-3.183295011433741,-1.412178154405381,-0.49168034016253603,-0.893836635675051,3.9584719572925877,0
-4.038289181225834,-2.2576567848889963,3.5472757089810254,-2.4702020764690897,0.07454326340406758,-7.1343800423536985,3.5147197957323897,1.654030076580247,7.5200875709556145,-0.2048114993791006,-0.19008209814401478,-8.004071310050849,-15.342335997019442,8.770811234033978,3.080665773976542,-3.634801738018336,-2.5418071679060077,-1.4132694970755473,-6.1131444151127425,-1.140980939467454,0
2.2153327794055895,2.495188640848501,-2.597424616996971,-0.19993919820197414,-0.15375244990585424,-3.091417855495263,2.6105058269449897,1.9556410266254736,6.406653353760711,1.7653450093258756,-3.4763597617352646,-6.76758575042782,-4.420720585293713,2.8884195027539663,4.168383226616207,1.2007616095104074,-2.076287013966608,-1.1102422709883928,3.8162114225317776,-4.003705230473059,1
-0.595669999551747,-2.098892257415066,-0.36173778243120336,-2.79415379896498,-1.4256917067512722,-9.760818365490971,-0.4788874717547267,-0.8464851563111975,1.612205235946361,2.88697459120246,-3.738728741759778,-7.439854585729165,3.8504129052739753,-1.4707071264253986,3.5227630455429684,-0.9920197225482417,-1.7366712072965773,1.933069798581203,2.8401102916596503,2.182209119186732,0
1.6023196196804643,-0.5953111866543366,1.4871133418947364,-6.19562009003727,1.4364221491024232,0.5736172240255544,-1.2572945709944974,1.823351058184853,-6.360732414841074,-0.7428675522731433,-0.294471028436209,-13.833969924983636,-7.515042504891549,1.1254943691862067,-2.422005076127995,-4.96601786592547,5.253996443389897,-2.5065527164372576,1.1917397071742188,-0.877143279135193,2
3.0274249748024236,1.3363561639414006,2.4104000273987447,-0.9003483995729347,2.226376550385207,10.523101795432177,-0.915654597963734,1.0732672265612326,-3.672634032880392,-1.5149996235711094,-0.22403212554541896,0.03781876341264634,0.5221907994413748,-1.4018854627161799,-1.3765728206759222,0.8595030068656468,0.4544268258063362,-2.786921946417194,-0.44263174547890083,1.0773511523262798,1
0.5742230761793792,-4.341735018555317,0.6766763159790501,-0.5369468538492128,-1.9044672899365835,-5.880193882756583,1.4307591688302954,2.3836238663457134,2.9786433383367386,4.910885576974804,4.444781894035078,2.338951080600709,5.276276939987273,-1.787588136866757,5.774442375246741,0.4664992692202663,-7.008335479156499,1.4698110238183184,1.0182062865156318,-0.9026654219815995,1
-4.580205933064873,1.5445111566147038,0.8490588911396476,-1.2265615676290191,1.9138637229881779,-2.7855868880227552,-1.3343563730415,-2.414014223852036,-0.06647990861050723,4.382491603485345,-1.5770048462108326,-0.2446263936107378,7.274965476120609,-2.6821574495824825,-0.42535602558085217,-1.0786829494342334,-2.6758900484336294,2.3037808309099788,0.9814137129936333,1.8982604073679283,0
1.2596111376059191,1.7805132070233427,0.6765234448210469,-3.3114451855020937,-2.0375292021853975,-4.552430495588449,-0.3753640161900553,-1.1996715813556573,5.312515626113446,-0.17221643484321003,-0.7967354575846528,-7.4747489661571676,-5.104008188582254,6.238990198324263,-2.3431884431100043,0.528707312291737,-4.7391319706808614,1.2827653343701702,-1.5184086906713388,1.562888049646153,2
-1.873759412380418,-2.3782238170043346,-0.9894589434974821,-4.220014924648483,1.6985479303163684,-11.723181265912519,1.699807573905383,1.6793546816311444,-5.829659066429943,2.2665406490750906,-2.4013957268288815,-12.844990422585127,3.4416412097874414,3.1211429817306593,1.0688548383753327,-4.365972398177593,-6.508906995589951,0.4392877768729233,-0.5823480545916151,8.467210481682734,0
-1.8134488455934248,2.059157491187243,1.8165751735073004,-0.30116772874455555,0.8796611591020371,-0.5834054836955065,1.9819418335302215,-0.3896455583340077,5.947453143808592,3.611141940072468,-0.5009773773195582,0.593362066386432,3.1982493860214043,0.9208198195125507,2.2258453032472563,1.4964954188749502,-7.082354133919125,0.09553694634272158,-0.06602030684606897,1.7949597921095743,0
-4.070016609465568,0.20086821691635293,1.0891592682905011,0.831038588400073,0.7723310531296613,-4.958439691213918,2.2224065374275854,0.9262331145444473,1.985480595586338,3.1524173635269546,0.5755259823804639,-3.7613881751878866,-2.2878021799619277,3.8452753179814123,-0.8190120798282126,-2.418677968622103,-5.070693214223584,-0.23778948735604233,0.5555955433625757,2.2055094435480953,0
-0.8638443548831252,-2.58851794529322,1.460058203948091,-0.7813376046024314,1.2745071182717664,-2.6555228426015782,3.384553892627057,0.8036841357523138,5.226731773567508,2.409281547547785,-0.07662844037195904,-2.7681369531203237,0.2564564873124191,2.3040399028514296,2.350303065160807,0.7652450601187764,-5.768139579548696,-0.9887534242094247,-0.29305759608229964,1.3620045999352977,0
0.7508175028239757,-0.17472808444375643,0.47315388325874563,-2.498283317972107,-1.5350017353391094,-4.336824290397807,2.0419048510849103,-0.9605126007178599,2.582670190042053,-0.3644487208911591,2.9400817615673684,-0.8253567149947497,-4.011997993267302,0.2997791565960308,-0.5405406700117175,-0.9079061514614597,1.113417322607689,1.5431267722457518,1.0377369243734256,-1.0010164584799695,1
-0.18482870020245645,3.233756145579891,-3.3086574743741695,-0.6842247122519527,0.2689051047798515,-1.4933353708575354,2.223139768848613,0.02455587128652037,-0.3507830757009409,-0.0681344893895266,-2.5633902528625496,0.33147720408393755,3.9323057208656165,-0.01712393686818303,-0.28812683028387354,1.505036551912469,-1.60114873383774,1.3386337616004846,-0.11323695948354184,2.742056483676717,0
-1.762671986656109,0.8909664647965676,-1.8824830039487508,-0.23047248951180777,-0.735652902241476,-3.733544932466265,0.9487798156179152,0.6274130616218986,-0.3636407964000304,-3.4078033782584116,-3.224189433796117,-8.272699910033113,-7.741886197862049,3.950905735651813,0.34612560046050445,-2.1989339309111053,6.565246927310008,-3.573193672135375,0.4055821338919221,0.5465280651513144,0
-0.22507392595712694,-4.729891770024828,-2.336483602463386,0.4765485043824349,-1.4880051851156098,-0.30448146354076483,1.7481353953515852,3.434215864921394,-2.0411243399019923,-3.6890359827614763,-3.4385500310169053,-8.456488270955218,-8.242503578228233,1.4520761191519294,0.581976846732787,-1.5084178591203425,11.230131558656021,-5.374478523497945,1.6469297634324187,-2.1026777023635406,0
-0.8944541414899241,-0.8188282537083946,0.47364088269497295,2.2377814686521713,-3.117429377981755,-6.805851340971327,0.34463453656232623,-4.206785540602794,5.58209641032537,2.2523490960094614,0.028153190319926136,0.606036632150521,0.2010179864840256,1.719651804572478,-0.9085167447491778,-0.7635841753871279,-0.40880429091109943,0.9443137045968251,-3.973619434828639,0.5171093039507406,2
5.356349710441755,-0.6920094461618554,-0.4898103331639394,-3.7720372265160176,4.078472900384883,8.147907562066559,1.4608808644831022,2.3588775797248553,-6.388289512772043,1.0763059544826916,2.8206221127080733,-0.5487455851512852,8.035558480735345,-0.04399214477771052,-2.2681742007642156,1.7700658662355764,-7.40732393214426,-1.1951701271948176,-4.363630451442443,3.3128504758315658,0
-0.04881010989471635,-0.3530397554011846,1.0097700846589484,-1.6239864753839623,1.145367592815738,-0.3432431930387039,0.1333928179609114,1.2073630527576191,0.23733415013495346,0.5104444164711434,0.3168562783859392,-1.3694745316898156,-1.443518326517667,1.7116307109996414,1.522794052264454,-0.48047948253112016,-3.6602361820839655,0.4370907612760724,-2.222619146164762,0.044209949816002236,0
1.3124812445292209,1.9218872830585405,-6.334228434866562,-2.460777346090945,-2.466283588610091,-10.406951834153995,1.4664494388945015,2.106717378187941,0.5047985577283258,4.941634364292732,0.25230061420099104,-9.01945987472952,6.924025149698332,0.8890974647464938,5.897914675082539,-0.6248216715488013,-2.080489913323351,-2.1176198365999004,2.136600013820675,-0.7068352850940434,1
0.20985669602963464,-1.6314795134589262,-2.082439780956654,-2.2485831029413212,-0.3753641450488576,-11.197229544292462,0.8457471181521518,-1.3292685704882774,-0.1019228722057082,0.7713341308569919,0.2829664803927998,-7.060506890137745,-2.88004911491149,0.25374966761583817,2.301652235106515,-3.6133820323065606,2.925208392959235,1.0878017697829137,2.2080057454049786,-2.0555026702153754,1
-0.7059266462908566,3.164283542971546,-2.631336913831581,-3.735338331772544,-0.49522414384832314,3.9196921213575813,1.6971815093008535,3.768454477146322,-0.7818519648990918,-0.5570439869084396,-2.572220649965603,-5.783949542439301,0.10235846350530575,-0.8129851770261822,0.8310461917724605,1.5530425521121405,4.478020160068462,-3.24190612681719,3.9257809651281494,-0.18141960402388047,0
2.810492240575823,0.4017983743294,1.083576210898611,-5.4325129551587885,-1.2687135673789394,1.7292585569584251,-1.919033963854146,1.5248000163779478,-1.0569119211743536,-0.34895297824357496,-3.997564669555842,-12.484290256334566,-3.6207716327054866,3.2018097609248444,-2.24208793326249,-0.34239148089583793,-0.22723297712828683,-1.464261987674698,-1.6173292680733367,1.965462521363012,2
-0.5987001229217037,0.783721836244498,0.12307741797790772,-1.4772038755699706,-1.0214137238698164,-3.5820411782172807,3.174080895196266,5.079021496005179,0.010685488541113841,3.115426345423051,-3.8935591916035834,-3.6984067320346354,1.3686949972435518,-0.5837225464340912,4.25972708917086,-0.0993078821811535,-6.9920916725087086,1.8826825737564339,3.0695576033896934,4.121494143681462,0
-4.1637784696957185,-1.8100164100836449,4.968416312561605,3.055679571438543,1.9176603718754222,-5.624015511562919,1.9796793868816456,0.7246172723121846,0.08708347429700791,1.8312648481441964,-2.7789650420053134,-6.227235779241903,-6.099964833162213,4.128125084541158,2.5360699306266343,-5.534494132494737,-4.630128429174543,-2.3868221022030083,-1.7336415349351322,5.397435484077098,0
-0.036939042528703836,-1.5346739701477308,-2.521011475126584,-1.000943340135361,1.1710208127444834,-1.2728409346130534,3.9545887943805558,0.39611712158238876,-2.30300686376818,0.7912953237716409,-4.1889215308738015,-5.646490624389587,-0.028820459287544307,-2.0266880565521976,-2.281946621164975,-1.3951399700872542,5.494014944473508,-0.7238215132125487,1.8194611724068852,0.4860680493785976,0
-0.1365716924086704,0.9728217567585629,2.1242954469647612,-2.478447149208582,2.177616383470598,2.8434858654233377,0.2106638870451626,3.0240212647956435,-1.200529465070562,0.5208315540162868,0.2284683853293188,-0.6399662469260822,-2.7858133025323095,1.3364689218815984,2.422213263521704,-0.832511479195659,-4.933036536168355,0.5561493089222225,-2.7203129523054104,-0.11934151411254845,0
3.2206371599260377,4.110663556034882,-0.8491738670464446,0.025542852766872848,1.5996480517093803,1.8050571307037788,4.606992571371079,-2.3925763735046606,2.905845345327127,-4.52756107214709,-1.789262445951684,-3.145591101630705,-11.655328091417132,1.487170249045842,-3.4928013122718395,-0.718519009903787,7.5355821680577035,-1.1998612535009783,3.8083187627734127,-2.811956775152204,1
-0.14421802089583302,1.1122172987295524,3.6101397630285286,-0.23838287453749318,3.2377840013078654,10.95508036690613,-0.763217230342381,1.4961721561283075,-5.305735933982078,-1.8417787225167506,-1.1921953478694403,-3.3982694535045015,-4.281327475964935,-1.6261713473965438,-0.4399917959246129,-2.548733170213745,6.838252565143421,-6.211187503261641,-0.11772346002025968,-0.28929402351450406,0
-0.5015963346913942,1.5988215832018517,-4.306291939644538,-1.696160236568614,0.9732579547379778,-5.212119482022196,-2.588945041790222,3.0486959504025943,-12.054410384565841,-2.4300783791755394,-1.0944779741518453,-7.508376036554071,2.627964810393971,0.022414500783520475,2.590487299799672,-3.8315787816369973,2.6335479348609576,-1.695626422743497,2.5650936451589748,3.6912282210188967,1
-1.206963892228878,-5.39682254329758,3.978939020977061,0.26872762824555707,1.6110329281703653,-5.045383528482786,0.7813208212657761,0.6044572195629757,-0.1295214941162534,0.6754869781920484,-0.23192544757314226,-7.287934937394062,-6.0365125516718745,3.3868779469494643,1.8453463241784607,-4.266023554876096,-2.2146413055419343,-2.0961214966060235,-1.5110229634774963,1.8974390495966056,0
-1.1017370985185504,3.5329459362304556,-1.6676496441695208,0.5894850288166676,-2.059978577668975,-7.5378300194204275,-0.504882788811608,-3.494436032841642,6.301036435690758,0.5817400983800969,0.4605104038508123,2.3983878283357183,5.91572044072108,3.714817415777275,0.7496099550940201,3.102676610341171,-8.227031058965952,2.583085615470982,-1.0634779927509226,4.393034283244204,2
-1.3288691553322474,0.10136409607837538,0.8577978394115686,2.3697949528099223,-4.685558278625293,-4.295759802581282,4.0873378959890845,-4.47004539087362,9.315043737120641,-1.9218273244756992,-1.6832351845069058,-1.9563791662606005,-7.648849027577753,1.6976422711135717,-3.7866048682750564,0.28218992827661404,8.533715110493231,-2.075286105225068,2.1891314344990516,0.7077434430921791,2
-4.449082695754363,0.29216518739303343,-3.5627316978386627,5.544777378772897,-3.09362745002109,-0.717200125736238,-0.2977837111482118,3.7510609437078424,-5.945297083822479,-4.454860072171141,-3.2407570607057106,-0.5748254385632319,-5.608160377724259,2.475640096204355,-4.513812484138488,-1.2627815355789072,6.873593725210237,-1.2364954265705617,4.013423355852362,3.0378494432805954,2
-4.052178845661988,1.3948500277329718,-1.1772458567131432,1.9667720433422018,-0.36088862658796017,-4.295832233123015,0.10201958317877424,-2.894968368527943,4.571752734680603,0.43085050521242874,0.2191297702871784,2.561762841057732,-0.39011306867589635,4.399647494029098,-4.614716348048884,1.0116098677932985,-3.610843649725134,2.9249435252123117,-1.7356746703861994,1.1422505631293933,2
2.1439301445367125,-1.1398414171129545,-2.637627466191167,-1.3205415675757437,-3.379692213502927,-5.500112889734861,1.6903603468011723,0.7772894845791597,-4.9942079324606325,1.747942882138226,0.7722592260633342,-8.192194947007412,0.8361824905027218,-3.2985620876784254,2.938256544343265,-4.666176080630883,10.172664137715781,-5.045045187110524,0.5329651552081305,-0.7140935658908834,1
4.008556063620972,-2.8027942930899834,2.3466934728000592,0.54827591976111,4.780894933834402,8.36551117834878,1.1648833821920632,-2.166544716618846,-3.289043438669136,0.8480051532079825,2.4977010520882783,0.4059569869885322,4.418345184610987,0.6428647200268476,-3.6608796881964043,-0.24234989300102527,-2.5895462076036697,-4.018122349524635,-7.0574595781703255,1.9458218762000412,0
-0.7207680420065214,1.3358713187779059,1.954246226691629,0.17108777179385037,3.9024446754523643,7.51758036701601,0.5740539871659276,2.91361646418119,0.5721091357297476,0.37695381121063354,-0.4874998171022622,1.151975872712494,-4.967954746157666,0.7746930838616324,1.282616271997713,0.05993746660173804,-2.0217082793411665,-0.8871846111143451,0.10920168626620663,-3.8443827605717003,1
-0.8664993372674061,1.9436059333995859,-0.9059921938161646,-0.31284050257170604,1.260639853887576,-4.076584510060793,-1.4587015639934533,4.411598749815232,-7.96725099246628,-1.1796612277500078,2.875933405871076,-2.7528960220994545,-1.8643301501699243,4.744217157563817,0.16591663636353182,-3.003644729695073,-8.21546550665432,1.4589168348025034,0.9461032524106671,4.433549843417829,2
-1.812842553458073,1.254598949837764,-1.6092323622836768,2.6880606850774678,-2.940026886799579,-2.7883600409240534,-2.9854283883152726,-1.2242672750384576,-0.6949321130037961,0.17347675984457833,-1.4228942536485236,1.6230225134680931,2.4350368112092227,1.6316907575887698,-2.4752388496927384,0.27600269573276126,-0.7782186023833557,1.7020797891482775,-2.0762442271238397,2.057744241754161,2
-2.3043371912212955,0.7712456293575809,-3.695239861935466,-0.12379615736169214,1.4472952596672464,6.189657175068991,-0.5611077630012113,1.913304681863238,-5.801665367269624,2.3325694547515683,1.7129272631761108,2.902954465934655,11.181218121415446,-4.740261420826883,1.3156933832634592,0.8305879579817267,4.960731438240577,-4.370251486741365,-0.7299323007126279,-1.29605729072431,1
0.08948532248905794,0.35902348220710434,-4.892426215805551,1.3828407242734848,0.7488620639769372,-2.2354104836010515,-2.200383568981281,1.059363106355387,-3.294508677509065,2.0336605885358154,-3.566446780657839,-3.2312718239584015,8.141849676285984,0.5655092861177562,-0.30665489389176936,1.4493854499148084,-3.5249441160574353,0.6873045108234013,1.7930703598079805,1.172268309574541,2
-0.24232272695339896,6.050814598350777,-1.4759668908277863,1.8593808951352062,2.261497289768114,0.4911127204020201,-0.7503736570538853,0.6655375586039245,-1.382598021066359,0.5932432690035507,-0.9198314957558238,5.020707951403661,7.4875466464454155,0.047735772845609925,0.4457341160650503,2.7972519271405067,-10.785185685658865,3.6829271642388983,4.9111366061666715,4.64701546784461,2
-3.9563713023911493,-2.046639446341479,1.1778305597359133,0.9193787821120487,-1.2447696988420658,-2.430137500351139,5.149352041178797,4.395457447594453,6.902259477461805,-0.6127878643908689,-2.1478239650070066,-1.0043157838320833,-10.750221484811863,4.7588648333882615,4.165179547084991,-0.164132707408166,-0.9367735525678613,-1.260478362846451,-2.5918206288470405,-1.0541047413449194,0
-0.49808969433783634,-1.9756489906930077,-1.0765630645653026,-3.8600926415740107,-0.5398310695703297,-6.831568786908604,0.9606475959621374,0.3072881135622292,2.2702222416116324,3.684407360469016,-0.338619312002998,-2.644513676785872,4.177639840578498,0.864227325498846,0.6982106945321549,0.5685173748998824,-6.81093937091638,4.132778938832192,-2.21875693253723,1.1209320020524274,0
-1.570382554583909,1.8468018788603433,1.806456133387341,-2.043163188025813,0.1260142462550482,-1.3977864664606159,-2.2120600807793016,-0.7927719869099308,-0.10984701010136827,0.7509769127602466,-0.45264918970866586,-5.24590558322965,-0.7384468175462264,1.0964094465761631,1.6367038740257873,-2.008017280403398,0.3371508530435883,-1.9525591603293078,-0.7055552428670362,0.9410837516010969,0
-0.3577785245147139,0.6246849617369229,-0.5136527199518137,-2.9865666197847793,1.1779747055084897,-3.8850767477425876,-2.869476267308646,3.5069975346569047,-7.104534412771737,0.8814034608508055,-2.4319220775435033,-10.992880982055356,-1.3405787090852623,5.06289711941595,-1.8076412939178907,-3.1698529966083213,-7.118277412692288,1.3201570161488354,-0.7219988836732263,4.501188499800847,2
-1.7637983797000176,3.8221096615202788,-4.227145975892944,-0.7915010321834985,2.6121419791190092,-0.012942488374087735,2.7016137643599807,2.4518903467555746,4.337884504823066,2.360375315313794,0.5157395173978717,1.8895759983855223,1.7605032920230699,2.025836423501455,2.5837649714057074,2.854970948371516,-5.359726069957265,1.0900129718636893,1.6470932805688612,-4.144075527333502,1
1.7762405207602066,1.457302448701454,0.7027482197513523,-2.6755284802963755,1.1526120000401139,6.315271018381829,1.5976038571539224,4.626892806402424,-2.1114791457162347,1.2956305561702677,-0.30862611401464757,0.7579322849221823,3.5380364616336664,-0.6804150271411915,2.07593879514138,1.977538260248945,-6.452256240357819,-0.20337925757361508,-1.4710196544658813,2.4412629084314763,0
1.8393315348775896,0.9528708948996982,-1.2888097815615365,-1.7122548284939572,3.1173179708531733,0.6023238023748845,-0.5911151424945071,1.035761648280107,-2.1881914691877897,1.3907962465250596,-1.551633334314955,-4.664072382785544,3.3009487183263375,0.2563885128316754,2.3318861131502313,-0.030821378132056765,-3.3939532178927503,-0.9775455878497322,0.6964192010207488,-0.25156042129219436,1
1.9705406208647773,-1.8406260507212764,0.1464122137783519,0.4413270126534483,-1.598069684312796,3.8034843928812414,2.5786143664526993,1.8260720527412002,0.995693772038264,4.010399578771821,1.9749564129117543,1.2774206252476603,10.279400089636923,-5.751067989493726,4.170999458107394,2.28641582270876,0.9596627605002956,-4.981714066806756,3.5948912461447717,0.9467037801318208,1
-1.0249761534530766,-1.387463440505317,0.16811874841104324,-0.48479942784085583,0.07631086199392034,-2.790004881429836,0.06414242719974594,-0.09206960199968073,0.7582731944035354,2.4798630398200356,-0.6816403665075451,-0.8694369402856015,3.5820515401330377,0.5392652488411096,0.5550495618519422,0.011013008739126917,-4.214518407989817,1.1322926611396165,-2.0864500702092856,1.735404570031288,0
2.614129902791617,0.5560552821169273,-0.09397219423928849,-0.1658849519147103,-1.8137890088227442,-2.5643362344902347,-2.4076920529949017,0.2925690570110637,-1.2731027352879232,1.0963418100896236,-1.2545692909944615,-4.288339854962282,-3.0736043169973977,3.1529791846420254,-0.816452570302086,-1.8023492598174928,-2.961915944789842,1.5040803586693157,-4.120560487337579,-0.44491306785049245,2
-5.2537323426526354,-1.028202467075551,-0.45254609189457384,-1.8384714341975807,-0.8943751786343299,-8.990950482357533,1.5128845519861078,0.6352442952089972,5.661833701396263,-0.8593570699520245,-0.6629572950435719,-11.304550173647346,-9.818034296034819,6.779049163431876,1.4453052762351244,-2.4554171270659797,3.193613821586746,-3.478522559513458,2.2004919818684456,-0.9999726365667172,0
2.5850118178808494,-2.155757027189885,-0.21334091130424748,-4.333143174824247,-2.5470077957711745,-3.014115837708463,-2.451397341272674,1.1595281639899235,-10.573121856934135,4.3533284607700935,1.0666370392757456,-8.453930206694833,10.284837663137871,-4.145609744879417,1.725656962577419,-4.539861148448329,1.938296289737778,-3.0789396015587602,-4.5514266689435,4.835909011305519,1
-1.091893121921952,1.8633062480150793,-0.7924292835453154,0.8184638456304769,-0.5590493119682527,-8.006492519227535,-1.37306980038174,-3.3063644910318986,4.5909657707989515,4.168409791488025,-0.3254721178213016,-0.8954412358353394,4.295141610871619,2.643295907003474,-0.6640491082408226,0.21711128944324454,-8.144826257420624,3.7624349874119405,-0.4600106662332808,1.0425562343971735,2
0.5940129734033417,1.467948159812851,2.992689180956944,1.1209765712303685,3.038222463125443,9.461273689856654,-0.46506970098829203,5.939653795678356,-4.605785711735473,0.8478152270066425,0.9241011267388124,1.1232616837113805,-0.6818703568370186,0.40937357225192295,3.3151254440934492,-0.48025427388875164,-6.007508303940647,-3.069658713673897,0.010617042192339499,0.8014223140527457,1
0.3212013117910053,3.787276814337004,2.52848981678329,1.880406171617011,6.957714815365058,3.022532470387191,4.7003366837053075,-2.78132427071636,9.400798153187353,-3.093868484673364,-4.13296680197441,-0.7823937150745865,-17.099564387402378,6.468489620063323,-3.1724283108606803,0.14503196950426844,-3.0174602207079517,2.3549074250067243,1.4595978902469537,-5.006103660591968,1
0.7046866535205343,-2.2010715484046717,0.9615179794150454,-1.2442209437110905,2.2814610822273185,4.960880685163895,-1.0482864577861308,2.3661681182272085,-5.434600465999749,-0.6624240815007771,0.36304412147230036,0.3523028944804932,-0.8022963486276785,-0.5025722044874765,0.12256117372734865,-1.2439765783398031,0.12095943018875122,-0.46466376460977876,-4.2135210236706655,-0.8236214050887405,0
1.2875846563468785,1.9480571814076684,-0.9639220223521944,-1.499257033575029,-2.6744620169748687,-4.638554649769339,-0.7591837863071692,-0.9771625187333817,2.607750195387706,1.517387464162526,-1.3131261916978867,-6.060980842133419,0.855611815880605,4.768182291127767,-0.8838453906135939,0.27509962722314496,-4.654431369834919,-0.07473483095404543,-3.9597447786819533,2.9371088849412406,2
-1.6014231139166157,0.3631314374695036,-0.8964682048979171,3.183408888538256,-4.999541275746358,-8.30602670017523,-1.4000866969038488,-1.9727797509744294,0.7598408508325136,-3.9527478852198583,0.2815596916077967,1.378299249616898,-7.00650366138052,1.9409130300837782,0.17577263934165632,-2.2107745660756852,5.989770235564467,1.0680581310739532,-0.0048329444014023615,0.36696596045179664,2
-1.0440685893930794,-1.8739387075668228,-1.7912514758496885,-1.8645263479830478,-0.597248931987874,-7.579708491390765,6.7192893340735065,-3.169402658720899,11.087567006865125,4.682351370052256,6.286632800942695,5.09156363371387,5.084505536459431,-1.7237874701213927,1.3272151357793338,2.6972167198952293,-2.433430303013309,2.0070754052795836,2.1509240178525237,-3.483678860243785,1
4.750272396274024,2.659677872341028,0.33729134437131103,-2.460343554124407,-3.297025332659057,0.6892077015669881,-1.6664706612750924,-1.9718514893981967,6.914814683602617,1.2163606729809358,-3.004157890067269,-5.186327390965909,0.5611779285581477,3.3253823751545397,-1.1197772559762376,3.56803072105215,-4.490349120455939,0.406471232190585,-2.761970758092019,0.48161452532574267,2
3.0188415765037346,1.6257459569181685,-1.9329311887624638,-0.08577393268598343,3.2471198731546034,9.789924661434982,2.071924939910515,1.62389486219053,-0.8952258166404711,1.0411384236909726,2.936695908834418,7.244585416239339,8.146130117769802,-3.457203166997888,0.1722120096259785,4.375368132468495,-2.868631857634693,-0.995642365829714,1.4437920619419053,-1.9417300006357403,1
-1.4975999787237868,5.012867877016002,-4.410323471469988,1.9943233994103662,0.9234082538279507,2.2698617670965495,-3.3660916149704647,1.937962446339462,-8.74323389076866,0.8699811100434569,-1.1287023782143315,3.6211393685996356,13.884149390950547,-1.488093382073795,-0.0054023330015414706,1.686796009640171,-5.30549133292304,0.3042976592933906,0.8699904922869766,5.888775761269332,2
-6.660477686192001,-2.052966317631229,-1.8681895457196185,4.210265672907813,-0.7720922020193102,-3.9392107065804174,-1.9789554655416643,-4.416758043945031,-0.9139298590708813,-1.9892455679909902,-2.0169460203215572,2.127912622895659,-6.048882699245518,-0.05856116177610904,-7.571576931470755,-3.1248257105603305,12.080088304553978,2.2358288611016732,-0.21867713030157132,-3.691038434901147,2
-5.695752409460119,0.04003865594867406,4.810636609021716,4.754399005077279,2.9756860046727063,-2.7638244013385216,0.0981701520538083,-5.468914260578028,5.595326342103485,0.8601505852631132,-1.687514693810175,0.035146869422445715,-3.597377827136335,2.9032799480660096,0.9990533177136841,-3.125136822847057,0.21089457289492186,-3.0896000627110163,-3.092652981333015,1.5595634391487465,0
1.3083550938045767,6.318199812174055,-2.8157749040149946,-3.285308579915637,1.1955832538183258,1.6944084178245997,0.5785335079509133,1.0042411157848772,-1.000560682818831,-0.020313797139909884,-0.6876279721628686,-3.8655090000563406,-1.4298954925899354,2.611838602168165,-2.19309265297905,0.4131083175711773,-2.0143304693723314,0.7542064830253132,0.013500404941747868,-0.6268505483496727,1
0.779765372478997,-1.461588417413541,0.6449541157358931,-0.8552163190606112,3.7895062793443772,3.986749406076098,2.243200199187212,0.02320929231904878,5.215745319661239,3.8488779246290283,2.050648817057875,3.5883348869715563,7.529017670441337,-2.7683339710720194,2.637464307358272,3.90131319808737,-5.92972831994917,-0.2752896308512274,3.4507012510854302,-2.5625724351453454,1
2.627961841830412,0.3281754572985174,-1.4477263338365274,-0.7384429999590095,1.3086197975150813,5.817283374348928,-2.096660344743392,1.4801517883170576,-5.432567390778018,0.8940597835761205,-0.6698418046724202,-2.7113100229637794,5.525226440754399,-2.570466535876749,1.099530118919498,0.14399444786005688,2.4619390728225925,-3.5555892367418,-0.13829929555331733,-0.9781031112311829,1
-2.625058840980604,3.592958141255739,2.8089029883110097,-0.7385941590292739,2.6581623667174012,1.008265129677401,-0.5041716794501352,-1.7765130649657048,2.126428979495592,2.1830085124824357,0.4098272182059821,0.4150835553855651,1.7548585314523657,1.1969898740970162,0.5099287973712885,-0.597528967161956,-5.337736826191365,-0.055865859567268195,-1.4558107837621357,1.8380184551188938,0
4.711969528572179,3.3913783202911203,-1.78228620200637,-5.078258286933475,-1.4297056545114284,-6.350385386317309,3.725103187318263,-1.397070727987106,10.888672625913557,0.39279993319385587,-4.639585152154669,-9.814799143138403,-8.757503247604813,4.202112987610063,0.45566410681294245,2.0487681026334768,-2.377213486773556,3.171577676720852,2.5335860642675874,-3.660509320690354,1
1.2594923837040737,0.3549251188498801,0.21069780361713675,0.45782405594878317,1.7516550422082597,0.9626422051709976,1.9251130906710607,2.9329775822586432,-2.0809083903080814,0.6102473300148754,-0.32623496922542183,-3.4818694607800977,-2.1738111922509646,-0.303912449012228,3.9018502334932763,-1.8497474352253933,0.0651841310497892,-3.1172580852529457,2.2560022034895493,-0.6701655288745841,1
0.34129462042982406,-3.465305058131819,-2.5819437735485256,-2.6237088531648394,-1.0188252128353965,-5.319926302157236,2.6077424122961705,-0.19465014370201894,2.253953866095837,1.9980443155984957,3.301017554724742,1.2536467050585587,4.946341080689904,-3.824001855765519,3.760555516372275,0.8215857672365298,2.793305975727569,0.334862207277999,1.5852902517165834,-3.166990702807391,1
-0.5173194197511484,1.760003118956719,-2.040397012090077,2.68079918016617,-3.173964884248728,-1.3275191965400968,-0.7162592004012245,-0.8807418818132966,1.3686600703140122,-0.19356243735806677,1.9185227975739285,3.1452876212143894,1.2216912511727558,1.7357475839626813,-2.151710464597175,1.1201979201930183,0.417884069416806,-0.1465564558980863,-0.6659754219187586,0.2827904200167821,2
-0.5697439054096907,-1.4740674753380383,1.7505645055542403,-3.0039609404391565,2.371999853000017,-6.242839742193774,0.8224716420276352,1.2183693306461407,-0.26947759328108756,2.042715389044363,0.3444361580425839,-1.7783520562142112,2.4758685287563638,3.1134754365301553,3.6943873752853333,-1.0372865594980258,-12.40819056978183,3.295690683043804,-4.610959870043264,4.698566132139998,0
4.055791712451658,0.7699617011716864,-0.4141370075193923,-2.53973002301681,0.5337547882065212,5.02888368202971,0.7986823621215855,-5.700626560793214,-8.744576352261056,-2.3084092303504304,1.2772654441414468,-3.382704512126727,6.328304610829489,-6.056794597333338,-6.865417792350443,-2.504248589522563,13.433172484297767,-5.046419153775554,-1.1753134528178433,4.251318937460713,1
-1.0807654388224563,-1.7669933288561757,1.6099289151812703,-0.6133921978336987,4.05752009415709,-4.77112900622321,4.6628137382248065,-2.8974694084488735,5.1026880446914555,4.006973600508898,3.6007219566316424,-3.642111117312658,-0.46989612440525275,3.889166946808712,-3.805026183933153,-1.4006688110022605,-7.128401261592269,0.21783048545782835,0.6860669074531305,0.9209425572203032,0
1.0538430410974327,-2.5441864884472998,4.142632608945856,-1.7255724593201238,5.812835887745915,3.754237600377851,-0.34255547874425973,0.5113195730039946,-4.9829232741912985,5.726781093569245,3.471034744964438,1.1783916173440843,12.106937014333857,-0.5778742401395645,-0.2830795037316536,-0.5977914432926151,-14.999158301994608,0.6272986164508332,-4.693655803149188,6.074731663528432,0
-2.371889780436868,1.2134507090856035,-1.6005603970631412,2.2759546723975683,-0.5912803704400088,-5.582338730971045,-1.287981708641282,-1.268940868831757,-1.4942411514892218,-0.5313859842405391,-4.229615541787249,-2.6401899014799457,-0.5170135095714756,1.7426872171191075,-2.6663338371398773,-1.2425647545312826,-0.5153202134697679,2.4779215603481326,1.9559431620077856,3.143154443402846,2
0.07907021062795683,1.9794023765560496,0.41916313804266214,-0.09886939896335645,-1.8122830230001545,-0.8200444249394798,-2.2408158316241353,-4.6856555757355345,2.7564150940316194,-0.2934633610511317,1.249963696545172,1.1592944685640674,-2.6878488381200327,-1.9690944528622287,-3.484587161490442,-0.6438705742543087,6.73397700426914,1.4860683807537378,2.1880756344262093,-4.179730397223562,2
-2.221136381079247,0.2902516505245383,-2.1509713877062957,0.04879318709182989,-1.3428824371885741,-1.9502188674812149,-2.2928690854129705,2.0335018299692242,-4.500892860893172,-2.457866382769314,-2.414300157883333,-5.4355104332682025,-1.984009241999146,3.706725566354168,-3.3411416046335365,-0.761433102882372,0.9482039779444115,-0.26591706387485625,0.8411846287051835,3.400153597217091,2
0.29174350575099095,2.141551542271025,-2.4446517026504084,-0.7230297722990628,-3.177302139710358,-1.3866292888767404,-0.10777631985565272,-0.8903986875362895,3.7103419780479276,-3.1793481628906752,-5.443586292482285,-5.936875408643704,-2.805895848150319,0.013165666800979303,2.7864787824518307,1.5346513261971868,9.228153040954226,-3.709397883039218,2.342219906928924,-0.7693978717918604,0
-1.5153118525250395,2.458666000480047,-4.119971508778119,-0.9119259478623809,-0.6860647483094355,4.334610677669672,-1.7251195245195534,2.5084649668095347,-5.9486099817478255,2.5009351020522033,3.6621502308926845,2.768582001484458,10.865684490348052,-3.174409695970416,0.24616048722772776,1.016749065396738,2.1213819598637924,-2.783305736182479,-0.3494780508627593,-0.5753983049769211,1
-0.805198084083415,3.166044380155707,-1.6210073937338512,4.174056970954796,-1.821102251011569,0.21496449086272484,-2.6138989565786566,0.9335683998351569,-2.4865821113104025,-0.8660739455363957,2.310923440799362,8.522251627926053,3.1678803785064162,1.4195106206698052,-0.8737225615891895,1.3517943990598429,-5.335910878902248,2.720209344322708,-0.9132730042331305,1.9779462711467422,2
4.861342660884063,0.8730173305388964,1.5864879743004323,-0.9104956991569082,-0.6786893688845921,0.25028459433108563,2.5486285989906166,-0.14666990019165604,10.639064770341415,-1.1439497314911318,-1.5893505130884034,-0.45047060247352255,-8.003370002288973,3.505479688047954,0.7786465308533148,4.093185515625055,-6.215976041377873,3.039713976617125,2.6267256887795627,-2.9457901789886565,1
-0.3089925149166173,1.636799434259307,-2.365810450266955,0.7240800830729897,0.9599083211586911,4.77965739164255,5.808353952408944,1.0267061436067473,7.166758006868203,-0.8428707960054476,-1.307003691760992,-0.7849072495689081,-1.159246931705382,2.2731304753270374,0.20196334296371155,4.162446406986586,2.1605134383452977,-5.056542042743365,1.828570050916436,-1.1289891841956683,0
-1.1274336649235175,1.1559960873652804,-1.895540920683148,1.4445424091435564,-0.02732038603047382,-0.43628826367047546,-0.6786746792739383,0.6869800759745217,-2.116225847419263,-1.6687103471883962,0.5282954085671439,-0.45224028771268016,-1.7831298020064683,2.2685227510046477,-3.3969350415966204,-0.07555033230571051,0.3048291522475076,0.363737449496793,2.5279901537805545,0.5959152943456163,2
-3.5007823113716356,-1.2692575303804348,1.058020187063208,2.266921636877287,-1.0260046945876202,-2.071889237051349,0.03216666403568902,-4.663358568062896,6.9105507490726,1.5656760544623913,-1.547002958514435,2.334316110640404,-2.452809223781642,1.852766974571896,-6.014301862129555,0.5990958504775301,0.9946030456184609,2.8906339886159964,-2.451009773280136,-1.562724582679802,2
2.1123698665724056,-0.10824789245944122,-0.07046413375382277,-2.755930780639664,1.902708788132649,2.376822847764912,-0.5142265107110082,0.9548781758638831,-6.834937909409244,0.421637367204333,1.2082679097102356,-1.1011041591489974,7.605826539394795,-2.280308849295711,0.6988463388678865,-0.42839301633429416,-2.499127990450696,-1.0516936155489904,-1.6234950430125736,4.157300624288316,1
-1.8050603971331174,0.6312748505514838,-2.525216222824513,-3.006274579187554,2.339675593898341,-3.6364713310849712,0.32769251014520706,-2.0955698074885714,2.974927406755477,-0.8811339752840337,-0.5897362153242398,-5.481913330748053,1.773831194487585,2.2682326620647775,1.1195275414542198,1.0887665964052897,1.2961066792121132,-2.0212947070766925,1.2105928844038996,-0.5066948901386676,0
-0.4337678595917054,3.2237554809912443,-4.930007664268982,-2.7045592910509226,3.9496821870945817,3.6714345139436317,1.1772206743597073,-2.9777876495563715,-1.6900736015755073,0.7111247321474714,-0.22833527600251347,1.4387174477747726,13.874002551346473,-2.729117463396992,-2.209907471477425,3.7207942161077527,0.8010690172574451,-1.4998738249059818,-0.16139326126761477,1.946173292655622,1
0.040146607981504934,-0.8306973553874224,-2.6427422470930018,-2.743437759901048,-2.8068018448465724,-4.363750482561414,-2.2456169424255097,0.11944355536628404,-3.716792981869207,-3.1951546350312183,-2.1338260549271073,-9.846634857185931,-1.800501992502289,1.8199819647637983,0.03328145973563368,-1.7011609157186123,7.9246507683058045,-3.5005646605611167,-0.4969638347343006,1.6984419481637474,2
3.279081807428848,2.8262030968304206,2.7751532297686614,-2.600651748877421,-2.1010551829593647,-2.371884944844683,-2.3251807707153147,-1.9116568771878562,1.6707792393616134,-3.053989511870853,2.065561895693142,-0.05299542030343196,-6.917893676217135,-0.689985649933285,1.900738370140603,-1.0478180699727475,1.4818866078128887,2.4686680177353084,2.748299463704043,-1.7761396329508967,2
1.7592871384746906,2.9582897638231476,2.604137422372084,-2.818748142913857,3.326210763543573,6.451008283263154,1.6010790598208096,-0.025585103654636177,1.238975006335872,-1.4044052124506812,-0.2644423641726721,-2.2365820437780393,-8.539075016983919,1.7009612103118004,-2.7806393826595794,-0.6653339872785176,0.19993964990582347,0.06846759149913684,-0.5444252316493636,-2.577480440233984,1
-3.78111185134904,-1.568280516158913,2.304297965014063,-0.6523724115919373,-1.0305651232925692,-8.006341893830674,-3.7632592848368285,-3.037485143875413,4.650903901138327,3.1485485149843284,-0.6397624143432302,-2.2337740469823326,3.991494113232675,0.6791013262758112,3.650692355282977,-0.652466675061577,-4.121861505734493,1.3217554549887751,-0.7307362121627647,1.1027798878885726,0
-3.6396910221600227,0.5999729768697151,-1.3884291482541067,1.2524545174960877,-1.5452380550709153,-1.9731031499249216,-1.7933037276525583,0.10924223354156415,-6.602695620205749,-6.335627129398809,-3.692953363256927,-2.827090450492168,-6.821035693705463,-0.8699379392927573,-2.5145252183966194,-3.0954850488952528,12.216669699241166,-0.8211679107049474,3.9385445852086987,2.0388108866841725,2
-0.7755918772626083,2.0874365273275988,-6.437016503252763,-4.5223105684982965,0.1329807866959043,-13.02478182085423,-0.4299748050034842,-3.0873752833714745,-3.972939802411255,3.196079584934549,1.3115719201457892,-9.138805782800517,8.787713201793272,0.45713092804361244,-0.11270297627569836,-3.0084786487576656,0.857406896870693,0.42354846751766173,-0.06209617269535617,1.5674616010644673,1
4.013249628076637,2.9123344197242176,-1.1502153748474615,-1.0408200730393546,-1.160215977217291,2.7751032998050844,-4.183909114564994,1.0163368323817425,-1.6500923977333302,0.9267499034463609,-4.672139717470189,-1.5602381459367203,5.011043785575357,0.6351759800620671,0.6790109653063447,2.6423074031628593,-6.499629277531994,2.5110871069911265,-2.9627139706459764,1.616967802903443,2
1.5129555793582048,-1.4030144932219972,2.650194044764213,-3.495334037719184,-0.5256020119701139,-5.990596704352821,0.36604806411568713,1.029583748460574,-3.006854745917903,-1.4068750342299174,-3.1372204381006026,-14.941081611149079,-12.712834808566324,2.843174860681186,-1.1026281785242569,-6.176982688873447,3.915909182214159,-0.7817219493239684,2.3361411516315798,1.1318088650747322,2
-4.134064328497683,2.731338211892778,-3.6409587107444126,7.54671116369425,1.7535056074990227,0.2180361897748797,-1.6352871468984662,4.134435185817571,-5.879536968443238,-0.8963710794252182,-4.591090395417888,6.357443014885346,2.51539422907414,2.974686716475075,-3.1536090005145554,1.3780547452582015,-9.263822028522306,5.079100640035572,3.553184220092095,4.611265708252757,2
4.714033881541594,-1.6480969660714746,2.152214364217556,-2.3749521907317765,1.0302073657675068,3.9485039819052,3.793867326866904,-0.28571518287225683,5.191858512966244,3.053954439073166,1.2119162771290686,1.7185599093198753,6.353912884303304,-2.583118577507017,1.646356224768438,3.8710077777535936,-6.469439192918352,-0.15676683272003322,0.33943977089958155,1.1235260712174897,1
-0.06969622618196603,1.4470819528552665,-1.3984389792479397,2.5986220562697775,5.164710038926767,8.75324585899334,5.119422855951615,-1.3687016013246591,4.6374430647113165,0.8338800422907435,2.8502929089912614,10.037535251539733,10.254081566990418,-2.817946293624402,0.12710880195483143,6.028829664232792,-3.2700474339942898,-2.8534261867322974,3.389815984717013,0.07939555715182212,1
-0.313972170370011,3.977398814721423,-0.8055018453503499,2.732040400398661,-2.7195008629488058,-6.100201361865449,-1.819679400416386,-2.847227197450481,4.3347480884067515,0.021361385888154727,0.9930893543828383,6.273047631670892,1.6866736204837662,2.2332161552677547,0.9301408186010032,1.5181082500439005,-6.350181456565225,4.397209127203256,-1.0679612976739126,1.376972789520841,2
2.4109670933312266,-2.2760862509377375,0.7850660807487206,1.1965335597135072,-3.2604509358131537,-10.010767268308742,3.3218841709255633,-0.8593928580257297,2.639566496515325,-0.3330141751700282,-2.0584363864606114,-6.756025749537272,-6.8999366426507995,0.511861680307389,3.0015055482127755,-3.3704934988727118,3.2363442739119797,-0.7795186689934692,2.8232742315614594,1.2926049852057888,1
1.9624846496069233,3.522931196689391,-1.0369156967070776,-0.8421759606578907,-2.3098205756800523,-4.490301721290926,-1.2278845839655543,0.020615117410364148,-4.153403388552787,-1.665302470785638,2.159020361640327,-1.536211017011097,-0.5833977283827851,-0.45676283746731317,3.256105903684606,-2.6455066479483333,2.080272436079207,-0.8674704068093801,0.41732577623127676,1.5666151390266867,2
3.1492018944302913,-0.4188071092399335,-2.69244017651093,-5.3118518018338445,-4.592784563633566,-10.9329833242655,1.4116287445749662,0.43899196827646836,3.6207012219804757,1.7017470509394563,0.8816859910810017,-7.468278832794137,-1.6882022759371431,0.14939210347617626,3.160455955535118,-0.5239299230064787,0.5127924374552806,2.318229739413831,2.4426344150948522,-2.148486509530939,1
0.25551656573483683,-2.2953997311604106,1.7501603545773685,-2.4248821346032345,-3.935887138812562,-9.625964977001978,0.5067284500935134,-4.073382838930797,8.815689626397255,-0.85595338263534,-1.6200139551865447,-8.406980532258713,-7.247488221797333,4.928377294818256,-0.87725799907364,-0.5894183928955208,1.3872527996368336,0.2395387360185668,-1.8819534112032628,0.8565387035789558,2
-0.6571390568708694,-0.33275494534086336,-2.1046818407360033,2.758122748004925,-2.1706862291929636,-1.0181009992750156,-2.1510900013181304,0.17872125766436286,-7.516526764123855,-4.621028554685049,-1.986331234727225,0.057808239020510216,-4.821499524149384,-3.2008649470679416,-0.37647223851596445,-3.4513775155403423,13.113368232441506,-1.1571669928602013,2.236044827972704,-1.3690701558266163,2
1.779297021058659,2.399882543408238,-4.291351664691926,-3.313337374964293,2.68836491668,4.688065832625006,-0.14436682025007186,-2.5613058202363224,-5.230209915620461,0.8667570464613789,1.6054468056231004,0.08285987863153488,14.048708986883572,-3.9492864969495667,-2.8396882098680356,2.2182295231821625,2.7747391289205012,-2.497317656907737,-0.7468379155366269,1.8667159860096274,1
2.8140982388712135,2.1249204613803245,-0.016874586236318434,-1.2587136653006443,0.3235745317469638,-5.793468617197855,5.861956851495665,-0.4555961684596672,13.294194339039517,-0.32833465418522034,-2.9627758441206455,-5.8359064169915555,-16.53519074638134,5.549884840605603,1.6487114198948452,0.5518100746872201,-1.9149328539726678,2.789203142984286,3.5929214919663264,-7.1519715553943675,1
-2.8427020589126126,1.4805302673787462,-0.14017883538814147,-3.2863542475232705,-3.015440561239828,-11.621267500405864,1.322338221168723,-0.3579231308473627,6.108690060309339,-0.044958325067862015,-1.558572918148571,-9.27945430215175,-10.240516006582869,6.788628273218854,1.5466345300875843,-2.829911973631491,-0.5711194568450777,1.0341692640178164,-2.479282989214374,-0.005407260007348258,0
-0.3663893520518102,3.7362373662121215,-3.0712084969937505,-5.615308280622617,2.108237158634707,4.757767769417849,-0.8280875262632073,-1.1274182166474338,2.117285325850883,1.6997641411507063,0.8317896872780359,-1.503073088028923,4.783734482455004,-1.0376036700602862,-2.53849668150761,3.1179676494647754,1.5871589611593828,0.2647827299689429,0.5388293479542685,-4.604863099148461,1
0.3572384610793857,2.8513086771031535,-0.9673052685910101,-2.2923808721131174,1.7910139093322202,7.113532582304883,-0.15993964924973492,1.1993752995658966,-6.085019307780718,-1.77265562189918,-0.30828912613577053,-1.9575860824076352,0.16124198801174328,-2.7307769135866513,-1.4739082070238227,-0.9957003074705775,7.137822292472609,-3.190624734438532,0.9136574292256691,-0.6088977936938216,1
0.36340308225511064,-0.21258359720038622,0.2730084962516087,0.013557309592413969,1.8867341530925184,6.006704706696747,0.6472673566388585,2.884370048895238,-5.790385280291545,0.0010258172783282893,-0.7319137879933859,0.7158908101058408,-0.23262799174148657,-2.242598600956163,-1.44892051835805,-1.0860097859662776,1.4854975386885414,-0.44330058340840006,0.07875120649076894,0.001338659421039834,0
0.5277807459030901,1.0485044696114172,-1.659783827619499,0.23996607396370606,-1.0087471474800733,0.43258108727708006,-4.6217685849957,1.1074456373017751,-4.529982310672221,-1.8283217059644061,-2.499046387315519,-2.686276268784353,-2.566096395664957,1.7610733452961265,-3.263842605243825,-0.46543457288902035,0.5917139394261745,2.356409454321175,0.5692617309552047,-0.6402720849390098,2
2.082276111447756,3.211412430419511,-1.2507293183012047,0.08784627983667193,2.3536150102788005,10.614402797575355,-1.0763321669171573,3.7474871030369106,-0.7938910435722701,3.5524156811872216,2.191879493508415,4.816848892828555,12.084743821730074,-0.5642895344070626,1.4158936899564942,5.438415376889877,-10.425627452963921,-1.7404921644430718,0.2838370741188725,0.6642038979027367,1
0.6194593367577174,0.30029212009225803,-3.1681027451227397,-2.1491569380009947,0.037623638674068594,0.45501875390183616,1.57626829637754,0.848734029658921,1.6730809720489066,3.8060193131559634,2.367042301243673,3.128607292072183,12.074087324131899,-2.7935766709634007,2.1925947064397246,3.8929555101507782,-4.365629911594796,0.14472018889212768,0.6434077489534158,0.029224208833514398,1
-0.9053367401910155,-1.1648188977627647,2.2956247901796196,-3.057125646289215,2.776121187508715,3.1174507588592126,1.4005527921274892,2.2073238789374234,1.6065119442700149,3.4603367853042983,2.0691897482439106,0.936341144618948,4.06687665431811,0.6645829412273097,1.6947208358662538,1.328776133980448,-8.728592490833499,0.34160611731652835,-3.012335861652536,0.986933228698092,0
-5.899651541103545,-2.556917189499586,-1.4377971032809471,-4.422440251774499,-0.4401231813384203,-10.652596315858249,2.230973993619399,0.62594416866442,5.001371707331915,1.3410308207292554,-1.8433421863116872,-10.567257307218535,-3.4082735604533783,2.7106391757601664,2.1323832836700802,-1.484252607061472,2.5099982722599186,-0.7745225910642198,3.5553428945464853,-0.44016963118107966,0
1.729998183137428,-3.4156503184821814,-3.3289287536530243,-0.7131905845687402,-1.7078409892953488,-17.445074408300147,3.7952737036473687,-2.3873592414144564,5.227480445425898,3.6334289797957737,-0.6193512933633067,-10.16359238935913,-0.5690802937952736,0.5603960750390464,5.77011634616598,-3.1627278737113826,1.5442849325246268,-0.5191579313052708,3.6696365076936446,-2.228734272684018,1
-0.7667901973660571,-2.0319992957793858,2.986466560058148,-1.9547740118408776,0.48156543218329606,-0.9921570551467627,0.1508259762593468,5.724463790571981,-4.535352912590653,1.0419254694562599,-0.16245213994574192,-3.0593008519619893,-4.866556359578202,2.04723684879352,3.0457113291045266,-3.3047028946543984,-6.455860496668517,1.4070389135857764,-3.229727409398679,2.2416005741260054,0
-0.08081319255831354,1.9749022972905772,4.488019149843851,0.24024681068279818,3.0245460020537416,1.380400239154563,3.840129829330814,3.281020899073754,-2.738440862340122,-1.0154145930867582,-2.877064964696003,-3.1378656261090057,-9.412300181441426,3.7490864439768297,3.216931911377391,-4.473675123989685,-5.1650974162610375,-1.378402797288346,-5.623099325465611,4.663173349535171,0
-0.4819026000309514,1.5349252580127788,-0.8240440916232106,0.06049423147288624,-1.5022714628962914,-3.489258361813924,2.83118614480815,2.3328114292701665,12.308735307167192,2.537744970025758,0.44462949662506723,0.29267525612961315,-7.4348118497728155,3.9972286484928476,3.6848126626417397,2.955639278784634,-5.671764488028637,2.3697774354902057,3.595018319726555,-7.025930977526509,1
0.4621529259115431,6.000552403602793,-6.856336974195469,0.8366995951261162,4.1836348370056555,11.927398896713644,-0.727012655478025,2.9976879746383807,-11.584909113118433,0.719726193621514,2.3823551242515015,5.939837296307616,19.082661906178096,-3.4459241591205036,-0.6603877513920839,3.541529768498742,-1.4567233574688068,-5.084271423982339,-0.9369998834458673,3.6879050228857944,1
4.86427074199062,0.03988239758303036,-1.0194840388178124,-1.402043840270721,-1.291557722222427,-1.5197198803717513,-1.7997826605545924,2.9089021277219484,-5.934947085368566,-1.7877512437560348,-0.9282299061856287,-7.0310989412744895,-6.33560057614778,1.3530265181703762,2.2101734459105877,-3.2940065255043067,2.3051768558920176,-0.8774773044469704,-1.2016479107803333,-1.6983558894870674,2
-1.3353948843719763,3.2585587932625426,1.926777407772815,-1.6748747325833668,2.4797275832746646,3.9206667818234155,2.351496355602481,1.0832236297349869,2.94205839649856,2.3080198864965853,1.538311356494622,-2.6304772403303844,-0.7158132485451285,2.8167772381286076,-0.42670830529062953,0.23762584730423675,-4.835583164227168,-2.7676242426340805,-0.12229966853519647,0.9494325543507253,0
0.2177036276773464,-1.1623800365837087,3.135314109595104,-1.0362102233813217,-0.8769855173713899,3.2162106529656764,0.8983198873031327,3.8299768813955035,6.721926268093426,1.8062849451666327,3.121575293274549,5.130471034946929,-4.408561386996582,0.3734624091089598,3.0171297026212156,2.7583940312557123,-6.677289407672845,2.729163874134973,1.833728968386118,-4.552720806668093,1
-4.1258737294648515,1.8264831400446457,-0.8048788282786878,0.3756438197034624,3.1276156134500632,2.1542615462821013,1.224684306212001,2.962425990198136,8.882680847673184,3.4389813096917536,0.5487038462593503,3.659757554694948,-4.52287413504998,2.959474879029858,2.952845674461999,2.6695231090207887,-6.075217373141131,2.214272668793731,1.7314051390334502,-8.89538991896402,1
0.8676508187889362,-0.4706514274018945,-1.182726291880415,0.9487982661557681,-1.542005867250397,-1.5614699383737443,0.25312197652447477,-1.5102868113754193,-2.38063043665355,-3.0249562420880416,-2.345312314204052,-2.157397438187232,-2.8639418966511134,-3.0926527765747105,0.7611138028033708,-1.8926721757938225,10.888968140981646,-2.190393052195068,2.2615890334809308,-0.791952935506105,2
-1.2880170378821703,1.4016099216421698,-1.9490347179963483,1.8195187332224887,-2.479949957295367,-4.122062045726511,-2.799624134835454,-2.187749086392421,-3.0350421608683504,-3.380283442752079,-1.5077888824818217,1.723331962143876,-2.3487632183185614,-1.6801828361211344,0.15271382146521928,-1.9448050901651595,8.195436217227842,1.1811000239157312,0.38739512459707603,-0.8290612602179863,2
-4.333191718908003,1.1303684973931067,-2.4727710227286863,-0.21274436157243892,3.077638727229777,-0.9666749957599418,-2.071623733046599,3.3638639939840855,-12.218970493307324,-1.7978563135031012,-2.1544950205185134,-4.976699897224617,-1.2473004044481248,0.6056476201696384,-3.029255866626603,-4.506162503452602,2.5185139522282887,0.40324445944402043,2.4994666871604627,2.9039809316844485,2
-5.012096081143818,0.1140307429189118,-4.528943743464394,-3.9661314727589767,0.8802445570900798,-8.924186697433905,-0.9792121635720616,0.8564333688183603,0.6508275939683064,4.874713734399894,3.5912815397996916,-2.412502880350192,4.297228726440066,0.6781130316236341,3.162516243332304,-1.5753050268723996,-1.5398897336198685,2.025080428083032,-0.6653740358087379,-5.390200166604574,1
-0.7985598692855767,2.45584564743375,-4.604164091000877,-1.191612507396286,-2.8750496535645826,-2.0347143241351895,-4.319126465911362,-0.2831318167108994,-1.525554315060323,-1.427421511753228,-1.1651267688377187,-3.7015470485200477,5.405806515961967,2.3536493419562623,-1.4551709368410701,2.343216640459641,1.3465001981092508,-0.9633828124605912,0.23848057257250344,1.674581525172841,2
0.8558628069955028,1.081238492590913,-1.1303656491674077,-0.9368791890480133,-3.6301076291736463,6.057688125926307,-2.907837587675006,2.551585917932292,-6.006537058232341,-2.3966592765314236,-1.8962241299970146,-5.357388494489444,-3.407212423725529,0.6256453351843412,-4.404039323714673,-0.9400746614216298,8.463122430320308,-3.488748095661993,-1.750761555636931,0.3339565835452831,2
2.2957629701998497,1.5858222792034113,1.7651209119008526,0.594334124932419,3.9670393129463895,6.846199939210948,0.7010203970613752,1.0355430700070876,-7.116586038071194,2.0281896808867366,-1.205425741474949,5.135894219998723,5.814012771085727,-4.104751433391267,-0.8873366311227606,-0.8914163261430916,-5.598579670695209,2.4314700810803207,-2.675750119051461,3.1544640971588427,0
-2.3101601327170584,-0.7372538203698232,-3.1983022403214356,-0.6619627502199965,-0.5194770689589838,-4.603866908811121,4.896590863972913,1.6798441388911993,2.745751730908689,1.7129282628505924,-0.45053717977506325,-5.002065487230395,-3.5161383484694886,1.624867062509614,-2.9563134307809813,-0.45890431849658575,2.2966610330667945,0.07199855619197781,4.6995859517545195,-1.5342285604384975,0
-2.215928999208506,4.4627508124061155,-2.238305249890523,3.581467024179952,1.1893420977668616,-9.688369910638666,-0.6949546345715814,0.5102363232105906,-3.698078177740021,-1.4139853272761584,4.8128800669143565,8.808875392541633,5.267264285973055,3.107703597482563,4.627536263696043,-0.6673056977439853,-12.813524261783586,4.469942153377695,0.7893538481416564,6.142822175855355,2
3.140965928617609,1.7256051210230834,4.800940283333173,-2.5736646927005173,-0.6963131549755891,3.4452976641287374,0.25542546662095367,3.7054671104718526,-6.590336957488939,-5.333453382845212,0.03585296768439106,-5.071464976786963,-13.16239764029784,-1.2806819015672302,0.6123236649147381,-4.384244755928549,5.193954007679096,-1.1093270454591249,5.284892474760147,1.9092887151670364,2
1.916385500263258,2.1020433841254045,1.2197898663161215,-2.780145659528598,0.3705178638533666,5.740919757953709,-1.1043451034241403,1.2492309428691737,-4.10825735369234,1.8726284761628171,-0.0800074235958812,-5.308674754737809,1.6392324466367914,-1.777331181039937,-0.9770473383424301,-1.4663864904401946,2.0494052090649078,-3.187443928391804,-0.16978756724863042,0.29587330331798545,1
0.5891234985230369,-1.2451817799736475,2.480379360953322,-2.8831600634220154,-0.6072519568408488,-0.09731745008416551,-1.0826388670061204,1.8784309478925922,-5.527905749786141,2.8618784571751994,2.036136692712577,-5.233737246499685,1.454223942529343,-2.2806094705252287,1.3262349379769796,-3.9493508578077865,0.7920897302846475,-2.067971357230565,-0.8210932832025992,1.383413131380661,1
0.656954640206548,0.33931159392988985,1.4869377356757614,0.8523289044143012,-0.9058048463369794,0.8867389265329109,-0.6562332930623322,2.010366880284258,-0.3876755513764334,-1.2369872029014715,-1.789011711239238,-2.914211825670288,-6.224320512649482,3.9817814451009315,-3.771658461041681,-0.16010796376875713,-4.059937782528754,1.7315916592510816,1.1897713346420509,2.1418634029659485,2
1.3688879191428986,-0.656522484307851,-2.4140179657061958,-3.1018238615142573,-0.9318990467594777,-11.44514268500798,1.7807685424914665,-0.8306714783007878,0.3456581338322343,-1.9871391787434538,-1.8654034442626353,-7.847127934000689,-6.229118500773592,0.34578935898591023,2.651059835654655,-2.8272325908087845,4.239501254447182,2.0559971058528936,4.063689399174078,-1.2267212855382836,1
-1.6371956229437739,1.385273826191577,3.443745814102554,-3.8440373196242437,2.807492978095552,-10.551135780964888,0.30977231433107244,-6.37093896874345,15.61001499240859,6.327487592414651,1.0494257204881445,-3.383359858252455,4.001074456629706,7.9707075313686575,-2.6960337590996737,3.658606723557175,-21.970160763796102,7.536594503325741,-0.04301368794739324,3.182212010351135,2
-0.7366711732202421,1.7489691775747345,0.31937027311326505,0.3600012659687858,-0.43855699552837546,2.320798568137923,-1.4616500741161165,-1.8195205971140342,2.616373888799326,1.238611119116324,-2.043226441181753,-0.7062588852592941,0.4286527673074446,0.05338547767357782,-4.689051758851489,1.4799233263622629,0.026729347277771043,1.4824958065096094,2.366822546155621,-0.6484373443820537,2
4.290979659193296,2.209685397834332,-0.8282909634603444,-2.2802318306948433,1.9878352631849556,-3.1134256317242186,3.136259717279194,-2.83287678156307,2.2820373704868473,-1.7050657763642816,-0.8692505088568288,-3.4977012550839204,-2.7883352547475875,2.399371556724381,-1.9648585730178332,0.39288568735640117,-3.0056725101700703,1.9790416184659252,0.48069118186335213,1.4847471398607825,1
-1.7713547761246398,1.5906519166799948,-0.7667392794774299,1.783690950526322,-2.2911162835297123,-2.5929302768264657,-0.27076498692149664,-0.32138289197212977,-3.051881199962301,-2.936566685875902,-0.9384018066918344,-1.784499534819548,-5.53964352517067,-0.26143123035096694,-2.2152554942937255,-2.7539758714951263,7.793229193954174,-0.7499032118052968,3.4644825142711007,0.9197743196808145,2
2.2065607690258764,1.8336700463624667,0.29392719212256035,3.0795406504829717,-0.1280489087467499,4.381716100500641,-2.3699084162777497,1.4597550556262955,1.8044996140678853,1.051728162910722,-5.43257084291019,3.557944140409165,1.2411908923685875,2.4438015565715574,-2.6125744368506565,3.938783123370407,-10.86686835765936,5.362752263524935,-1.1681292030671746,1.5088504296715155,2
0.7214271018569653,-0.2779320978096298,-3.4832924951260678,-0.7555032682787073,-3.9488701300953784,-6.548683185564493,-1.1247287209202321,-3.296009508592027,5.815217360597305,1.2152845918322477,-2.324817746470295,-6.994138429902211,1.3192360857855205,3.1137976256200592,-1.291096702830929,1.395023676650267,3.066852304288212,-1.2441494239788269,-1.7090495270354689,-1.3401188872643988,2
1.7925519024626648,0.1283069032575863,2.1931709433928983,0.32075460257848265,3.9341604069586893,17.825228726891133,-1.770051437896416,4.793512526979059,-5.382518265674878,2.081238101653519,1.009308289311007,7.44966247329569,9.773460354834665,-3.8068558977933256,1.1858897060754015,3.777193760356081,-5.785291785357612,-2.844778397644142,-3.330389764062873,0.3319364405362335,1
-0.5871441643114403,1.1516874076135903,-3.721499250583288,-0.6188828855920363,0.6372301866141965,1.1699676169856414,0.3336613889023642,1.9746276646057173,-0.6016049088939214,4.407780105666553,0.5634197030898258,0.7041980842647362,11.032609499607508,-2.08260633686685,2.843745236699371,2.295680754440336,-3.031006170483494,-1.539825025290364,0.37362387748482573,-0.6899670180096451,1
-5.01089270794334,0.6634054287256065,-3.1145053260846454,3.6784727085334294,-3.289980534093632,-8.142944807644952,0.13494276573248087,-3.5111890941478547,2.3551729353013577,-0.8770547428094704,0.1253038386595322,1.3470975576748176,-0.5682051483555454,1.2582088453530507,-2.908816299845665,-1.022236340135985,6.356285258452156,0.16726154829332351,1.5578204874146813,0.5058056536958526,2
2.2666176738342445,7.425236886551161,0.6676723817918715,5.655546549298865,-2.442538790079968,6.332243442244201,-3.170898986065899,2.5453439209639788,-0.6196322525072769,-2.0849505284479672,2.0310210201129526,15.524928057074966,1.3160289251222532,0.8496833885370517,-0.4413105672934774,4.390870173954057,-11.804820244906706,6.089600211561168,1.5033260167808247,2.426025003528806,2
1.222651050090199,-2.18876957219304,1.8880473837406861,-3.705749137963561,-1.4582972168895822,-2.936995594450855,-0.8280749270143928,2.3862746511190704,1.0089466629117072,4.112853962588349,2.3587064454536817,0.28366425478895557,3.2594299180373314,-0.1015379207436472,2.5771436443727924,0.3749596341214806,-9.4385192676977,4.055838624733009,-2.804562519513894,0.4139978268803741,1
-2.900672768551805,0.53813346691019,1.8654975924993416,-2.4104731093405927,4.662243114049678,2.186455654878135,4.12112216296425,3.0296756324888627,1.8896359376342322,3.926544624384613,0.5300465140672606,1.0822304157710352,6.076693087402569,0.21975390541735318,2.956094871211474,1.641956926160975,-11.152428089830416,0.16101769550508216,0.3743750442234248,3.8786878182167888,0
-1.0512143527131061,0.1369231992141986,0.8008143316539826,-0.8065456198538428,-1.146746846821212,-7.746826545217325,-0.7994318083184422,-2.8885145209838132,-0.8518898478983996,-3.0494618172890577,-0.24655397064746998,-2.008354141216383,-4.68605303934951,-0.5029905127054084,1.5147919047094485,-3.2687577654645557,5.024764608586043,1.1956541738046154,1.2546105620709902,1.1329324387460202,2
-3.5140014709824894,1.8887175034874217,-1.8245449135371326,-2.2486252841471286,-0.32044176789678724,-9.505412312850313,5.200971350645161,-1.6110012061176717,13.5678974907611,4.358321741683158,0.3263223523511718,2.1670720011033024,3.4924066919890424,4.002333789089975,2.84835112736723,4.104648772106298,-11.24500333376952,4.404676741001583,-1.1492409744610343,0.4768183637287797,0
-2.8113478840472546,0.08045934000203547,-3.3191795107308515,0.39097975516409544,0.4909896504727218,0.09197925544355734,1.4092778155358705,1.2678804955529333,-1.7544718508197819,1.6326412560037358,3.053387881174803,2.795286501515233,5.4175144616217565,-3.7804952550436677,2.29972716818101,-0.0337226960747401,5.2507121357508035,-2.575569752656241,3.1926480996211555,-2.9118789508855576,1
1.8888895657936984,1.640133673986469,-0.16797162061033788,-0.31733188805963974,0.5943956239169913,8.167058216890467,1.4820830227211108,1.489385096105676,-0.4074578441375986,1.0541494553693194,-1.2721774030280513,4.450220699126792,3.6189292195065312,-2.7138531276048825,-0.45427623489382185,2.558945407584946,-0.8052823647514095,0.04548650263358689,-2.322775483982945,-0.42316358865695003,0
-4.310555917206726,-1.9855225724826877,4.574563183326917,2.444637862877201,1.0283980889039281,-0.15147711595084568,4.716814761194012,-0.3427918021068783,13.923805994653224,4.53338720285678,1.6031895497291,5.702938716448698,-2.0260347842247732,2.877009208306318,3.467226109911949,2.5318140841884835,-8.57201409136871,-0.23688601587110758,-2.109200112545863,-1.7136377470388822,0
-3.452036799724458,0.8515079805660288,-0.3641061456331902,1.1128677853645752,-1.2805292636367365,-1.1118441904886556,2.62433065228395,1.3934336879821565,5.362022427367295,0.404757861329861,-3.3705046371526017,-1.121531917326282,-0.6891387749221024,1.2564858830575398,3.1036871828278074,1.6142355775859016,0.4367518356188833,-2.314890023730166,1.0355570911073806,1.3860934587461273,0
-5.070782833165578,0.8619572676040197,-3.0828304129618056,2.0757668524262467,2.3365047709883,-4.082405097380324,0.12550886355161728,1.5034334719533082,-7.862074333787758,-2.7290704605239755,0.49396361673402533,-0.4668509836138204,-1.1497608743926684,1.161786586650588,-2.0664986856863576,-3.2724788204052007,2.6929172237255345,0.08562638296188518,3.7671780913438555,2.7613996811781085,2
-2.4717098226617438,-3.334239967144706,-0.2430575075112702,-2.1799265553629663,-1.8980835887297216,4.544058212250116,-2.8891131540117074,5.340730654909464,-5.334548000317178,6.561223482225873,4.528366611357189,1.3249726351243925,12.802590359259538,-6.639486151346131,5.77415143413928,-0.21234689624127534,1.6530090977058345,-4.3634313481039975,-0.7420436930289429,-2.3541961011898813,1
-0.37104906315085573,0.5609087003988316,0.695154779479294,-0.5450011548023659,3.8317612414494673,0.22282704724471364,1.0440049173932886,-2.0205617779103826,-2.8275041675110604,-0.3945304918796788,-1.7928544171000333,-4.899827414163496,-2.1348799946907207,1.1794066690127207,-2.129187911627669,-3.047737939238849,1.829838099924756,-1.724864666568923,-1.949942266839098,1.3688850219047046,0
-2.854442559178646,0.18824652096792638,-0.283994150002574,-1.1050138926925723,1.713706853070518,-2.683916141982728,1.0781610009991933,0.014574515774945729,-0.29231066510786274,0.06126096833159922,0.09340680669662138,-4.507316757792836,-1.757588109972398,3.8697166539667176,-3.424967099572681,-1.1233515748573637,-2.4895012815785065,0.009505951755746311,0.5048317957047163,2.586060260831853,2
3.2522886223396097,4.293494915064846,-2.533271042355244,-0.7545333324461283,4.44458866724426,11.69550341935232,-0.8460088983094982,-0.9925898825910175,-5.047093995048034,-1.5000351248485262,0.4533919736277383,3.9923329847663895,9.936056441570248,-1.4992797345577191,-3.970748122316947,4.0343695664528525,-1.8039749079593448,-1.7966309886633396,-1.3133558501740406,2.054090399516242,1
0.3451521935842503,0.9892733850852347,0.43992630036701597,-4.680648462706188,2.811394726501117,1.4096405833041212,-1.275532356420007,0.2764110025761426,-2.3754379409039257,5.255445387185226,2.3015778383835097,-0.25338745064079854,12.565127223844998,-2.189870572762682,-0.3168357738846541,1.4613921702085801,-10.05484011520195,2.3415445323661492,-0.20912618409013584,2.9711935861322334,0
-2.5575861746547064,-7.48789915419287,1.1686418879927647,-2.5002913644127327,0.1943250200619514,-6.3137072627321045,-1.1995745006925262,1.4085426403545336,-1.3140801707239518,-0.670126344119554,1.1967168426255412,-11.9989885472622,-7.4412269366277,5.365884518035848,0.07277741501475443,-4.271963935122947,3.296383455837532,-3.8244596805189106,-2.4807570196771156,-0.8885249278100131,0
0.5219086267606365,-0.6339566211167478,-1.5131324009725535,-0.8618380417495888,-2.667544638745991,-7.0950940884898275,-0.9697782975185131,-2.751781357874587,3.0938570911685828,3.869804931377467,-3.788591272346392,-8.11026213307127,5.255040888940695,1.6405770155107255,0.07420786280635938,-0.21747537061352928,-1.3913640790428894,-0.734329338681524,-2.7664180488611048,2.321127472928262,2
2.8688134326392283,0.4379924489967213,4.018362692063113,-3.928199096322448,-1.6344261378950242,-1.753515261437351,-1.0323296441983492,-1.8688979832358028,4.1651055192241975,0.4725320452974173,-4.819465622552393,-7.485153543602244,0.08446188332510962,0.10452285384395688,1.2005572529896256,1.0111656387596057,-3.7835310700335367,0.8798583874999996,0.9028764588012649,4.6055997248459875,2
-0.26470568686768137,1.342949036629416,1.2438850895203013,1.0957655161088873,0.7115905109340173,4.812905799628812,1.455951654902327,2.4204029631345327,1.1499215870493449,-0.6009880909756216,-1.3388631681593297,0.7267058608166311,-3.1643989341564756,0.45808967073328144,1.8219285476917702,0.6565438455725578,-0.19775684836409768,-2.0795888895157493,0.5359938167896381,-0.3500042614029475,1
-0.12525840640220953,-0.8985895811500628,-0.19953116661382153,-2.0903561115429308,-1.6204307892581409,-6.059968543716693,1.974486443308823,1.0184139001448764,7.209749270441228,3.4712708565571826,0.003342441751381986,-2.6375684694545267,-3.585595453947515,1.6339322033035972,3.1227038208949907,0.24031205548409595,-3.6138769024740585,2.4981349195680576,0.18221954895844228,-4.096947059900556,1
2.5518549122637277,-1.0544947978962584,0.17052739795302108,2.2988634113975928,1.6544816557262463,10.707447301182924,-2.020734336228192,2.513671235079523,-4.669849902905256,1.805788970912396,2.595308698938301,9.76506807707109,16.86353450408156,-3.5330281361186886,1.5165162241711652,5.382498883560667,-9.303619657208474,-1.5596763927478767,-1.865020070445241,4.781525011425945,1
1.8910241157637517,1.0632461792194086,4.468560668371408,0.5453599689329249,4.269465596993053,12.586137161791443,0.6982872245584236,1.7072037300722747,-3.684528955944906,1.9844683995286192,0.8604783046690365,3.2512722059203067,1.8379453347684729,-1.9995832777787603,-0.7540823021277172,-0.4596005691592031,-3.7590520292401477,-2.5525468648846665,-3.4739250610381287,0.8974009702305465,0
0.14319092341365636,3.450406544861562,3.7652216089453523,-1.5534589013860698,0.9263707526389734,1.2851454570276637,-1.3137422003464447,2.8092785426568474,-4.815376844337465,0.734524445268773,-4.0873130121389405,-3.4514841720404394,-1.5805494600750092,-0.950197147314189,4.673931274131819,-3.209613933124409,-4.22027405151558,0.2979407478575733,-1.6441399518936493,4.328987177572298,0
5.463510601632438,0.6915236496114741,-0.4909957279581987,-0.6218799297923764,1.2132552728327037,-1.0264571120725727,1.4400316682566598,-3.6908917903144474,-5.043956454385471,-5.300669138175171,-2.2091753225819857,-2.559344799106122,-1.5305606808166012,0.16606784853040457,-3.617629992638385,-1.2333754657918226,2.800629844514932,0.43813183546066203,-1.671963550771209,5.438461247187166,1
1.7732667659318144,1.9180566992319932,-2.0800997117240705,-1.5766316738158772,0.1769698558462991,-2.66212170131633,-2.8466467500959505,3.0244826022013367,-3.6182197959497984,0.5471167598274089,-2.5995485693804303,-7.2834540844263564,1.4862398419764151,5.0426827481781755,-0.6446301730946836,0.336539857130862,-9.311849762270043,1.8624927226245036,0.059955849704511066,3.608170080170458,2
1.0941656423479622,2.2404184593143253,-0.34898772311348525,-1.7715378593237905,0.7522673311976975,2.4345036287500337,0.013306841822785298,0.49363575477418087,-4.342434575695226,-0.607303435198018,-0.5440593621246517,-4.543782711947394,-3.2175962053649805,-0.5507886947313418,-1.4463264823699933,-2.681316117126038,5.040897597455743,-1.959772122480929,-0.3565620081704248,-0.9278199626686565,1
2.1173616725005484,0.3437927937909707,-7.0474863743549045,-1.6256162662734255,-1.9903795312939763,-4.579999383778988,0.7769207220728266,-0.5467860605101715,-1.7434288026991185,0.18318708596803768,1.816139483404272,-1.1805509569099772,10.772939612442608,-3.746652083742862,2.6470127938784653,2.361603442920429,5.199887274900019,-2.17523626500022,4.318265725586756,-0.5595825792837721,1
2.112723200983645,3.275847909979501,-2.799280970522574,-2.3655535883442864,1.195536829668902,10.164115315355215,0.3287128280754775,2.8963575748357844,-10.381293261610002,3.8024286955325888,2.5910712925725496,-0.01086492161419672,17.069486416129827,-6.312199747607195,0.24135700460594622,0.7741634274962406,1.579052169320726,-6.347813027074383,-0.985979155692021,4.043778404220109,1
0.9747582294036911,1.90667052160109,0.788241034702934,-0.1366022771697437,1.6903572412459056,12.093369754394026,-2.7010776627966506,3.452696331089931,-6.371655371205785,1.0186891148488466,0.9626335539268229,0.8589234938444276,5.89777226176232,-2.251061790375126,0.21035057581910688,0.8917128264094374,-0.036870598595470205,-4.609248251971241,-0.935839933155985,0.43540103202113634,1
-1.5857721412898695,1.4738957924909668,-1.1733013886797623,3.3882846800772812,1.6245053233725777,-3.7402129125617716,1.4646363462051681,1.7521446009708632,-6.211351201612473,-1.1045984266183424,-0.021533265513739686,1.795687441365738,-1.6105373086511132,0.42242391395926226,0.8494367538854672,-3.4358540103725277,-1.577909325011654,1.0471603171623227,1.4858281523479528,3.051576454694745,2
-4.9020357512929795,1.471864847601756,-1.1748226958166055,-0.3912458780591602,0.7011472533509961,-4.115901383461234,5.032217529101452,0.4627100174330647,8.503980327338615,0.3352830900442112,-2.708112745900179,-1.2029790526346216,-2.8337655886866773,3.6616886026107016,2.9317731550654074,1.7387019256630323,-1.8341317505326962,-0.8427616197830077,-0.18452100065667043,0.5847125757014966,0
2.6498029431607724,-1.874282516175719,0.531644545627572,-0.816518444678119,0.4246414641603464,-1.0657148202986713,5.247985852899075,-3.382133986336104,0.6069919867304614,0.37396054257650313,-0.20332890932185643,-3.327883934808906,3.369575335986739,-4.833120762207504,0.3259544077866777,-1.0807468712473183,7.434963218354399,-4.3251866703980975,2.6690841493796658,2.4382657555729903,1
0.5636263947500182,0.9960393686911604,-5.476297352102077,-2.3174534623191105,0.17127440207644318,0.6171881508558561,-1.0663140208066224,1.5440802536586804,-10.664938930522798,3.377199053973889,3.497312143155981,-0.8853872257711641,15.956219494088783,-5.162389605921073,1.2649499930342047,-0.9856809903378416,2.9122835913595537,-3.5593450074101933,-1.290016427043449,2.0226112629829194,1
-1.8848187355260053,-0.4326217514366679,-1.3311206567618168,-0.3095017185553349,-4.5084783543172815,-3.550771137640976,0.02561768873538317,1.2920776685620279,4.241800357601144,-0.8559531486676597,-5.606896209213857,-3.555426966876321,-5.695387227952935,-1.5405449900725858,3.4204413661884168,0.21635471893989844,8.466719432927434,-0.04846939808444439,2.586821319361086,-3.405148608802003,0
-2.293314533554783,1.6653948817128366,-4.195015994709701,4.513881540915259,0.6453527968249446,-4.094492398899144,-1.9155811730712546,-1.744604130864302,-1.399796045316493,3.6236107618405446,-2.2349689093562968,3.0651197219118558,10.81099678968201,-0.5954306042270467,-1.0938381692624843,1.115682091638845,-4.857243988851885,2.421550567116893,1.2928332373171152,1.818425850988413,2
1.9742592072170644,2.242880242549216,-0.18567782911710384,1.2726143893457302,0.07440925152830058,-1.56365570850213,-0.01943556546128633,-1.083642942524849,-1.5058780729339238,-2.528264816697615,1.7395913564989067,2.2556289319694725,-5.029118581712538,-1.7655268666797115,0.9597652216626655,-1.8632391569269975,3.960607556998523,1.0882705866194888,4.112954123567841,-2.6462356798481483,2
-1.3653899460402306,-0.4121104896455945,5.590162106025137,-2.923828257317394,3.2798451863111446,0.2596174877840711,-0.4031294300367747,0.26708157087812634,-0.6305469045868102,4.902242135393134,2.0128422932851864,-5.896008106410192,1.6215847883924177,1.3352670395512967,0.275189806197251,-3.1109049114379075,-8.372039684767127,-1.2069489964733464,-0.9451959798792925,3.292301909209115,0
-0.4859140141202324,-0.506120731338568,-0.007226433832223655,0.3225969414140024,2.404486970397242,-8.648197505417576,1.681683110415272,-2.4509008847694593,0.6672286600832649,-0.31074128596698913,0.2354017692245587,-2.383751249214895,-3.0387775966672996,-0.22551329093346606,2.270710030048754,-3.053458111895859,0.13685473034137186,1.6573682019297689,4.254776064808729,-0.505946393985411,2
0.7977455705902101,2.0643207866305437,-0.26835295144920845,0.9172069986697693,-4.518221061057302,-2.50910971063644,-2.2328068223646005,-4.142031929652945,2.053295776110372,-2.900163756336251,-1.044515161932842,0.22892274321602757,-4.96288489435194,-1.6789309433899349,-1.5575000397889063,-0.8949772004272039,10.308150079962353,0.27350723521312603,1.1674270932919344,-2.45342096043448,2
4.3372466112263695,2.06284391193211,1.6573148739557753,0.6402349155937748,0.9326018140225294,6.422787980395465,-0.282956684015212,3.9713703149291035,0.5385427260138544,-3.537010132212119,-3.1421335072087855,0.05333919360196737,-7.872102110351115,2.8733152021265504,1.7091272999200302,2.1683726180588088,-5.225749746952543,1.033555034848992,1.2573135746768407,-0.4853389434183185,1
-0.03915546406759185,0.12130989895618538,-1.7242257658233366,2.098018444506902,0.4499016121712103,1.0763457269624568,-0.15784367562833024,0.8710358830066642,-5.087203156424176,-1.000187452261601,-2.5627229437650736,0.47898676442682864,4.958609972243958,-2.5690168953480828,1.356747611389654,-0.10828720868449138,2.350216262634441,-1.7815301827560543,1.4080245664996043,3.1377233354700214,2
-2.201998918294392,1.7267212082284078,3.5574062158134847,2.516340840710356,0.5081235072806207,5.290079133042514,0.8947525432164332,2.2934370333957594,0.6474978518015807,-0.852981223656569,-3.312838117082312,0.8538480006106819,-7.151610144081017,0.6443917820950735,3.009732299380575,-1.7157718686805579,1.8822027520797904,-2.833111840225202,-2.5166358445257195,-0.0196720089931004,0
3.985093643611478,0.21659511415358457,0.26766824923243027,-0.2271626973544172,0.2654417134193743,-2.1130855717867485,2.0901801132315514,-0.9276768283280186,1.1809957172077516,1.6241226434013027,-1.8238670862582194,-3.99107797054329,1.3368065806327132,-1.3959229751475206,2.63803773866397,-0.559592290296332,-1.0093026393565931,-1.0961915973579042,1.5400703694662363,0.81011187821065,2
0.48496316217374,1.6646753463889736,2.8193861863789698,0.19656064079422964,-2.955200936506963,-1.0109311477252128,1.1593860022826625,-2.7594857854229664,8.88134181838668,-0.5447434248859009,1.4508602848447607,1.9009964358654647,-6.128965412949038,4.301616043891815,-3.4523570337301654,1.8173504865857346,-3.476310951329639,1.955098137750076,-1.9512499778861532,0.4432857727356585,2
-0.7666933707408734,-3.2756165636652836,3.2547036024419187,2.235153772341236,-2.615591898834493,1.5026881930709104,0.9288168955798305,2.5572833766603864,3.523747382813882,2.2684111518083885,1.0987230622865898,-0.2757529836869912,-3.581720920010658,2.3373541277665355,0.9540357664795777,-0.3649415181673057,-2.2643711229776944,-2.5165914590951495,-2.8371405391143902,-0.07962614281013991,0
-1.0811028892447867,3.8630330779751496,-2.8037069308042186,0.27320959021585134,1.7617620541830274,9.259423964712683,4.0927061413342525,4.972932142329937,0.6253797475820728,0.2800048228916536,5.889151664050426,10.883405596518662,3.121909239622592,-2.060139316336503,1.6019504610391766,4.114711954840239,-1.649724018186851,-1.1181953305294374,2.8454114276785183,-3.824260585050877,1
-0.5966291148572737,-3.105974403098262,3.490836873559641,1.1381653179486073,0.34975217395704206,-0.6842087551016804,0.927086688440298,1.4141969838756978,3.5552291333794597,1.9778367279653961,-0.45640419817426814,2.0816843489630226,1.135816705698139,0.44740597006317806,4.626868600277131,0.7544792337121682,-7.071795950635668,0.2091894483890746,-1.9112925768850035,1.8806999362680346,0
1.0721894911218164,3.7831493793323885,-4.629562663834868,2.780787753610472,1.3344419435203374,-0.35019911243773016,-2.2612066812515783,4.891521782535554,-10.987412426906651,0.205897624693129,-0.9023705485542775,-0.026816459560144945,5.181913870397236,-0.7353920676553534,2.5270589500845544,-1.591628578083791,-3.8738893975268978,0.4311690967762769,3.5417504352906173,1.9983293566352471,2
1.8405592677951912,-2.389324081881635,4.109281082114777,-1.6372801116382043,-2.4789753280713342,1.8354516038517732,0.4823122531202221,5.4405652975042615,0.811217369864204,2.8682490384806227,4.452438380688001,1.3604581073501274,-3.135136087996917,-1.6185689123765454,4.424723779099438,-0.6414629843086794,-4.707264657330147,0.47072106536724534,1.6844028631334866,-2.1345314332782945,1
1.101016815368256,-3.640740888298177,-1.7819985148025208,-4.485644161034051,0.042375997978400304,-6.207345253851976,-1.5398905286632933,1.0087942739723794,-6.563468940221439,-0.6941569948466568,0.21385881056058742,-12.332107684358942,-1.6416847387588502,3.389400832351886,-2.0024718008098534,-3.767871537129556,1.5965192710207872,-1.300155410679216,-2.225813828750497,1.9904128417008708,0
-0.9050012131658887,0.4220303913282274,-1.7302869796217955,1.6244016203089875,-1.0732500720499305,-10.692186020118406,2.0953424048900042,-4.4097736013880695,6.348353607473781,0.3574713376592764,-3.14651300067896,-1.7179155087410092,3.1471246238576174,-0.3122587293534509,3.51669034342474,0.7263055079589282,0.04525439625803784,0.6803752821054478,3.7091664022628095,2.386552096245122,2
-0.3254160221469562,3.5265083861570328,-1.9315927981016578,1.5545596722950652,1.7357944200783588,5.583665644712712,0.037794908906341296,2.6020657479505163,0.679825838046189,1.327551024714897,2.3013870901529945,5.327031107211754,4.130305570694775,1.5490704492149199,0.4812190610381345,3.2190262737379656,-6.480838403380912,-0.3314593847968883,0.3677038890867762,-1.2559155644527453,1
-2.360170336200512,2.902846215160899,1.9321513528042953,-3.3454682573289625,4.412406689450717,12.463439763819435,-0.9094189735315654,1.1572477790085485,-8.482840540430681,0.3544288020903257,3.924785064623517,0.678748353854616,1.1974057159939373,-3.5712726632357743,-3.694131461122282,-2.8430511331155186,6.701440590587659,-4.340520165544554,-1.968366021616287,-1.5951848195907994,1
-2.62932705599104,1.2769296296134718,-0.32979299007633833,4.495039443127945,-2.355077410533709,-5.441545952793455,0.45607046170331556,-2.3636301631078416,1.1825934947119126,-3.4012949616544126,2.0096859487127157,6.395275135837188,-5.834753092773344,0.6105690046534304,-1.0313720084576168,-1.6177437831087635,4.256427757605533,1.9257410070278298,1.8838896087389758,-0.11250936131068867,2
-4.895028116363599,-2.3294731588099387,2.2469601298068254,-0.9912938395483387,-2.05071053644559,-3.664245275954693,-0.14107148627088462,-0.3196704725894497,10.409982005565729,3.750073798486083,1.2385117649284325,-1.0625417390322707,-2.0144807697914486,2.1401845010224707,2.407179295056665,1.2296289684503878,-1.7666861923458388,-0.30770592923695816,-0.01249201418996726,-3.7115815717652376,0
-1.6472994496411955,4.414191375584188,-1.4361731116656538,1.755826963135442,2.2766348791877977,2.5203609843838937,3.23176109156236,-1.619224028367403,3.36218260636318,2.6692240559164677,-1.4349606579530687,5.971497071218677,6.045565359262108,-1.7588678789805545,-1.4408584903810815,2.6222012951920166,-3.8003918922614934,1.80693248984783,1.3114774917092071,0.9101316225216014,0
-2.560959268404625,0.9254327309622166,-3.072007257528821,2.4892274620106765,-0.039502306470497794,1.5537841511535841,-2.1172282511412917,1.5278365124580007,-7.02676578171343,-2.3365843147975127,-4.574550616548548,-1.1228979340892529,2.7305886260113508,-0.027116625314999476,-3.2596610376050266,-0.07377990030389336,3.139957884711294,-0.3855620944091387,1.4664318478842513,3.920347102116091,2
-1.2655678636518466,2.4771492622529885,1.236685011072932,-1.8589157811494172,0.78304064107265,-4.134454729287474,0.7923635301009622,1.7016703540433933,-5.245881693925448,-1.2837169208440322,1.3143778643996793,-7.117928579224103,-7.094789039013068,3.590814953857653,-2.2949865343395297,-4.96078560998206,-1.2931208002453372,-0.09995604779563716,2.0383101288615912,3.9391568269883273,2
1.5439853241810266,7.837001621649508,1.1381573272407421,-1.8515764898785703,4.972701035600748,7.634438478532507,1.860720643943292,2.914791705680874,-7.993224310520847,-1.2704047411024542,-6.146786760035038,0.1293999951853788,3.482259508218113,-3.653092731765578,4.255447642812294,-0.8716762144434607,-3.7998529260754332,-0.3498696056232736,-0.11714744060438231,6.592378589457987,0
3.7781679718773904,5.130656997795764,-2.8944020113507776,-1.6897793217954795,2.8112913599559977,14.106778480754597,-3.513249633205314,3.156943835950129,-8.167579772335246,1.1321836269717176,1.0834646016309633,1.541592235571732,12.860405438945175,-1.8734295076823533,-1.4977222096321086,3.8837333660831947,-4.142973579252291,-3.312544999153409,-1.1591702529905095,1.3701393982356715,1
0.7911869419320465,-0.7271636603847866,-1.8438140643668,-2.253203161133861,-2.8494492979458954,-5.353350786597338,-2.5065899433973016,3.7760712558653067,-6.53544928192868,-1.623743673621414,-1.8856970202809196,-12.611248248288122,-7.079683324639935,5.385010233644527,-1.2416345571071368,-4.129690460329572,1.736604651223412,-1.3871035928455697,-1.7086499694157329,1.8307122827230051,2
0.16002714141239505,-0.9607492324243001,-2.461576557799797,-0.46405274071013913,-0.32321946233182497,2.3368862287118475,2.2007562553967164,0.3220478456635003,3.741885635022751,1.2057300482054571,0.23700430239907178,1.790754097664015,1.2107293111139732,-0.9433237965861507,-1.7037781674292258,2.8241987090830114,2.2071291122628067,0.1973540401131011,0.814922605315429,-3.927013797121731,0
-4.713979003520054,-2.7876361891093744,1.9760991129615664,-3.008617864202866,-2.506986129596373,-6.60291221095038,-1.8261007694645945,2.990482460338833,3.5682736627072122,1.3008731287588602,-0.45641426071273716,-6.079380684264973,-5.816082710110891,1.920900797259562,4.747049596408758,-1.7885204994879023,0.0654012973728686,0.2900800047065495,1.5987961565629503,-2.0693322960352947,0
3.3487218360715723,2.407633952890931,1.045870000390266,-2.759822814558415,2.468241632997098,1.453027907329918,-2.2948658390420027,-1.118202517111201,-5.972409863526357,0.023869268152810985,-2.99826143352162,0.5445080077164051,5.012025553794186,-3.0873292435621087,2.4169856075547727,-1.1337859459927557,-3.755896927284319,2.9776662462341608,-4.631604407721702,2.9463511211782674,0
4.405442467578636,1.2728147436050663,1.4659345080344375,-2.9985192914468204,0.38570593282252885,8.466245942097927,0.1926526423350302,1.277333334434567,-0.5138683592697664,2.5597468147980393,2.6591655022741962,2.5860202311196074,9.27585091770287,-2.366583442857105,-0.7549427033371408,3.8637717260637916,-6.976135847425143,-0.5426927878540795,-0.9165084935544887,2.5812507912150755,1
0.9922786956648713,1.832754960538375,-0.9613924486158412,2.644199303723105,-3.386307063923779,-0.13452458763146244,-1.7297280640920047,1.5541588042786048,0.43000025529488267,-0.9339008254196486,-0.5795030367092744,0.5598882132505529,-4.3495665587356145,4.275261895674902,-3.0036924331651518,0.7164070796926114,-2.978455071141027,1.7564421856716335,-1.1675667586392864,0.31326696553069233,2
-9.837304900245146,2.0375348860288462,-4.938884110927916,3.2183045133699086,2.178561249820814,-10.980023413753242,-1.6070986055520178,-2.9325258245399715,-6.198375970467554,0.41573223238956447,0.2724450926412614,2.7745664300924444,10.411079011116323,-0.23710507040899298,-1.5817621590268758,-2.5481278844349182,-0.02381602433727581,1.905641743356262,2.9169683099481203,6.082903763987638,2
-2.028296876848701,-1.9238480401377576,1.6933408696751169,1.339779533389509,4.4431038521498785,4.809030834877851,2.6170233974644224,-0.15416525375970425,1.3857141087561464,-1.3744225078416106,2.9150366874336644,9.158338383926763,0.5921424036301012,-1.748703924519997,0.7383592123343798,1.6772831721447663,-1.5069306337499015,0.5494696114297861,0.23490370883586886,-1.2326620806557997,1
-4.732092167721467,-0.591387331924855,-1.7453466472370813,-4.161994777405387,0.6043658032717232,-6.767179288946806,2.618212052032414,2.6242603499690267,6.284442620154759,2.781062858627522,1.9345441787204667,-4.880237228866983,1.6555974850014048,4.072493477636797,2.289912544162103,2.00453072993819,-7.037297448537277,0.41951196675282043,3.7148495630761458,0.40273041015032174,0
-4.481286836985921,2.5181133685629886,-4.376752583227775,2.0222350592207254,-3.3583558971179053,-5.951410808337724,-1.4135519958553933,-2.9344061783290973,-2.2309513935561425,-1.8401809454104305,-0.8335737206029474,0.695281503063597,4.1941843483269245,0.2467953398536783,-1.4833904294750158,-0.9103811300595654,7.531622859279072,-1.5208172108036484,-1.7271828121508954,3.109331992627734,2
-3.950022073187888,-0.39938923937910475,2.5255375302373873,-0.6861848280253122,-3.1098774599982324,-6.580718706547708,-1.152778531943448,-2.0885793908533787,9.18422888813712,1.9798141842048638,-1.6260608338637184,-5.357298091529328,-4.320178566265816,1.5369223964190606,3.7733319421266542,-0.7729695599347509,2.5717620599672193,-1.5971922646220742,1.7126737886280123,-2.1414359595823855,0
-1.1282306473314454,-1.1425917355117037,-1.6337690850883315,-1.29917421020436,-2.722162049789388,1.7622039392613238,1.9079683172461328,7.284007535818682,-2.118817001228115,-2.8857452335542777,-5.016602234113452,-5.538544387782074,-6.999971805234107,0.05677563784121997,4.9079659294306275,-0.21498907502158915,6.760200309766858,-3.434976034705543,1.3340739994369506,-0.5393687209457156,0
-2.000356056826967,-0.8433816423580764,-3.3067235762952785,2.2776320875026483,-0.6487328363337421,-3.065722649786874,-0.3176668312909403,-0.264307208324407,-4.395723680651587,-0.14021196764513966,-3.6314087153823578,-3.5370073145314214,-0.20197447793741757,-0.5117361433063008,-1.7413666359222715,-2.6419266477080727,7.0812366062994325,-1.177506352793137,-0.5486991900133524,-0.10740351956942185,2
-0.6764480934845492,3.4795833573006374,-0.11925276439100707,-1.823987993606135,0.5779674577296567,3.3552928609975767,0.12710683527361144,5.284246120495424,0.04439305967638188,3.2125829213161543,2.4338450858874903,-0.8761286695144843,-0.9491559571268134,1.4182357892861872,2.772087476496422,0.1483605510817514,-5.659812470225586,-0.5647985008698588,1.371903851396194,-2.8060632055177317,1
0.37101282882615483,2.1441044437590273,-4.3577546801815235,-4.560900945164509,-2.780327113213182,-5.249034353007188,-3.0391421737922606,1.2618465241082382,-5.844898311933715,4.8540987688922606,-0.602757388058945,-9.205801647195536,9.91308165692516,-1.160323416179344,1.2626274419863117,-1.882477525833655,0.24947424488102454,-1.234639202555627,-1.8232677686134227,1.63251716233045,1
-1.030186998113186,2.1433767779827098,2.815970138606824,-0.42859520420533515,0.38473023113544724,1.4930698853173137,-0.12834822482160146,3.3984406466907773,3.056402103087227,0.2269711468990656,-2.0457271289517824,-6.51103392333928,-14.516974098690545,3.473263907357869,1.9161579102356328,-2.9346280187912868,1.2439091937667484,-1.0799525466840374,2.374317836830851,-5.571299046141075,1
-1.191046851194314,-3.3239403803396703,3.510710337956551,1.636252943287987,4.625537043259751,3.189275562626574,4.481343756847453,1.5749114025323203,-1.7217019608898423,3.2145019757711224,1.4630137742367868,-1.434807823626342,-0.46263926811508926,1.611381481819929,-2.1775053532565423,-2.5800903114186218,-5.49108851518925,-2.5465163692062003,-2.1051126451834747,3.0873409875333206,0
0.38081135155571155,3.9500975016427415,-2.5384260732138353,-1.0077573869301795,4.445930213556691,11.759999475085557,-1.1935243492777445,0.9355396459407233,0.8049455408368252,-0.6683304217494839,-0.26837107631782464,5.925718398003835,6.121497563126049,-0.26616874536244006,-1.6331265509934734,6.024593517727759,-3.572786351732881,0.20060739241200753,0.1561872458106579,-2.951862790394156,1
-0.6805417848303059,-3.5366859859442297,0.2920845329724916,-3.0420490812318604,0.87799904903275,-4.918733367193567,0.9345763961519036,-2.9621046593752336,4.99258394657248,1.7846908539644413,2.246081745166673,-7.601093064455961,1.9355460490790686,3.9302599065437787,-1.1300148931301055,0.18395478051383063,-1.5560399299596115,-3.0324576765896167,-1.83064713260325,0.7836186673975444,0
-4.264723255495048,-2.6247630873743097,2.5128387490667334,1.7333727803212033,-1.9480628354998002,-2.4555967610307357,-0.532590043144153,-0.7007396494489053,8.255121125120464,3.540348458959984,-0.03802169097051056,1.9484470700877812,-0.35513509197250875,-0.7873667295534887,2.2636821768485684,1.0288361206238656,-0.4457887496370443,0.41315292240933355,2.313619117445816,-3.145433598963887,0
2.3300351152622327,2.870384545552617,3.262069305201985,-1.4794035902355218,-3.5768338819870973,-2.3578540393478225,-1.1618050442749215,-2.6746120995871787,3.3093024757453327,-1.9585787848090237,0.14897986108631978,-0.7423147914231336,-6.353056303016808,0.8683898965104545,0.23562094874325124,-1.052517746870445,1.0802653785382663,1.463960454641294,-1.4310743879076453,0.8835686186603774,2
-3.259620179890584,0.38207827297884456,1.6163566870292878,1.6842843063943667,2.957297940057242,-2.4071812152740324,1.1848519147245682,2.512122214945098,-6.169846769680655,0.5274078584428219,-6.148683006382667,-1.9683719601720582,0.017246154222169213,-2.3078289912832535,3.43932365579297,-3.787978302233114,-2.1325448536941094,1.249625544326444,2.0196088885040453,5.384129335938688,0
-0.8432011327214411,3.2312053000901813,-0.08997865508387048,-0.8157304919060158,-2.0002076294626217,-2.5944579023220222,-1.4058846316952296,-2.143584171666772,3.6001086815383934,0.47259960600578,-1.3600954607112672,-0.745380715265326,3.595348541565673,2.2004567832965822,-1.244222060072592,2.144820315766515,-4.532291891871488,1.4556942839131022,-0.4731437814936106,3.9348960429332744,2
-0.8054173734796489,-0.519935633536859,-2.5917275344550585,-1.0531748785954642,-4.243713965219857,-11.586701700462312,-4.720848813204135,-3.4365907263312536,-0.9543376213395086,-1.6048321785783557,-0.17275144124313258,-4.794782077965904,-1.6906561101959146,2.0016487351315853,1.193551197853708,-2.924530224835399,5.372486241662342,1.238217818975447,-3.2231944418806533,-0.9354019537728042,2
-0.4417789694038089,-5.6739929326403145,1.4683271628610894,-2.506866539149064,-0.9125439666025641,-5.052020882441577,0.5114549678118983,2.222742886251459,0.0778556819860037,0.6278203917546269,-1.0294524778569085,-8.689385672993964,-4.407629751940975,1.8907435407636926,1.960584105760807,-2.3652936758741028,0.598541460511423,-1.3550944387467445,-0.4350857898012924,0.3395708583528718,0
-1.8515053124594587,3.720655783342917,-5.458439126889044,-1.2326475418073728,-1.0388759496958269,-2.4997258332104444,-0.8236248475802606,6.302031128686865,-3.604335811067856,7.240601907729667,1.2915622320123579,-6.535960766960531,7.159075383420258,-0.010140936449274385,6.0883133324578145,-1.6242630280595058,-2.3804554926063735,-3.7659024933962195,1.6694670121186106,-3.442167563826813,1
1.2399251683789463,0.781902925662586,-0.39574520383608414,0.22101904019229712,-1.0773403481180313,-7.265610189376987,-0.5205419439955081,2.4063810024534513,-3.087742750903251,-3.4526312767382046,2.654051434917597,-0.0022487899894427232,-2.691031245516958,4.034504699762446,4.697350453002009,-1.3681051708519334,-6.560749161240639,1.198241288584328,-0.23492887751208702,4.382055641883486,2
-0.2391645232353099,0.6069969045214043,-1.1798169433426404,1.4864903101578626,1.6355501098612897,-4.335220113009937,-1.1458142313954256,0.3362110732539405,-2.359965408318358,1.4404257480865534,-3.4978719125967457,-3.931687154893453,1.320965427948112,0.8039379617789446,-0.8076532164333494,-1.0969118584297375,-4.752959762637339,2.729799960803275,4.4569205851882145,1.8800042444129097,2
2.5830500582008282,-1.8019366793522718,-1.9314187542306311,-1.1799306336919915,0.1769965058949612,-0.9728226932689212,1.3278852371356933,-2.475060935182709,-4.455270301461926,-1.7195391369689084,1.2838076875774327,0.8022474399820164,6.202376620645165,-3.8335256958235258,-0.6490573149303953,-0.2232695824798392,5.2484664850913605,-1.289815397601639,-0.8929734935933575,2.550090306735593,1
-0.8810179001029663,1.4638434694895284,0.1940878214165056,-2.318304769761121,4.3515889784056965,0.13199263229860222,2.127387039342939,0.5622967690040834,-3.8533992708096356,0.11753082430658057,-2.6882417416883926,-6.127810159999597,-0.38142044564828276,0.0557698185869151,0.2912806169170431,-2.5276039815944484,-0.14995222707545292,-1.4839995806577977,0.7556172140616575,2.6861185940211145,0
0.940545340180541,-4.23302723928637,-1.3527655441172355,-2.022017304863678,0.5707362954500315,-0.29941426358759526,-1.5901782680051033,-0.2573624458223147,-2.5811529299069385,-1.096446411160099,2.1588335777938212,-3.0194960774545496,0.22458368879210894,1.5039381190835577,-1.975287323410111,-0.3834841783252546,2.4911388487620894,-1.161221567296806,-3.2335666668596077,-1.718791820480242,0
0.5142089374312051,0.725568553892219,-1.6148465937168326,-2.256657512042849,1.5813698947120152,-3.4789971004871147,0.3218331199694746,-2.5854406390650735,2.4315786415695824,1.4967402729840573,2.0800185380055063,0.10139029363740881,4.049369806590319,2.061191360408607,-1.7088174862384973,1.3229855137388484,-5.503728236661785,2.527294500907804,-1.972796510403116,0.10969955335244719,0
2.2571548794768304,-6.378832782401643,-0.8048732075598535,0.5144408469870185,-1.1723127070045782,-2.7528443529936526,-1.3556533246409193,-2.028672016268208,-2.4753494711694657,1.787830699323451,-1.066487414664597,-5.930232886915287,3.700648110785113,-1.9106655001482475,-2.8073933247214007,-1.3742101356818948,4.840216141534151,-1.5975685582327097,0.13392250538516937,-0.2981205573972112,0
-2.371486724883008,-0.36489019129447364,-1.8121918198634526,-1.964387329934676,-2.798189128475505,-6.380430999570239,0.22928028939642686,1.121557212222191,1.76892123296249,1.6175026506343542,-0.7720791798952464,-5.4356294118899635,-1.6037426902147942,1.3758750335145093,-0.429812393940169,-0.8020466689704616,1.1631596582833423,0.9893328943969606,2.1823554471152153,-0.5083967052034712,0
-2.1465194668500476,1.872273370068068,0.4561952086664507,3.9392211146760983,-1.6938827767684301,1.9454884981193152,-0.09717664726405262,0.768674381966715,-0.12629316655557854,-3.154975263162203,-1.3674251818701122,4.320954231323195,-9.479499634000803,2.152342847532989,-4.960693630578754,-0.6624229518633828,2.62983933964113,2.6811842912340937,0.8872387780905946,-0.7605788183156814,2
-0.7779288734725354,0.6079220769492338,-0.5488078679561856,-0.2801863716216564,-3.321521158033482,-8.023108594600954,-3.8577611250004673,-2.6717221859488314,-1.9668740748557647,-3.9018151174046194,2.6993130147137085,-2.6206436729610454,-12.814348130599567,2.358827656343718,-2.8078008627797293,-5.24629434430575,9.213643589764123,2.5771760040016414,-0.037315157415371614,-5.077292706136423,2
-3.0695892785407652,-0.18188270176017884,1.8043700653130998,-1.8398293167271798,1.7392946949503019,3.0387587392751882,-0.666006482966397,1.2238937753020327,-0.5259753286481841,3.8914628388543115,0.36979525150397885,-2.1467787759717583,4.566416459099781,-1.7502069204950281,-0.2114813995455982,-0.2683423235756055,-1.879981546825751,-1.3365972724629935,1.8332556830743596,0.42555118447952855,0
-0.11225765962763601,0.20168784333558043,0.9540971158291116,-0.8784441535131535,-4.267557953078095,-11.838096093400587,-2.0025066285299964,-5.148781673323917,4.7585920373656805,-1.4868660968922454,1.1791965488713965,-2.8545523427288506,-5.096845668576543,1.8008005107248075,1.1556132429679415,-2.361608031751742,3.067973533136444,2.0695036331343943,-0.2541102580012806,-0.23251396177029449,2
-2.8766643394323115,2.265479341378471,0.6242879621490507,3.283538959615509,-1.6453978147431645,-3.6213204894463042,2.419540822908999,1.1005034442438222,4.037473355228372,0.6994209703484786,-6.515279363052548,-1.4351524287038964,-3.6521587755842893,-0.3018973996902554,4.5296484651083,-0.7632619276783008,0.8963986543219952,-0.44313947726850544,2.8676762255999586,1.720915837956701,0
-2.0187746969532228,1.565335810733387,-0.4326357244161131,1.8405751524150193,-0.50905899231619,-2.5909875038172347,0.7297609157180065,-2.154297081956269,1.427195288842842,-0.9210656259057064,-3.1013669881645707,0.6369911546915112,1.1659699117269635,-0.9024335141652808,-0.919452286169405,0.4301007142728004,1.674472017676095,0.7563793238248082,3.047456381578966,2.9389763616148237,2
4.5697863102317395,-0.7532503438162932,1.9930692605766462,-2.4029596708805876,1.6407813874146988,5.492675049195275,2.6443031091785754,-3.893212234556695,6.723781401051632,-2.54463522430836,-3.049729488764717,0.7258585856108553,-3.255001315605663,-1.654339248717576,-3.056884963648848,3.8358622687659945,2.4012258352419718,1.5609013380029486,0.7790994132304256,-1.8709401607707319,1
-5.625875957041078,-7.846996287906605,1.2396326930110653,-5.3772389522137445,-0.7150899312092116,-13.420261941099696,-2.2520543930880246,-0.46506446167326887,5.275125040556595,2.151231350156301,3.446325693448535,-12.173399377901026,-4.199589245683669,7.094916675078256,1.6362337633403798,-2.7891496245403307,-2.287609088995172,-0.8869431473420882,-2.367746614940966,-1.6003363674851774,0
-4.125761540360475,0.8601918081119797,-0.9677263598502213,3.4111664511023565,1.5046740717418507,-0.819413094785224,1.4608705656691074,-2.011647393451206,-2.797911038088035,-1.480474488054424,0.9702117202278462,3.7731472478224637,-3.7696620551326543,-2.0235827078880795,-3.8760970594644553,-3.1101807362233247,8.16689143655035,0.2595877880161548,3.1437892286234685,-1.7456591240362984,2
-0.41721202456458584,-0.9258399219031661,-0.654181096773498,1.0109647274424454,0.13155627189696661,-0.32950517945030716,2.912870384764956,-2.3065594002062624,3.3791342296739915,2.8356176387889596,3.5148278958990864,2.6250904019773382,7.575954625746787,-3.2074210587296568,0.41108161548083855,1.4693335872874191,1.6229368387799048,-2.900647484764213,3.1301156784117468,-0.06663342453290699,1
3.638218806841512,-0.9199101406108202,-0.5935590364155383,-1.4474070896731197,3.004463612083696,2.902115654836158,1.4691589568614938,2.626609843433278,-11.090110621176022,-1.7045826499708863,-3.2530548414669687,-5.329454016034508,0.6712874502536754,-0.4330884884336128,-0.8081426660335038,-3.168451487359795,0.0823802454886744,-1.513110347909065,-4.30907709003139,5.210458799574907,0
1.3210595693514593,3.9779291561308883,2.2266824242827283,1.921194669596122,-0.010048671076117843,3.6841339886422535,1.6947700483604489,1.2929110714766423,-3.2332313935269896,-1.765375316900058,-5.961685830009477,-0.3034700045274653,-6.6281422710904,-0.9976783606601338,2.037901488302816,-2.953126680969061,2.765056190334863,-0.7361930332305393,-3.43930757253501,2.387361899086741,0
0.7153183942894896,-1.001641952275992,2.3129029563492773,-3.105791082981451,-3.4831454705276155,-4.681993111873388,-0.7077293310068404,-1.9105468781706287,-2.876796570407004,-4.400875424139415,-0.10196549658172316,-9.757083046216056,-14.497136719957897,-1.151418121740476,-1.110133698608569,-6.755059249161815,16.473060983880767,-2.7011372499973794,1.8844477053212676,-2.6240758251348555,2
0.9298199706229726,2.4144366000985946,-1.4447747070871388,1.026051541283353,-0.08363980371135193,-7.692728234727133,-0.6698416299256452,-0.9512081073371745,2.352525264345253,1.5010078719603674,-0.6159533727828792,-0.5840971754076987,5.447220447019905,3.0008063791351383,2.8613387596150712,1.438837006784413,-10.965756345235109,2.7530357539341073,1.5077985039216673,4.2279313593799115,2
0.2611457271900933,0.8378593628959048,1.1312003385631115,-1.4167167279111021,2.772603947726729,6.787828479779949,2.6498179173839125,0.03444480505343872,-1.4649246131158558,-2.7499792982435856,1.8948853950253373,5.157223089254409,-3.9860345227279184,-1.8257568491385086,-2.48538220942702,0.11341910975075242,3.5646944223114025,0.521039939751837,-1.1030761357774166,-1.7243044496540643,1
-0.6894235942341851,-0.406385338373066,-3.0964345238369626,-0.9650127706599004,0.8049019151696055,-1.5685584013509402,-0.25215767780220655,-0.9123520212355618,3.0456159944608125,3.3500584985614226,2.4846480679230876,0.9139883445936338,9.866361414275353,-1.7969169450674298,1.9878398175616394,3.0268439180763935,-1.8982200361999102,-0.8451712744661419,3.1643570212397574,-2.2741018632378838,1
-0.8118898736709577,4.710679500482666,-2.947925137602602,-2.546792260459317,1.3926424985848014,-5.229180738034803,1.0854960486884093,0.9217029975511508,3.787416177206163,1.4083949838270606,0.28573835710015894,-6.240920694708784,-7.993192059589039,4.531538779344044,0.43028075033944746,-1.5147858341235665,-1.6163843063633145,1.7985520120558767,2.936975836778194,-6.040781099480311,1
-0.17974101615102955,1.450346832021208,-0.06680070212084543,-4.477293133289901,2.3795380011924,7.520017642957021,-0.984733165296807,0.9351446241529302,-3.643646183924317,0.40119943451689455,3.3648956357814757,3.173640843922732,4.317602108706387,-2.5710069613630733,-2.1526749497335014,1.2017396448347544,0.21475884279843763,0.5229513193834447,-1.8882005109667301,-1.5689720308705173,1
-0.20439907492977616,3.492936131647782,-1.6305932934150538,-5.034249498904573,2.936997201479875,4.873676769622611,-1.4750201351336756,2.2127811264487267,-4.862910226587597,-2.237911504949267,-0.678352909040308,-2.921750332136628,-2.027292724038066,-1.0119803402591754,0.010841532394018971,-0.3216090903511849,3.478121725476752,0.0706896721890602,1.297795031323001,-2.692993549166844,0
4.740389552607708,2.9830321129111343,0.8978600983597769,0.6762898421770593,2.2460149942893395,10.85594369772308,3.331896519629155,1.255714786949682,4.413458528985279,-1.4604751940765803,0.6267462587502641,2.1017171767784966,-1.966466072717823,0.09809462149934944,0.16420122082896638,4.262561958570426,-1.257801771638858,-3.573451098668809,3.7196908447552137,-2.086285306139147,1
2.1726618737680745,-0.7460079460503222,3.597304007651539,0.8502671512481723,-1.625251189043043,4.803211989128092,-1.7332124943775056,0.7808413387120976,0.35492363184422593,0.5109197829068645,-1.8644916915848784,0.727466356135089,-2.262591510802092,-1.648636006464549,2.8488521677133303,-0.5314926342446906,1.2271252991137729,-1.480335972849089,-3.6806727168672806,-1.099352359159771,0
-3.8364124886607183,-5.331051165306237,1.1186750053262648,-1.2781661524443142,-0.11621106551457183,-5.145907729033782,-0.7470309017100383,0.7102068068513482,2.722074941122453,3.2569686076434174,1.8568679126925272,-3.1106471107633444,0.5675618820262581,0.9823063992673537,0.8343472149981588,-0.891563025242732,-1.950446673949801,0.3933875921916852,0.8945158390918482,-1.6707127607720782,0
-1.0788406979994831,0.9233678446999269,1.6058737683174877,0.31502054641776933,1.063941920096266,-2.040066447699303,3.700236976470295,3.8738840106586627,-0.09624163758213955,0.8627947353917951,-2.394759823028264,3.3479385651192133,-3.344484011993881,0.442136397305843,3.9005904913499343,-0.9917713848461156,-7.922976824361323,4.17158964931751,-1.6748378614631383,2.6885069327336164,0
-2.4944571668351516,0.7427470448038817,-3.3298586866126385,3.7245798929840492,1.0689455060703619,-2.016063424300629,0.2706777055422871,0.4020086568189809,0.43078119942866533,2.4478413504615335,-1.566540868116667,2.0892410666568217,6.9339903067301165,2.351062311505612,-1.6002898723545957,2.0621708240783874,-6.862891794929657,1.2416538495900582,0.46356838590822613,2.5354364828741627,2
-2.6853690600620315,0.6408686343693333,-2.2980377784503006,-1.525336152930798,-3.536336561513185,-8.788558016862243,-1.6447295377394173,-4.27310437919164,1.2945903559740972,-2.052938712334651,-0.19976188491355873,-6.198667022656363,-3.6370877312100984,2.645169665149992,-2.67948012501599,-2.465919658733352,8.764265316989485,-0.9773614850463805,-1.5742915011391911,-0.060504321140156136,2
0.9569108908574664,1.4395770590152934,-1.5535787363547988,-0.7095501283721242,1.4969398991704634,3.356763210297205,-0.7649388629679585,4.036157486665342,-10.099912930321333,-4.92034597379121,-4.718974718001801,-0.49572639042743366,-5.375993941035253,-1.4846589111162363,2.127244623268724,-2.6651849556515588,5.083591076311448,0.7710034228628211,-2.667628413287659,0.532909809922741,0
-1.0200534544567232,4.938218288459757,-0.6949230771821956,2.293394709134531,-1.7585766112057248,-7.454787955076348,-3.1339458450210413,-1.9115404723235276,4.32664184322477,-1.2070473050900459,0.7020444264755401,7.365538559484185,1.3366815768735376,4.131312236528858,0.943570952089225,2.7315081306907016,-12.239470555915883,7.564353235522713,0.9291744890806635,3.0022442034303722,2
2.17359204841512,-0.16168822903233449,2.463272992838769,1.882612313327749,0.6941870518476414,9.274089374753187,0.3841873045612715,1.8569729545725384,-2.3432841928117396,-3.1256201440473097,-2.9088263967034367,-0.7550851941298454,-4.5485604460010185,0.3137508636954929,2.0795571543090543,-0.4533864001122183,4.717335760400644,-5.91610099077236,-4.679941572787173,0.7280093925397647,0
-4.0483654671587015,-2.8519190204727933,-1.0903702523736514,-1.682515891395238,-1.469645862576857,-6.660671829107908,-0.11430611912270483,-1.7023809098182023,3.147402681839499,1.6747319857639242,-1.505893977720246,-10.86124412324948,-2.1959112922405875,2.0762056623928165,-1.4323482783431865,-2.1810030558137994,7.075418004868974,-3.6249756092957237,1.8067452370557224,-1.340171976036114,0
1.9515799184944806,-0.4857313280173857,-0.36505039260149585,-3.5331016422168604,0.39280840166924336,-2.0913651981824724,-1.4518630312979681,1.7949226045579842,-4.961278183476658,0.9768394951751308,-3.814386942097623,-3.8677225844283125,6.648280487340015,-2.3272383775220478,4.2066157684877155,-0.2099290903300246,-4.203931539386822,1.5787705241649284,-1.6855835199923919,4.322489858938279,0
3.547644382200475,2.3067003852476256,-0.7585412392204892,0.19607633854762851,-1.0824453226278545,-0.09631665164578329,-4.312472969307799,2.25974202252652,-2.925168998148791,-0.3272038832277926,-2.0109797962358833,-1.2306409519817032,2.5321898944472787,1.6184567102425176,1.4616602240782712,1.584166596767529,-8.080670860651367,2.8033928660964857,1.3179896405546214,2.1879191904908,2
-1.444179916037249,4.349161501377764,0.30866485391302745,-2.032340038491968,-0.8126218577524273,4.638610402864123,1.753633844972162,3.576109026242993,5.404435161462297,1.2270598107116082,-1.0418618292683015,-0.23114393301811464,0.9781654449015753,0.5232767735015396,4.180198287907395,3.5751793649962593,-3.1293247380512677,-2.3886825245058008,2.3821182713081734,0.0811399012240619,0
1.2670499227751506,-0.6672824289127968,-0.8496547723711015,0.774510160976229,-0.16123403078033427,-6.72525499893184,-2.09325155086529,-1.8829835937928419,0.7424182439080627,-0.9535897859928814,0.7205636758662299,0.13006142776376184,-2.772194881747901,0.9812233524676376,1.4406541291079442,-1.112943305285601,-1.1400172588751016,3.3194302020997295,1.3860794405298877,-2.5734659577933217,2
0.31095684979882865,-0.4412357192641262,4.282459650808911,1.8927983086039224,0.2733097516094454,8.245817937721863,3.256833304767907,3.4252459695685777,2.9517075844755274,2.3617404218658113,-0.500505213797553,-0.779246886293204,-1.8798440239801548,0.7404140018533631,1.468710835851451,0.6360129787395685,-2.742938346215103,-5.292956326722172,-0.7171156525576279,1.5763846657728988,0
-3.4830645285441975,1.7487313471046484,4.81186289219972,1.3754086502906264,1.0447419874887593,-3.029393689973042,2.19353621117614,2.5263309740347566,-0.4648365656451572,0.5367633961380474,-5.028988520842482,-4.188977733972129,-9.357932797241363,1.2088359890543152,4.581644348717055,-5.195380962348465,-1.8945714599467989,-0.22079556290613356,0.04547669651725261,3.3649492316758436,0
-1.5499270331892139,-0.2820239017346664,1.4989410556762053,-0.20702810608893596,0.7061046941477127,-1.7086072150941258,-1.5181977067046022,-4.356985961175266,3.258218457523863,0.6232887085015169,1.434806078149037,-5.912715532319871,-3.3063086916839244,3.224863382097343,-3.037631568421852,-2.110840565631417,3.8015544496106477,-3.4406960682631804,-1.332741371180608,-1.8010228865106601,0
-0.051204186251336714,0.5435685333537743,-0.9905955300787008,-2.2081436701527744,0.9149354132343637,-0.1941029240251513,1.747535278084634,2.9855595004753175,-2.9525087763830475,0.07987877188397952,-0.5132948690005,-3.8217899447240895,-0.9503926312388302,2.772556681997695,-0.3107815071609803,-0.8782911823007926,-3.314325660974826,-0.3568384370388594,-2.7621757706881507,2.549196448537086,0
2.953216333723245,-1.7280800300523818,-4.3193739007331455,-2.075659975403422,0.7960420376798898,-3.37010068527361,-0.05029369254437599,-1.4578043414657418,-5.225461298459207,1.5947638670339932,0.5873139374822405,-3.5647316706806693,14.1026858977809,-4.389974942462387,2.5905343170870063,0.5964211040355538,1.8478682897179188,-2.7805503985247193,1.3680334066726458,2.8292475656608547,1
1.3496256938813662,1.2291052850060509,2.0963213005497736,-0.8809411269655294,2.538930377262779,2.555791561662343,2.890691225184514,-0.3844021364013639,1.807111046414967,-0.18281975331200306,-0.7346358396169099,-3.2450662854325474,-7.022951918096599,1.0308868288461195,-0.7717570475741384,-1.6706019929038964,1.2053963684993787,-1.2979556763107865,0.21368019065054522,-1.7916754941723882,1
0.04894414526425739,-4.236822176426571,1.4009784478184177,-4.115208780164721,5.780822442865752,-3.409231129112272,-1.6777819014355542,-1.7117216309519336,-8.567235498981713,4.449752477976264,3.551570236194573,-7.881101055206093,8.61151280585267,0.5646684244379943,-4.703874942534655,-4.19893683395564,-7.4931247980806654,0.6711128504199644,-1.7783600033568892,4.682067795108598,0
-1.4090744924440508,-5.141474558787818,3.0214944793789495,1.9125164129862968,4.234102597266168,-5.8613290568399155,3.713659770716403,-0.05647925098267281,-4.709845758623606,1.7160880271772432,-1.8410482613134431,-4.356631438452482,-2.5159449387131763,1.8505072132970393,-0.9713987919386111,-5.770916882183778,-4.915528206221102,0.6629768313933906,-3.2874602383775406,5.708838086561214,0
2.522743588242411,1.69102307703226,1.4632591196585705,-1.9263497625861246,-1.4699195240675351,-13.444527177957339,0.4933679850914392,-4.380148584158681,4.783936371075562,1.9428874019490712,2.7191541441079843,-2.9012639956183612,0.7665808479282162,-0.20708238803949053,6.76980382008893,-2.5721059496655148,-4.331131252894098,1.8229160560199151,1.614366220848735,1.0948704485669154,2
-1.0728426468494674,0.8771788242589309,-0.053446849126995044,2.5213836843906066,-0.8419177999134843,4.43567899153693,0.13985768051946912,-0.6780199905755866,3.4064246332883448,-0.5726201750841884,-1.4324227723142662,2.306711775009532,-1.2382201374308635,1.3662578484450028,-5.762444513372654,2.8763652646466378,0.21900452893698222,0.6007264725149541,2.381645267798457,0.021564919161485174,2
4.1108040341450875,1.174805562018898,-0.36125709738708467,-1.9402759562327079,2.4241426207305414,12.431589261998422,-0.8770503179108886,-2.2861768550727204,-13.646933248095067,1.0904026877052768,1.5132075206997144,-0.9393669928828403,19.327176449824304,-8.732285104360043,-4.215822649544961,-0.19655311050489477,6.793676027248029,-7.842462629113243,-1.7429584537045528,8.080055889916247,1
-2.287090827601107,-0.9599211186677221,0.29812832966921876,0.11178590275533207,0.38999831275417507,-8.097763319055812,2.2461890557502278,-0.2866613068725561,10.114814390993494,4.711430878365908,-0.29524535317581857,-4.396661026956484,-4.10616113858695,2.3107586077173696,4.060665970941212,-0.3515628534551505,-3.892959943873863,0.955887300739579,4.506763476369095,-5.270812915805627,1
-3.007487080313725,1.0724885663969674,2.43802831468642,-3.079418856759199,4.109038242345146,1.3564846649777684,0.41248037581869634,2.5536460990773304,-4.150440917079898,2.9997884076085333,-0.7358417501638672,-5.567021891628481,1.208685784166894,-0.5719688200249133,0.4532680010874356,-2.8688418662919597,-4.080939658850922,-0.6118733035630316,2.316329096219009,2.6052453524112313,0
-2.925155393641311,1.4517699651086873,2.0366422954502132,0.39467277018763536,-0.4482761563289146,1.5201206462604422,0.43599843992803455,-0.11534152944590392,3.7985343747074305,-1.205330350961154,-2.231833623220366,-6.247391034608947,-8.844648087287693,2.7183614758019776,1.0605840143195724,-1.943208363811153,6.984585543842879,-5.506350126333406,0.1571271311814333,-1.882870783792943,0
-2.3220891042007112,-0.2525715834853848,1.1649148570612315,0.2450218665428383,2.1336430381745712,0.31929109969118563,3.2258470843108684,1.5724066369941885,3.138354616647525,1.7666387126987995,-0.4087220993089651,0.6164986373551581,-1.2745412489861063,2.022320424069555,1.4225392258454868,0.2036023147041146,-4.889368737847901,-0.18908040841908502,-1.5824901702053542,0.6336619187379694,0
-2.4073477782302124,-2.6722018939162506,-3.2909057513878484,-3.824688639966679,-3.346555947627844,-12.294116724909745,1.1199588018850426,0.8685419405029958,3.0663115430135006,2.1396488150070763,-3.1182705576972105,-11.849899838517615,0.1650595995425973,0.9095071815132976,1.7429612242790866,-0.8417160037787899,2.6695475685837446,0.252742743493948,5.296434165352636,0.45032104222113123,0
-2.8623184025618644,-3.9221444716772376,0.8591272899577729,-0.9243477086572421,-0.4622074446427751,-10.290109213337066,-0.8752139289659557,-0.7458763636904062,0.4167849270647176,0.6184700871923168,-2.9201936612184087,-10.05828256397597,-1.9247589785601489,2.3262275550084848,2.930734433525146,-3.443678906656067,0.7396050271274635,-1.4215692662567296,0.8370690125976781,2.7039356266834096,0
-4.30844236847438,-0.6882030899332883,0.9581684682456972,-0.672274430250978,2.4754584179724484,-1.1481757604321037,2.2796414159165694,-0.24380811714083794,3.293884315088298,-0.6217175565268471,-2.363544731046198,-8.355327610079664,-3.8360807354324913,2.9327507167972953,1.9353970593651644,-1.3947766178887522,4.144578656627708,-6.233111452429216,1.567471090549999,0.9025829355317995,0
0.5257777705354441,1.6006229884509884,-1.9303224432573982,-1.2017007695602961,0.12666593127148273,1.1316354301121532,0.9815204790577714,0.49303821820409244,0.8991885414504242,1.2751782696217262,3.582160299450608,2.7741942562508224,4.252756682300284,-1.1116051980052006,0.05076723738878064,1.928277869221353,-1.4051303335595218,0.07738482357653576,2.0182845445652156,-1.528585202332812,1
-0.23919362501854347,1.4895171916985677,-2.6778107001254634,-1.1763638507299112,-2.9244393337198904,-11.336283351460128,-3.3603696237758176,-1.917713140808194,-1.727381225585285,-3.1666122635035223,0.2557253084252773,-6.805808291706497,-3.2930349674133064,2.4527938466382575,0.9553004667850051,-2.5026542142572747,3.64803518511916,0.8040627195463332,4.066851108964837,0.8896162278669827,2
0.014576221417050395,-2.889748350021982,4.124430623876194,-3.4830048444002895,1.525551220111475,-0.3601877864495708,-0.6166399825378517,1.7188173057630471,-0.6997074099716474,5.180779893177917,3.014235838725795,-4.382110060146508,1.5936771871720516,1.53367544771834,-0.25561893141590275,-2.090106149567634,-8.99238422626568,0.7397583246170021,-2.978837294490474,1.2821195133821248,0
2.489703548376098,1.0718424791207468,-4.234513055142234,-1.5258782519829013,-1.5376569685037698,-0.8982785722689062,-1.0179004659054303,0.21057994206856312,-5.689051122313278,1.5247009894855479,2.39466197476731,-1.0752968619997603,10.77833277339911,-1.9153413571276148,0.3194230569369453,0.4467665476921141,0.5179706478815489,-2.0078869363232963,-1.8627610807114263,2.306981509442705,1
1.668029898837946,-2.7155873443764382,0.1437792826675015,1.4103905874079172,0.23749907024851669,-11.00686450493675,0.5317084546335695,-0.9435595767430145,1.6571021038545284,-1.0221826806535759,-0.9643322699152782,-3.981551931144778,-6.206926846509232,2.1682552354702107,3.072075382429425,-2.548599877486855,-2.80127544016855,2.9952080454260837,3.855999761225033,-0.5154364806671425,2
1.6493483662922461,-0.981706932718941,-0.6889010668938687,-2.950197608872144,-0.4305841817232212,-4.156866113070474,-0.4390158976504712,1.1269303424860366,-2.361568441741321,0.7865669618846284,-1.9430856274463664,-8.128400093536007,3.38670436961531,0.5459643036258742,2.040588744703393,-0.6394365163653507,-2.393377694886956,-1.0537556707694755,1.1240325435887066,3.8018716639032375,0
-2.4843192638357467,1.2378878439004977,-1.4227064731932433,6.806784090035659,-6.01203814748065,-6.920507186053068,0.008640952085315456,-6.176578053232159,11.89402696894806,-0.13266360276085076,0.9459965194790707,12.525980292266514,3.625488672810314,3.4273528293834614,-1.0388850892302912,4.690115867132942,-3.730517261477972,3.3540856633763396,-5.566050799311119,1.6627653984935984,2
0.36433598541119405,0.31736903086575285,-0.3732372418023294,1.791034178225822,-1.1817478744290724,2.3479032132805613,0.33900323550712086,1.9732046516579658,0.25531954736772655,0.11036930415537749,-2.316701712424054,-2.698505917942305,-2.6832512372311914,3.8338393902497283,-4.4370063176058885,0.9691863425142992,-2.9262263487894375,-0.09024014336239072,-0.1848781802863746,1.9365280961120543,2
2.2910884146616954,0.7695213686150244,-2.822886035276069,-0.7180104313087117,-0.7007381338249059,0.028433778167006707,1.300264896479491,2.3079178676513967,-2.2622150975201443,0.7069651034506781,-3.2512727217987996,3.6097732321367295,6.866959402226038,-3.2285774606807918,2.4611113998140466,2.618765932862188,-3.996138000318937,3.6066624919053423,-0.487044741036055,2.306580268475871,0
-2.0573160218318316,-2.851599830469859,-0.2239885148547921,-0.7789624675653777,-0.8685933183209695,-6.451502877497282,-0.5363146939393465,-2.204208694162008,-0.4628735244136961,-0.8107783145750848,-3.285125849967405,-10.152692383570834,-10.665906228373972,0.8145398407141047,-3.5839353466515464,-5.252766739549907,11.384118336438851,-0.32324792066811137,1.9231160694078309,-4.034250722651148,2
2.35851094963863,0.40690163393571255,-0.688241147319699,1.0806995371922663,2.0227464794374894,-0.680095581591883,5.404441112675871,-0.3678246859632912,12.265463663817652,-1.4968599367156337,-1.2372607887780531,2.6854877162548436,-7.0955146616099745,2.5006018289388323,2.846548062161645,4.683411200803787,-3.834612302604611,1.9009668566321878,5.172823208238939,-5.229530303665185,1
0.2925382091733557,1.0798446885324648,-6.481047843559695,-1.445455656736727,1.3165413905829353,-7.660810510070337,4.187943468476236,-1.5465360051147696,2.015790733062006,1.8376844389260636,-0.5235148990551228,-6.928080481557444,0.7678053337352819,-0.9124045901509402,2.899835256765921,-1.5195338078508271,7.546854886000933,-2.8445588335202707,3.4493921753863366,-5.330973657681588,1
-2.4348534356842313,-3.25564076689877,-0.14165809864200263,2.3885725517320893,-3.911015267776386,-11.573300584043055,2.4397636371271485,-1.161754869861043,9.28223928145428,0.7606630721613006,-3.656439028962584,0.18306791410624446,-2.9283666808336024,2.9112041860745324,5.10946696928675,0.6638344295664316,-2.5753668096634867,2.1744244031861863,-2.8108054146076977,1.0098020818970193,0
1.0136741893058434,0.3384711688139359,1.4660136082940916,-0.43571177204161016,0.8496306732516454,3.4302612052815293,1.5187522160198603,1.4784073250001872,1.6639773777448812,4.680708109618065,-0.0699972464849925,0.6853483240728642,9.695017344420291,-2.564435592193894,1.4234362006291317,2.822402411359553,-7.979364747605477,-0.6252707758272626,3.1146297020142795,3.533901758962475,0
-1.078116977779612,-0.6108972043096299,-4.025862943730283,-0.5738308435096439,-1.8879783892399313,-3.7370405280673857,1.225794884942414,2.0701504871930756,7.97193532415292,4.688035803724782,3.784560875804147,3.9629999400636526,6.74114377883719,-0.8794553299143868,5.029089752159983,4.6060950844417885,-4.474633611933222,1.167373366488425,3.981319913218439,-5.95104346984254,1
0.8886208519101186,4.25488784627465,-1.0098162479027424,0.9747339071993516,-1.0692177497515607,-6.788429489856139,-1.3373656576231012,-0.02055412663658096,-1.9884912032243858,1.111929803646619,3.9597005123835487,3.489999409315767,6.4458287163072105,2.2908165257767066,3.7829521142290634,-0.36667831358816017,-10.876075337347487,2.1151806324711564,-1.4410751521553937,5.257497517204114,2
-1.8466661879035293,1.0375536859859615,-2.4238431164860463,0.24267099068036346,0.2463761392895223,-5.6039973559877225,-2.6074413936461704,-1.4015248833815597,-1.8913508377665846,-0.39220782661336406,-1.4064789689019803,-1.5555992531387242,3.6035360489904904,0.29078725601112887,0.13679856679262814,-0.2794515537334735,-0.7921488699477053,1.872083363215276,2.570188235522464,1.5093282679949394,2
-2.5782655107733183,-0.6963245192223033,-1.817980688685999,3.550543169632906,0.7966438890692928,-7.910084260591359,2.3097847912298675,-4.5603295848037195,6.6034443027623695,3.7567240994106026,-0.3339757716903784,2.120129167930533,3.7601203334622224,0.7351175975949857,-0.9500230845757747,0.3475511489667289,-2.7309874996280348,2.119402490090834,1.0402415850265427,-0.9245596101242282,2
-0.8654928733860776,0.7121420667181145,1.3434209519254088,0.5922920558023577,4.197186647825557,3.3412444877844454,4.403019995191398,-0.2596740730676894,12.455558545436375,0.16408738845208237,1.625291755491764,7.8199379979612464,-7.630947685268178,3.2344849267413034,0.2613192674313036,4.434772867939552,-7.171807905685477,4.032118228590154,1.4857481194317772,-7.21429380050485,1
-0.16853732587268722,1.0486450192220167,-0.615102627597949,0.22333759265341802,-2.3275025955850053,3.2321127266859526,-4.090794333273171,2.66909008221314,-6.282234408650278,-3.6773891283581226,-3.6386546751237407,-2.6438385639303115,-5.616399122528898,2.161544364090112,-3.502907230686613,-1.1181361262256007,3.4877503527399023,0.768662489797687,-2.3952579216489096,1.1581830530744868,2
2.3287934425035317,1.6513109965497428,-5.291842771936409,-1.1578279235398885,1.1920509593182054,1.7368059702501801,1.542274433878732,-0.03937680942436228,-1.6090784401627491,5.26632990189189,1.7285617585776907,-0.10023275334457449,17.945654042516992,-3.327190366921499,1.8525455456216298,3.358638218900868,-3.2652074059816316,-3.482869419333671,0.06445311344029037,1.5006306921304633,1
1.4128817105301064,-2.1900217982126313,0.6900228466756028,4.393058940153649,-3.6535438497249526,-5.289961031852611,-0.16431137301906462,-0.8379822077412369,-1.7114372665061768,-2.9119073008710568,-7.715187883018132,-4.668038266131644,-7.925178302545575,-0.7915360974266541,2.6327955344106195,-3.8675100312677935,8.72600658921184,-1.232409026268591,-1.1170513019212158,1.466301841376874,0
-2.269650038752842,-0.16390812854347458,5.882981360319509,0.5613879186037436,2.4632412123968264,2.9958184812892004,-1.184234452089715,1.651452084428528,-2.8451984678109303,-0.7943627377644218,-1.9315302092728468,-4.870183469228355,-8.745962043034464,2.13062468355138,2.868928965342775,-5.074759528451154,0.7966650923459552,-3.8176238905550908,-3.398809264218456,1.2913179166540938,0
-3.6260930411622545,-1.9817586075570777,3.7915755586146243,0.5811365721403052,3.5835734237151327,4.223559116756161,0.9651496507816475,2.5431809771433587,-3.540589701572707,2.09108164740681,-1.7759522627419773,-3.2299758601608923,-2.5902989898981064,-1.710038803319442,0.37635698347817426,-3.5827963599725026,1.4606142148415304,-2.710634211451262,1.476230024071627,0.47570359224357084,0
3.9244854424130833,1.408638056372479,1.8017353215072873,0.5981253066026002,-0.36346609963813226,1.5780224414983643,3.4194614639937893,3.4972911629198804,7.438041156654984,-2.1344349389309896,-1.9640929568148495,-2.200647790765583,-18.225333346377,4.91687435014037,2.6587391562490392,0.0016681315008256759,-1.5436679262720034,1.1504020570788636,0.9194175632971979,-6.891465976888305,1
-5.377048055940848,-0.2936278017781755,-1.7776830578828786,3.467342809426438,-1.3825886064518649,-10.958856880772618,-0.38810409609209706,-3.088902670808038,-2.0244819433424963,-2.1200632190668003,2.2110672941506406,2.022535469982727,-3.7770669681136586,1.3862976985545301,-1.2780802118491459,-4.468060440573844,5.459392095985411,1.4686061006234796,0.471558740720764,0.7735689849591878,2
2.4044029915872276,-0.37731708476148196,1.9506562497239504,-0.5416448813379215,-1.2294754544647373,0.4500006251274834,-0.025865546012040497,1.1421495697962467,-1.3590225176807949,1.4529378905992412,0.4553969820957522,-2.7982159706449643,-0.18643070652305427,-0.11350038171338073,0.8638169039842087,-1.32014100706001,-1.9167452462432042,-1.144376288358253,-0.935105788118179,1.6335005026000915,1
-1.52226671421418,1.7500812749119246,-1.5691661316155945,2.3809552138616654,0.7583863455582223,1.4217784842449097,-2.288219339845956,0.8693662159956923,-5.821994295766501,-1.5041656914354584,-2.3352879510045694,2.5564846100649907,2.6956199148815867,-1.017770190405987,-1.6927339311229463,-0.1486160864320334,-0.1495088163717746,1.6529899130670178,1.6267864857701175,2.521969538136087,2
0.7143299184771479,0.5051440893097321,-1.9390867890573942,-0.9375107647110184,0.9642143153134912,6.4695641163469535,-0.3150459444513105,3.4541395931999044,-3.6227456886922633,2.9324245038751107,3.356231785284794,4.425787614267226,10.705724080183467,-3.978076685619264,2.4704799206690558,2.549357618020541,-2.461340838475602,-1.880571017711314,0.79586521048652,-0.8141813635365421,1
0.03635114498515968,-3.1788895534242725,2.79234324925023,-1.2319699527210752,1.1455379587778936,3.008561189228428,0.2842834217549476,-1.2385670609792818,3.6613976494688614,2.7484117027927177,1.6067407725895344,0.0015348981686263315,3.7709044344714067,-0.0468986557886808,0.20700836594431005,1.294789115738903,-2.7378535360901264,-1.991670189595284,-3.5110534415544463,-0.1462730415876281,0
1.1341635546001692,-0.5585592468685714,0.10951321485854248,-2.2760283257162897,-1.224465137090375,5.164682057708016,0.7268936170510778,1.1520389406744775,-5.696471326664009,-0.20970318774053132,2.578692650567715,0.5634290439747496,1.7498774185219947,-5.247353685300777,-0.6983239549783842,-1.6569714705771172,8.841710857210673,-3.0513072185047667,-0.7207778466131436,-0.8313283868926369,1
-5.782929367525551,-0.04872871693822156,0.0955183755524529,-3.0207501149294647,2.9970419751481643,-2.6217759784848598,1.0326806570626044,2.955395999249345,0.5408448250876683,0.17655578502231128,-0.767100059537857,-4.001808347851755,-2.8194833642225503,1.5677866889419843,3.7526761495439054,-1.2738914004496187,-0.8574883368606154,-0.6748705378028468,2.1826106696987333,-0.5898201252929676,0
-0.8426464480729222,-0.4180768269795554,-2.4798361756334533,0.4525835869119136,2.4216417061674442,5.213837768972061,-1.7259338287318169,4.331530463124778,-9.39329368207113,-1.393141809385641,-2.8348990503055527,-6.941062011715815,-2.047827338122097,0.500759177889381,-5.041099446602324,-1.696728004812345,4.049844055860461,-2.0051756178984554,5.156566153339073,0.02198054454510423,2
0.7594422845295312,-0.7418879169225343,-3.1449976300579006,-3.7928996888957864,-2.8908775083061253,-6.144409732332612,-1.4355912684007897,1.4507973534369387,1.221452569518831,6.393772130064647,4.387428594160555,-0.1507325415980126,11.494997163386442,-0.9588258645079999,2.6765429054795957,1.8980366498184347,-7.901132056247944,2.774097617376298,-0.9771764150478568,-0.9411234697067135,1
-0.07379659482204659,-0.4209591612616128,1.7590478310641515,1.47093394997835,-2.160057746450909,5.203439479405207,-0.1668371884230665,-0.41466465986755396,-4.924145468579215,-5.470581605936182,-5.176326283513391,-1.748665707620338,-11.333763875390375,-6.507468570058313,-2.8978574579782217,-3.6336706996917427,19.859387457558235,-1.910264811744308,5.605508918469364,-2.866480174836153,2
3.25555052138943,4.068654934771825,-6.738649431187213,-3.7362639261642494,-3.978561530764903,-8.316031344275013,-1.5757963764260432,1.0558636827532983,-4.147865181201648,2.0265037558784122,-3.6420898054995527,-14.118491284720138,5.120138356733263,0.6375790573493227,2.2836292436971415,-1.543883455766868,3.311541987304378,-2.4935780642899723,2.00995147575101,1.4322450677927248,1
2.053661819748319,-0.8008041728111874,0.5384687797918326,-0.6898155829406729,0.5286825304038053,4.5746778494459575,2.067969789580748,2.1307059979669454,0.4529749173346669,-1.171874833112104,0.9493790004151911,2.6374126770490616,0.07445950449241517,-2.9409487810760684,2.435056786183903,1.9413226834522965,1.3197841894001607,-1.1577265292025878,3.2625809478852403,-1.2323490840739786,1
-2.265186284152678,-3.9428946984932987,0.00445418707167522,-1.384896578187122,0.9445350059589108,-5.595096874136793,2.6238113871365254,2.3379221866957005,1.5986726400734128,0.5135028296021504,-0.6079805369041651,-0.8457193146882593,-1.1690815651147142,2.3486265265126267,3.0830796818220496,-0.21093817596261588,-5.280487144299912,1.9673249818739302,-2.5226271515193552,1.5643810161091138,0
-0.993882957793083,0.7085870414046759,-0.31033072389352956,2.7603547238810773,-0.3069819495535996,-2.4378660394953733,-0.48908093784171136,-1.4508397942246476,1.0558272160309135,-0.6753168337189104,0.4999442171585198,4.330545176008313,1.0865598540547,-0.46452813108761615,-0.23155014824554665,0.6582577024197394,-1.3380922027656554,2.0250190108605564,2.9006786272003264,0.7036127034410454,2
3.3993479502291564,2.357839934773976,0.8917218585556386,-2.416915435713656,-1.3983379921799974,-4.580885410740936,0.508924438317913,-0.9223046755852707,3.2123807924411705,-0.1122712843273479,0.3730787877708177,-4.790082695712995,-3.5549671158323033,2.318914914935416,2.37039729268141,-0.6319805066875419,-3.058129941841475,0.392631807774521,0.30071045385749917,0.5460977540994971,2
-3.341911716244109,1.9819004548758885,-3.5784930846746197,-0.4843230609990129,3.250539298415228,9.78632464133198,-2.8724090147300774,1.608748642760756,-4.060475663097668,1.7026336895192598,3.494281486588305,6.932617980601429,12.808824030239371,-3.7988782067939675,-0.21156014071856655,3.710863295183764,1.1024343160192513,-2.508874566308185,0.8606507415278721,-2.928036436612204,1
-0.18007667174442543,1.3984291870094205,2.5755310434017313,1.639643945807284,1.992830354232827,-1.4885675713720044,-3.6446617090344837,-2.3279848193452537,-5.617420492693825,-2.5873319196713838,-2.6996348578479346,-4.5079421647642155,-2.912933993417975,1.954363336874511,1.5742935614050388,-4.615899018163495,1.3448999078380366,-2.484828082958177,-3.7959225980631555,3.8165583686192694,0
-1.3041766445920073,-0.8169609955031583,6.768948053687339,5.002005242255039,4.383532603945955,18.36824210117734,0.24318047770507767,5.029402161094921,-2.2344800010558186,-0.35629473374130627,5.24818678013501,13.57243065392602,-0.062350157477338644,-1.9344208171846373,0.8617752012349984,2.0487316404412406,-5.690902504844544,-3.4716571331817576,-0.002823516156079897,-0.17241457932807003,1
-3.323530790727494,-4.427632941455553,2.8844827318965356,1.9557311693740083,1.177245256890604,-1.6928146851249952,1.0030029786805765,-2.661522036137002,4.256695034596496,1.1730064133862248,1.0174310713749866,-8.132772444421482,-6.658863908366944,4.449505072680251,-2.915338535267379,-3.311325175509822,5.13132239315647,-6.365416340501264,-0.8922463448445546,-1.5155510310332767,0
-0.0038793435761834694,-2.3875749456769255,0.018905948427769603,2.4925284864809054,2.37517151381064,-6.038947982918039,3.801642923505474,0.49016230924153825,7.237025444337567,0.49116638484465813,0.3321562930710755,-0.07082883901766952,-4.8965193456136085,2.4583946626291677,5.931352744097001,0.3439332353651805,-4.32335542144839,-0.03056398697531504,3.845410159295832,-3.3800403504347387,1
-1.6373920479646418,0.17751540458921333,3.9238756520114144,0.14516527291753367,0.9069555885905572,3.5534264606706976,-1.829592046624497,1.7244152167228513,-1.0200143154361645,0.26913282512405334,-0.2095415569291481,-1.9888946474341298,-3.913046286032087,0.829949332530542,2.0476942034958463,-2.0630917472744974,-0.38472040840169486,-2.5010055010261913,-1.0032387488363743,-0.0017106552436643163,0
4.219319501671266,0.7962605494846504,1.1475097741081672,-0.31740272046376083,1.1483546488669163,1.5902256126010832,6.535524983410087,1.365576619467848,7.060696554233181,-0.5742175517845864,-2.854555123700676,-2.7097136155731585,-9.521773211184884,0.08604584452688568,2.739643813862224,0.9516277443112706,0.6248275794684641,-0.6143058194005948,4.361319260129033,-3.543627523143481,1
-0.6227693542037966,-2.2054729948326517,2.8728227032793843,0.2620992337007595,2.8162030401294125,-2.850293148830005,3.797265413643596,-0.25013627439851494,4.115065810855652,-1.8250413285791005,1.700090675322897,1.7922598150879192,-10.798055627156588,1.8421565269454514,1.6834879626513528,-1.9697982749142766,-0.8722363171703882,1.8880536140193889,0.5911505198674889,-3.0711248224447676,1
2.2352328707815845,1.0779833817514644,-2.1374392436232927,-1.1092176067076174,3.027503982075488,-0.48654869985958293,3.107834302347568,-1.471095805108599,0.7177182349095393,-1.5295846630358056,-1.4164735328978209,-3.0738381229530822,-1.6786565996145215,-0.27642031099156794,0.46824081698064934,0.019781177513968462,3.124242528265074,-1.218036924048665,2.148762174124365,-1.6583128753352638,1
-0.23082221175979045,1.9906646986592433,1.2984576903802565,-2.93523864645026,2.4848443823553943,9.59323346177052,-2.1687021840684424,3.9964535196499673,-4.489411737283476,0.6248946958913264,2.062004793926816,3.491230334261279,1.483890933447362,-0.2520485291640657,-0.3272423962859572,0.9155495412024132,-4.592271907869116,0.7910054409663081,-3.729094663570325,-1.1825594970318594,1
-2.982886557130845,3.422406016247307,5.082448415778574,1.0359099834442396,3.165888737067898,8.568497671766531,-0.40821881094975376,1.27786501115279,-0.7284691168644931,2.284724448189889,-1.2670374076056876,0.6077043691077971,-0.7958402087642977,-1.4563131074087652,1.3708608679673298,-1.647760284614248,-1.361487938030018,-3.2057973456266735,0.23353143190865167,0.8737552214954308,0
0.5678524831730405,-0.029417970973985352,1.6214745805577055,0.3744701077763728,1.75203638526188,0.11562686215977443,-1.1779267169157,-1.6371776558663589,-1.36699405337984,-0.7901378439226343,-0.4566036515958307,-1.3772068189188091,-2.4000357624987934,1.743531757984135,-0.04329284648129916,-1.997810338334206,-0.5115031758006273,-0.6348877415708201,-3.9726908329925332,0.4469715912755482,0
1.2564663811092833,0.05516105986664399,-1.7359019184269253,0.5786211849828358,-2.4395596563249597,-2.0962935713943143,2.480912529156937,1.1526404224862206,4.282329893064313,3.8622039333606546,2.3551401368820333,-1.799111156141912,5.308054696831463,-1.4210609998879387,4.066869802270593,1.5195056947485628,-0.15792461103017869,-3.9399870636581458,4.028480230661566,-1.2306551023613352,1
3.9404398555451037,-2.5102770987329626,2.0353213632143214,0.5317492693040833,4.037180747837354,4.926205230715413,1.097120665794809,-1.7919761303030861,-3.8368250439982043,3.8133855532286405,2.2260772440830197,1.0294355733943943,9.151989587284373,-1.0812364851967602,-3.4861017048548177,-0.1822697972456806,-7.35716312141974,-0.9033255575052566,-4.555568598207331,3.8085936135972713,0
-1.2249716564636008,2.7729059184180302,1.72604423329601,0.49755182411932997,1.9410622819175343,8.059193416439062,-0.9011271639570282,3.1025447886259108,-3.6265381810958424,-1.4436815411672512,3.158682084589239,3.7033535108758184,-3.837862729675931,0.5664891128925187,-0.9643062790157388,-0.6607206071049461,-0.3116512464565993,-1.3620401292957083,0.4048343197341925,-1.3658495918245497,1
0.7881263319548035,-1.903012792652857,0.05972005565344218,-3.2648209164635538,1.3956766478563067,-5.7169234664148085,1.2904148973786513,0.9188089267772267,-0.6430239127230694,0.6475084946861511,-2.5159429874501926,-7.064072403820898,0.002340203355381848,1.5521491915985897,3.2810962534931263,-1.423093662185512,-3.8907344720056396,0.5005042492269949,-1.3590403133351243,2.6665231192450576,0
-2.861796877199211,1.6866897159256873,-1.8346785158902859,1.7768692456619806,-0.4004887602596561,-11.23785980101504,-2.9840468396882582,-3.22008213074443,2.066729125428483,-0.4648306075733356,1.9130882613217,2.154849914162745,1.955032862934032,3.5882220110134986,-0.1005341846914517,-0.00451991371482352,-6.791895417684497,5.002646156492074,2.656362426583623,1.8545898097185713,2
-1.059467236144062,-1.3433878008339049,-2.4618068782912337,-2.1701611239843377,-1.0760227148343513,-0.4863963494387412,1.9318417932864391,2.3273734298758155,0.46610904725503544,0.0638490515186545,-2.7464991203613547,-4.147021063749826,-0.07866335688427555,0.10923131773212746,0.809167043378557,0.8346705799682144,3.477376063794071,-1.4577695074911752,-0.6185973874234606,-0.3982173197879044,0
-2.8090508519490203,1.1702792228958208,-2.518730305598792,4.598079434712972,-2.193036986002685,-6.765218868934782,-1.0944056634401427,-3.236698656074146,6.303127032022726,2.0648244110012235,1.800632400949862,4.632368226293006,0.18348509744887398,4.384392618650092,-4.162021774859669,1.376572532898511,-4.609651318084376,4.066565293623118,-0.06768216768630508,-1.9356295345820054,2
3.3250193895875135,-0.05094612986817326,1.018841966007995,2.4192912357459697,-0.12970702085540564,0.6845502417450061,-1.1361980110685774,-0.2216348645988394,1.9414336829985719,0.6729152840026535,-4.026034014051661,0.39461448782508235,-0.5724058613337646,-1.1963712789996372,0.19338373305460266,1.5299911835562225,-3.7920694296403457,3.08628027715147,4.052986776284388,-0.6185130138626629,2
-0.5644119287149711,-0.05298503678669708,-2.570404393149409,2.3823833767322635,0.09722828843117304,-9.194180384854132,-0.9221165330857518,0.696862878703556,-1.8631415937393667,1.8001716655866078,0.7911450422974875,-0.9865405392294502,1.4614485035193312,4.376004953386081,1.6660543638678291,-1.9361013452552784,-8.240643326808968,2.6410491140105528,-2.130932789410884,1.681344617070714,2
-2.1658809066142624,-0.4076265483589496,-2.958086219101783,3.692910983614164,-1.9274499218939538,-1.1174646541595956,0.20684128911435717,-2.6969552563959533,1.9737860941859604,0.17027795159226367,-4.924218590847538,-1.3146962226490075,2.0429324016431534,-2.23399616867873,-3.3876450033309617,0.9852954586297642,8.679206189271206,-1.3027715782218126,4.201118507782249,-0.726140980827374,2
-2.453242392381662,-0.5795100608468582,-2.188381533615269,-1.2097837356568681,3.8109835541321906,12.673647836656546,2.2607792820307857,2.8289841940050438,-2.7829840359491094,3.7604349247228543,7.881926149312536,13.003154867641006,17.35674269626083,-8.019941773959046,2.1725592782561334,4.8159153981269265,0.33750218220561756,-3.813629235921159,0.454013255407581,-2.5937344702459306,1
1.8597933302714607,0.004483839785055954,1.7861084715458477,-0.45053311687924535,-0.6848528609295119,3.8683782334784933,3.4071177433995468,-0.18569884555790672,1.562614538986884,-1.3022361790817727,3.697420058335663,4.38649941022411,-1.8428016573457362,-2.2510949133899505,-1.1714802965039124,0.8830973649871032,2.52803588125605,-0.9000253791145271,1.5856225661838614,-0.10507485438246866,1
1.253209253460969,0.3642946069126277,-2.204192909904682,-1.472029124820413,-0.3342507424646539,-1.0217757122983184,-0.150999629621281,0.939224530438083,3.71201627461977,0.5839449655465132,0.8959267623511209,2.2990168769797954,2.8731493211064776,1.0069914239561313,1.8438551432240928,3.6487785895441616,-5.261946540467304,2.5173702006531475,0.45794466839082004,-1.981445253414067,1
3.5734882512016872,3.680473007071884,1.6647116924874457,-1.3840005512091609,-0.797442909883594,5.8679662572374,0.8800046125345131,4.6638760824135375,-1.251231437458189,-0.4462940531672783,-0.32584763444403464,-2.2477003352343496,-6.907838278211354,2.4003145425665906,0.49088640659890503,-0.3140270348847358,-3.6576527709182725,-0.5232172993596087,-1.124138553145789,-0.18171993496435712,1
2.1464963771208945,2.0765246066979905,0.8561065699612556,0.8704138003832387,-0.43822254603930033,-4.87840710301623,0.06986230574020302,-2.0689684760813902,1.5579458577724186,-1.2984468608154087,1.2116619838079092,1.3938170856437135,-3.3215108188947213,0.217835343064414,1.8042001377913799,-1.1074095996117483,-1.8075133862261705,2.3455950107977213,2.4549655218006,-0.028969116398607664,2
-1.3872522599972508,1.5287935670614292,2.0795054108203535,2.711942386910068,4.369520910008698,-1.177438038064524,5.5245751316946095,0.7830329258703532,-2.011500461570225,1.855477418607936,-3.346849688813526,0.7075035318624016,0.6223262755864224,1.6757077117978896,0.7740574403449609,-2.5174488964380943,-8.815917794213926,0.655645548272356,-3.261470654357364,7.450037119004073,0
-0.4803014199537585,-0.7937909607720692,-1.2055959406981398,-0.8986918813823377,-0.41924278410979565,4.043397159763675,-1.3423419810421235,1.6247591465778632,-7.367779683968023,-2.5949709403825767,-6.035777036018555,-9.59070229297302,-3.160792582062109,-1.3766321778554111,-4.398292604157459,-2.24189451889565,11.064477651815325,-3.6659159567614292,2.590597214597627,1.5411089178457975,2
3.4866645818508597,-1.1264581984488498,1.2264383940217751,-2.1046695327520846,-1.4793401507138695,-1.635997168411224,0.04420810641136497,1.1043841016696951,0.18988546104198034,0.9317485145512421,-1.2887937908792328,-5.345832470300778,-0.5375349180413662,-0.5233182975444811,2.563199548735117,-0.4902304579568839,-1.352540578723692,-0.5143924682620982,0.7729036360329878,0.8698492161665654,1
0.41431766547010496,2.497289212408182,-4.712727747861749,-0.8911269143292906,0.20839459350543676,4.876239721449273,0.402007880254995,1.2839173165515212,1.4670446791678984,2.5188700633759167,2.708929678757078,6.676041051686784,16.71765394391567,-3.262117273591503,1.3615414581786456,7.247273272662584,-5.20525110129911,-0.7222961195932859,3.5188882318390093,1.030932782496924,1
-0.7921899777754766,-0.41555194849685484,-0.9890995330325583,-1.4720575744082165,-2.446653815446563,-11.407691531007297,0.8137191188811367,0.9154993301370338,-3.317082038426556,0.2749696186675257,1.1234419548993666,-8.114161838230062,-7.395654225680936,1.8211989583368031,2.444193357251601,-6.561617734568149,4.174535710268983,-0.3189469489048662,-0.30891346063563185,-0.40922500004454143,1
-1.5330641067897997,-0.10254765709760849,-0.2641335362921171,-3.3925581218405343,4.395339757338197,-0.8752138825249999,-1.4447967287448233,0.6138149660992509,-3.078545636104332,0.4691783561243623,-1.7748493912804864,-5.391573765588708,2.261780547524879,2.421764264373544,-1.6973555678954226,-0.3007763014798205,-6.154648259608245,1.876838582499924,0.290716040255382,2.4967836860574475,2
0.2506280133885881,-0.9376337263041762,0.850363547957565,1.441581453076552,0.6690941968094156,-1.3541032607434398,5.405662261120896,1.3234507518569338,4.722188524797635,3.20735915455638,-1.3140627838574204,2.6903002340037845,2.8152617919734233,0.6016011997080618,2.034712697274581,1.788724142669658,-8.5669010173083,1.3065305769004847,-1.1893153056227592,3.2204701649480243,0
1.1085332568959148,0.05317790561228053,-0.4455574590417526,-0.41937779112966966,-3.0677253904886745,4.11041582476074,-1.3454206676939304,1.6052183948179564,-1.5282029735102731,-0.901633255617879,-4.81756572144072,-6.526769445731097,-2.061757577647272,0.9389599687382602,-3.7819457095788978,0.6504926339519166,4.577605830003192,-2.2755651119688336,-0.18583747063387124,1.592315648430005,2
3.0103457885142824,-0.16179150522549457,1.548033020285836,-1.7322854260624254,1.2886332605758153,4.168332535031726,-1.1090192624033737,-0.24969144152910516,-1.2069021115986396,2.9054459885715493,1.0245009668583847,0.2577223795173811,8.164302935834916,-2.252914867954486,0.5711393438280922,1.5118575946743134,-5.3324003106548785,-0.4665791778043362,-1.0809850950805975,1.8040211469463399,0
-0.6484274867492208,4.099260754407503,4.556997215548301,-0.7575171418862956,2.400318463087416,4.761725815437598,-1.1153004451355906,1.8583468726131502,-1.0002951359725387,3.8486271708028297,-0.025806218899502964,4.981151325586573,2.6304791168628485,-2.5644168928579054,2.5762877109970654,-0.4775296021651936,-9.751208522307593,3.608119934262792,-0.18485973046778603,1.332008554364967,0
-5.507270093066785,-1.0602120959715906,4.644328334869989,-2.4421470548790203,4.509835079970201,-6.1495299281530915,0.2312337117402452,1.6842497139913333,-2.9472931604473818,4.506822036898104,1.853373965335868,-4.410787063072257,-3.7291726669340965,3.233570632906192,0.11004086569094085,-6.235977192673012,-10.156863458823327,3.4418813143224067,-2.014677693393487,2.5759266268123184,0
0.1880519955066997,-3.3184051521227342,0.7432897822175571,-1.046990327413928,2.776027919041514,-2.8580408317564476,2.0136183041480544,0.6947315584346946,-3.06914296159516,1.2673369446855156,-0.3381880974765058,0.5518181761154753,1.2074587901413065,1.8844213506209777,0.1613291793621483,-1.8357792764628666,-7.260905697746108,2.9053741612356,-7.7846279101469715,3.2450511037573966,0
0.9874982399916489,0.7237468326887735,-1.044593454394322,-2.9236690239125958,-0.39792792259782206,-3.912119518242903,1.5019043976119268,1.5889357090673635,6.865071317822528,2.9683731369868482,0.4528671506128159,-2.203272667788257,-3.409028311024794,2.4024181839348273,2.4840270598291547,1.4295634287676977,-5.740450490694914,3.2604284592317363,0.8817898884596627,-5.008160568784343,1
-0.7111748970769074,-0.877788978426149,-0.5659804520563109,-3.976465019261608,3.00362199939755,8.130843544835827,-0.08575325565635938,-1.9223185331495016,-2.949911885721375,3.8118020622935305,4.15833116512327,4.673815856579163,18.462131013554995,-7.0851864958037885,-1.3557552838989415,3.3459591435244564,0.54441563754605,-2.753078319591148,-1.1508722306588637,1.8124081646924992,1
0.7157036793299085,2.0541091646987035,-1.10152408081588,4.574896754206321,-0.66792111857309,-1.3394516859357903,-3.45808689056163,3.081978923940232,-9.151933803707848,-3.7441547679239107,-2.401638225559675,2.439579753702127,-6.21724731340716,-1.3212597264447634,0.38336328481697146,-3.3078241114101608,1.8780737561797995,3.690531007499528,5.227653295853936,-0.16883657982411848,2
-2.0518620500642335,0.740566308191356,-1.7907039209516027,-2.462884969695033,-1.96707699150585,-1.1843553976323384,-1.198145771146443,1.7397041402021158,0.1537514190519359,-2.0157114247006103,-2.080837542066884,-7.125760848272007,-6.694082843696588,1.5070049316070548,0.6443205149300077,-1.1610087881535063,8.224756256639694,-2.42862698767067,1.5235824981166988,-3.26921815087311,0
-4.5184202446124715,3.0582570709962957,-4.103403740597437,3.4600017601838595,1.988684772634083,-0.8387313582174483,-0.7274409534143601,0.24870742217089603,-7.146850947047012,-1.6962629315149238,0.7470518072264634,5.251099131003082,4.375831347175591,-1.3087006653450102,-1.5453785351826068,-1.2117805198273317,2.660029147321901,0.4245498688485878,2.5480598664513847,1.758683354499533,2
-2.122826261020541,3.5047789731047114,-2.7219349737578127,1.2656967596181212,-4.135030738474007,-4.600514705755877,-1.7016700166486118,-1.620805509159147,-2.7936864741602285,-3.995496124185572,0.09947087263270427,0.9263177487426124,0.8250298851143385,-1.4802076569599447,0.5766985839787377,-0.8391123646960827,8.497997403776244,-1.4313977559741335,3.130338370314707,2.793866380296592,2
-0.8296790508622647,2.785389387150866,-2.7318378973076123,1.749165930716725,-3.2414058154902388,-2.3030877474676634,-1.0600296044407234,1.2812222570903105,-3.9102753961739314,-4.881856619252277,0.23369267799251814,-0.11171462161534651,-3.58491231699951,1.4870813702893848,-0.7811385083502332,-0.6895569386598824,5.2894596061050505,-1.0880931578297277,2.9186453578233844,2.2779311799258792,2
0.2170885930490838,0.017935662572659883,3.561037040572249,-0.42542359590803336,0.8919340272320467,3.820848357869203,0.7764469908514351,2.7549440964601644,-1.0652067121806363,1.5386188806643535,0.5707987682124924,0.11184629988248801,-1.762015958090244,0.9373743066377453,1.2683468546678485,-1.1235069804232003,-5.14638780939849,-0.6910133845901999,-3.0450806280075406,1.8106172888127758,0
-2.0004307998795943,-2.8038905060698522,0.7471738670762581,-0.43977155360524467,-2.300238921264245,-5.014434875784314,1.0301500762760558,0.11048410941630116,5.8730742080377345,0.43617826628190615,-1.2138299037570164,-4.08428631853784,-4.623489550641991,2.571348401171852,2.357555870988513,-0.2676254621891765,1.5095527900941081,-1.270516343683928,-1.048930324108949,-1.182152062216037,0
0.0866555829919573,-2.4945826914980485,2.0577954828943943,-0.4466038435172185,1.9893511919194973,8.44619380302606,4.489507334841493,3.538426420135752,1.9425558672441747,2.737444741430071,0.9502750636329036,0.015246990127477131,-0.2551864264009383,-0.734657489853372,-1.0291323405413477,1.3892035599562265,-1.247277160409739,-3.3115112098281827,0.13240452602056907,-1.0862441780412917,0
-5.114735991592944,2.5942253757050913,-0.9650120646053232,0.09061273935563763,2.0771098859176966,-8.830582296688311,0.11490951258398008,-0.9376579863234237,0.5084920047945827,1.523032905235997,-0.6887208686143566,-3.1523893162930148,3.75756043860147,4.834855753884218,-1.9249050402190608,-0.5128185707168387,-10.324758741914984,3.0764897876732427,3.098645008026807,6.868606306509108,2
2.3907114856213325,3.526840387459427,-4.243777153248015,2.1015674076517215,1.7224683653234218,3.2388453153673726,-0.021022586418521838,4.946539507024018,-4.224304281395356,2.4735812503867294,-1.125967733232745,0.36558876452240274,7.44628069723588,1.0215159143523738,3.8774985044981922,1.88384855877811,-8.01932304688593,-1.4693462788794944,0.13494524591577584,0.8416427509533579,1
-3.2033688690769315,-3.16835171801256,1.4648725082549223,1.036909774157293,-0.6304871796760001,-9.113886102804287,1.326602902262483,-0.7690687949118375,1.9961159946388394,2.281704381202082,-2.368989104541687,-5.1266025143816725,-1.5607432677077602,2.729258316898484,1.5098778421155175,-3.0740160273568575,-2.817515504516906,0.2223045026824373,-2.2162435469632085,3.470438747947735,0
-1.2767772457795823,-1.764992362021407,-1.2851635848417151,0.43918586969368445,-2.8123347834801837,-7.294051684579401,-3.5003251478382134,-3.4225166502041384,1.78652736263181,0.3791886129671693,-2.4081957877054774,-2.891820524136948,-0.376142385150549,1.2751272899316506,-0.9883392282116872,-1.0557227822564628,2.8934826289123605,2.0365711399395954,-2.7472319164291794,-1.2434094860889444,2
-1.9597962041587011,-3.9313823057358093,4.299684295443861,2.961867312395063,2.832088362670648,3.3747354943253276,7.258421487743717,2.0334837005626563,4.047230129905382,5.297933951604062,-0.39232153432980765,-1.1395891521251,-1.2684684690120351,1.9079970490355853,-1.8572244828060205,-1.0626673603117995,-6.319289100711842,-3.0891586085008202,-1.9257808361063904,3.0513668312900895,0
-2.3278569549458124,3.8604183208677494,-1.0172309999078852,3.303618371069559,1.4994618750204873,1.545397975653771,-1.128592839394635,0.36072016610939794,-2.2610269539883543,1.83601087543888,-0.6354326642062703,4.058796865539714,5.104402953416569,0.8523218285270145,-4.103573798605538,1.0683895925155342,-7.327155006413111,3.0143137574470793,2.8764943648167436,3.374452971746094,2
-0.8043352573705533,-0.8924947702777821,0.1103817102038317,-2.784973041824693,-0.734386128263723,-6.54251432743695,-2.8203870672004183,-0.7814831087262828,-1.3827015582528372,-1.076365053600774,-0.4923660759407701,-7.767839798185272,-4.7404896364004365,3.329782007016782,0.5339854121841349,-3.1716691338446603,1.4485278692700523,0.13552564266854406,-2.1331907107611174,-0.1569354621982515,0
-0.738149173887688,-1.0142385589291205,2.964132326800676,0.2746614500625293,-1.1663968874838733,2.234719576621282,0.5063944246489418,2.504625995251428,1.210004274079203,0.4197237164183152,-2.1196412524847013,-2.7173615935341724,-5.586312963285004,0.3202126410524764,2.446637257437319,-1.3858099115783442,1.695728087283031,-2.257409616587056,-0.9989480134795227,-0.5494404462262297,0
1.2096703727118592,2.3493327895452385,-1.8872888079360113,-0.5806224838701033,0.7509202365575824,6.047291898077354,1.3939822657984637,2.0092543839522046,6.97893216671849,0.15614602018061263,0.7287483546796005,5.550171240260723,2.905995467327729,0.6291402183847494,1.7720583694756085,6.774627369384375,-5.402422046491821,0.7139599858060177,2.576058843261568,-3.3305140140802134,1
1.5086860168582787,0.6312595429651138,1.0108805076886753,-1.2231896199093648,-2.6690050519127393,-1.0888174920790485,-0.16098426468893912,-2.8064358363359356,3.5188634604250733,-1.4914182320327591,-2.453450187389796,-3.21664377432056,-1.0560518846084075,-0.6951804354553959,-0.1909469385573992,0.8625723310648119,4.342274991886802,-1.175553064801306,0.7407316632958916,1.4251155206563573,2
-4.234757807679591,1.6775033438353166,-1.8398473735684802,-0.9089068608488593,-0.7667261009409818,-8.258698856377457,-0.1060152617100788,-3.596269901855841,-0.03225545809544261,-0.9022271414920511,-2.30812638101647,-5.18054619309582,2.0565810724695934,-0.4942870676907032,-0.6592229831622102,-1.8035462036797463,5.609853637211417,-0.7195532849432025,3.757876236219274,3.5393150637867428,2
-2.0343387084133546,0.44092232413287114,-0.2393642033566259,-1.615267264630707,2.860080572064787,4.458089514298361,2.501083289960191,4.646281078555266,5.87174913240392,4.481026475995824,2.0049740192734973,4.201567891956013,0.5641230380360136,-0.2175183754463791,4.719537749396244,2.955852963061843,-6.672835141311353,0.9992721854950333,0.9608435534817457,-6.732644966843277,1
2.8839745505706857,-2.0230228433904607,0.1369432903203851,2.4022840539594883,-4.259434423661115,-2.3470796155283637,-1.3593215241238394,-2.686845379563043,3.6363745526443942,-1.5407670878523605,-3.134047585890301,-0.34638735604076687,-6.2651397616562905,-0.4153229018288487,-0.14817695145242737,-0.3942042808055928,7.037318231171792,0.7562230415215542,-2.2142228666971677,-3.849541881134387,2
1.5099660455726016,-3.190052778375126,-0.6238020650636503,0.29073961467408926,-2.9361722320285812,-3.4694681223597583,0.6987703841237791,2.6730241398134815,1.814854502397773,4.042583488344272,1.6264964291912387,1.7272839136896216,9.69140466102185,-2.6867412828754222,6.049587734326418,2.447938140890894,-6.080249584222439,-0.28779761784234037,1.7557415834346262,1.8779286938167683,1
0.7299557159734325,2.418182254172454,0.44615757608187123,-1.478573617182418,-4.7594171735720145,-1.218260223594872,-1.6914721795771333,-1.9439540862228002,-1.1748773619642396,-4.248961813643417,-0.04219836229204865,-1.1544466583273572,-4.083802034537363,-2.156656802548317,1.0265706285391913,-1.5340302842362907,10.927089901612518,-2.1090512416197633,-0.09952427415544318,0.5416066015843629,2
-0.24556745450871464,-0.43177411237521035,-0.967383641902891,0.7322662649091123,-1.8442616801842755,-4.632466953179823,-1.0858980355237078,0.03465060314605628,-6.515764176273336,-5.044188306500978,-3.3556973330950672,-6.029171699410362,-9.980047399441425,-2.7813024744744923,0.47131357536442775,-5.41834698810894,14.620992193467933,-1.1358657846317577,5.5429870295906385,-1.5677095810336557,2
-4.232224065390261,-0.16844915716620568,3.571057962975103,-0.04704177083888861,1.837846400201502,-1.6073537953275567,0.04911121053178502,0.46331647610484206,0.6078464732056116,0.8151409239448892,-0.32682908369509556,-5.36441284558534,-5.66339114866225,2.945535355509907,1.4316448666837096,-3.748610891897211,-0.2527827116688717,-2.9206211954730286,-0.6199016485016916,1.0452622577024737,0
-3.293784468178729,-3.4898850305518243,-0.5908430486177494,-0.8127245423334841,-3.6700005113765624,-9.175219571727771,3.9764984763391333,2.128723936622534,11.722481394482706,5.254953624589033,7.648772244253653,10.338870448245585,2.1948618307675405,0.040347199864263716,4.978603816002656,3.5385641393154175,-9.55398699424545,6.227108776188478,1.1925120933871682,-4.731681755957284,1
2.0720442366004015,1.9852370310300425,-4.642432889119736,-1.3209504421902296,-2.3567320912604943,-8.847098919297723,5.32543757475911,-3.2509123756920015,6.929006178433138,-1.0142333297160513,-0.8715925247225771,-6.6888773612981955,-9.43382258744916,1.2534794550739634,-0.5114294161741637,-1.4943906519595513,10.512754065963756,-0.7061219282305433,3.296455981108966,-6.306869164968821,1
-3.649147133954586,-2.5139586578669277,0.42188591670717446,-3.3742489873938384,1.5376742317595686,-8.391529022053192,-3.0526886238936175,-2.193567931477393,-0.2725906259487205,0.9587705572946835,-1.7447316496473881,-10.082558068048208,2.698148057848367,0.7043571911243361,3.012845763514874,-2.4931284937056284,1.2691775041988493,-1.7269850731181946,2.1303025374763473,1.6185887901546123,0
-0.8886766112237174,-5.215118900657365,0.778234633175451,-2.500429186933748,0.18537287512363532,-2.0519422101453846,-1.62780131264442,1.815575463737252,-3.5600539195808376,1.052863983762169,1.231688284672579,-7.776611526385047,-0.2821883477159883,1.6300761905722787,-0.5635145286727796,-2.415325821805097,0.7204493022206636,-2.368446750319508,-1.225589139407424,0.5571959761310522,0
-1.0896895052743671,0.6129033021825886,0.32647930205763087,-0.5579857435284155,7.123149293106855,20.10810526556729,0.034515460495941785,2.6927057511276526,-7.524161787648907,2.3086218283434548,2.237518061334289,8.754331951488384,13.385137943666392,-7.2603467760729785,-0.6167894004470127,2.9284678549347687,1.587787789306497,-5.08033982049922,-2.485015637140089,-1.4509500697318538,1
-3.559653703869221,-2.0638410657974875,1.094115190062303,1.0622196990516701,0.3964069801626835,-15.184815455847637,0.13998390836418073,-0.16035820417518276,-5.458818514394166,-0.8727882968899716,-8.963760797896956,-11.198792217121161,-6.880808771121783,0.6079735044869978,4.796610913250518,-8.154080675737253,2.2848966166945073,1.8715339523610672,1.0878241401152726,5.768744369009466,0
-4.432772474499343,0.519421912336083,1.0316533149645024,0.1259883361505567,1.0334338588807102,-4.729444902765772,0.544871943190818,-2.7713244218568573,4.004189587702374,-0.6763128154371751,-0.778718165676881,-1.473964266052816,-5.717976000874076,3.990333469393102,-5.284850068649362,-0.861359074570613,-1.5837417561625033,3.288120806481928,1.578790631125837,0.9487142249745968,2
-3.8831477868711533,4.551372121113568,0.0357773103195842,5.950402295733943,-0.7958154606993555,-6.752233907812924,0.6304551046759692,-6.493826083657737,5.852510743113264,-0.34287103395597307,0.13824664653562935,13.540742198693172,4.522510219772374,-3.1989565450968316,1.156226312676695,1.3710723296730274,-1.7514977637326652,5.355091105445385,3.561793995959708,2.123614835271688,2
2.342680112085529,-0.6997272107148558,1.2351194009145054,-0.8113489300903691,4.452951049455248,5.716808134639502,-0.7714399753239296,-2.0558059208095294,-4.310341128555022,3.458938119016663,2.0693944147927654,0.9024067725633215,9.34344264975429,-2.427502831948244,-3.7249527212998235,0.02566331469798211,-4.638955031353994,-0.2722004232812354,-1.8787099847179405,1.6550175644951057,0
-1.6156454051447477,0.17590904090378923,-1.3324583647564046,0.17055505991021547,1.8188953078320362,-3.363770641266708,-2.6702374253515346,1.231841859378223,-6.866128158263826,-3.202863351922701,-0.927570978273139,-2.505273703888742,-3.0658489460303966,0.9873271985263512,-0.695318708149673,-2.6077306311314636,0.8609787209242021,1.8955878761979401,3.4913827525239145,1.124632732551612,2
0.18299959619456763,-1.839910735128142,-1.4254525865517165,-0.8450192924332303,-3.291624926366875,-6.491496118884753,-4.331769502111678,-0.13645176650496593,-3.8612168850855775,-2.197856972101412,-5.618894745900782,-11.653120096125503,-9.539835059886434,3.017081868222469,-2.469431666319676,-4.4303619715221965,7.918153730429985,0.6980717824657174,-1.439855984560177,-1.715723221600535,2
-2.6086985944074197,-2.5936340631524075,0.5947303411202743,1.6467978695227128,0.11486776457773518,-3.024173679359963,1.5464489447448115,-0.6438426981594836,1.881068940260421,0.5453998560917385,-1.2568646084774937,-2.355697998445464,-2.919248233152372,1.0705757682347505,-0.2690060585540319,-1.6329716832527525,2.5386449384487806,-1.3932452478694022,-0.07653549986414054,-0.07891436282567699,0
2.2198530707264723,-1.2273419153129577,-2.2509554454597724,-2.2895583427466883,-0.7310173527914277,4.891434539164322,1.1216355505651625,3.7042373631727434,-1.5887547432748867,-1.3654014896780509,-0.6130494539748192,-0.05777284905141844,-2.6803119190331235,-0.3576947229015075,-0.3317323926850997,1.569879715349427,3.1567640606537344,-0.05488947887351281,-2.2525387076728434,-3.467115024993798,0
-3.7228909780098682,-1.6377017553815367,0.060492924505395784,-2.483127381515148,-0.6290407927611044,-3.949625723478351,-0.32373730133846546,1.9101691573255384,2.7626943872804564,2.2015683667795725,-1.6554934544870634,-4.779884844904728,1.3875791456163942,-0.7326156554729335,3.462908532972062,0.31418040722448026,-0.20179110803482425,-0.2917960413370756,4.2552019799991445,-0.4687236786651392,0
5.46820933831988,2.6692790623335196,0.8276897751475532,-2.183205844031864,2.279718467793044,14.816634282653078,1.2018209291915025,1.5115909292537368,-5.508319191360477,0.4648259016570363,0.14874147219137956,0.4645804835158154,5.879415094404207,-4.759347167265208,-2.3471630706179747,1.7843879920972436,2.37953008496197,-4.271948383251684,-0.6973880473167611,0.9662769526763788,2
-0.38617794665100147,1.7873344665039923,-1.1023659161304245,0.9102908504670989,2.902673704341227,4.991877115134043,-1.1828427162263773,4.471114283026111,-10.393170887198732,-3.2970771061037434,-3.8747440935703796,-2.517033568935661,-3.712375583141402,-1.2441508485702788,-2.179977808425015,-2.1282109947520724,2.59832518569348,0.4479508529882108,5.388687325038727,1.5755542496888189,2
3.054311507554406,-3.2472773274153797,0.17658180574474813,-1.0890314387772997,-0.6613481006914328,-4.416067902255253,-3.40659531250187,-3.05862748307256,-2.2855820862602783,0.3081734969288451,-1.3144155056922895,-6.888229094474501,3.225542475741757,-0.11155758716374242,0.5363697053389822,-1.6892791703087267,1.5976451876523308,-1.3449925829385343,-2.1010431937571674,1.2929517440849345,0
2.3130702991261014,4.877556689888142,-5.139674198488283,-3.2015690188650856,-0.11559137558546495,9.540706589275622,-2.0657262254738127,1.3588565365090692,-11.713160145624922,-0.10996976552618043,2.4989999252129578,1.4723298548271693,15.294524061615167,-5.013624868088173,-3.2126055817722774,1.915760899886054,4.547150531509761,-3.903761453953536,-1.5917820281948916,3.6740114873751173,1
-4.013857405969199,-4.095205387938503,1.83686922684452,1.3876947772587411,-2.086859669650305,-9.94177122342645,-1.1970279037891043,-3.172459380821979,6.731113356524576,-0.37457706591733064,-3.062571514973205,-4.706351588536456,-6.450505172862842,3.541464998024115,3.6701601957796726,-2.3829988651084584,3.3098555158696055,-0.8812633742658004,-3.611841322449498,-1.0905025830270505,0
-2.3223254916516316,-1.3472238811178419,-2.0818677769768366,1.76962602712904,-0.6095743617628419,-0.9975519071709916,-2.798857115426972,1.8644952151793044,-7.015104782706,-3.194964440420286,-5.2818520458737614,-5.451946668088208,-6.683917744720005,0.6306285316606836,-4.12149834752611,-3.026192647522973,7.855832447175054,0.7609541130005146,2.7434120040355077,-0.452320621631503,2
1.8871848546600476,-3.09694693245987,2.79366744228455,1.5780415388488382,-2.01485216775451,-1.2658513659375754,3.7184740748386194,1.3665587039451221,7.833565034672911,-2.2355599679653677,3.312612093841413,5.985254318966662,-10.792719767507386,0.7864434993675611,2.635403517550723,1.320069122901116,-0.713023980746003,2.226409067588924,2.621957354578509,-4.424927222173265,1
-0.9052780605556741,-2.333225217184965,-2.5629959920639145,-1.0358155685572132,-1.220766978062744,-4.37448730946029,1.5967917915942522,0.11026472093685569,2.7569862052866654,4.5272995555199795,5.713596736430587,5.66562375864081,12.4052650266914,-2.8841319508310974,3.308958263911957,2.841969286257318,-4.824178891948638,0.8648572944388178,0.525404003217998,-0.23739509543296844,1
-1.2403644124090383,2.230446086702965,-1.5608874068718572,1.2442591904882703,-1.9528352730437757,-7.995877230722796,-0.5906069948376537,-2.6361146559691115,2.2495177320673614,0.012539104324165828,3.249326322848237,4.379448695047521,3.6286032300430975,1.568859209780256,2.7407886203461787,0.0710872397738842,-3.5359400971947528,1.6221626497423671,-1.961132185290173,1.8688954711460497,2
1.2247642336412081,-1.02748476184908,0.7548701226347863,-1.0358375978299807,3.8026083718103947,4.234885458223754,3.066928319885608,-0.36845850782497624,3.705609106970003,0.20119429945461442,2.5771331625307496,6.596932427566113,2.0754927423260594,-1.5673354632400427,0.47948893290890915,3.2463005106128744,-4.328289401595733,1.8764746617353678,0.8054440526880988,-2.210919204639586,1
-1.8802757409638033,-0.2733126264656345,-2.8417106899856677,-0.19417897127460182,1.2837441834759016,-5.743461082249267,-1.711397229087446,0.2358660506466821,-3.092928370676389,0.7190877513609575,-4.006860336274936,-6.13805384069636,1.5551877218545107,2.677839852852676,-0.9733026807432781,-1.3936780687928243,-2.5182900592497957,1.6933148840463779,-0.22083180918072443,1.9149801058292972,2
0.5003043195053576,-0.28249799766301364,-0.3234508402029772,-2.856843450467288,2.391919098882493,6.228387659117483,2.614600004147965,2.2396276328915654,-1.2639604861644345,1.354286731870782,0.5380404617127967,-7.148707909906085,1.5389694376017458,0.31220477038770555,-2.1749021019543857,0.45381955323034795,2.0170272135789773,-5.624908580837541,2.30021422700656,0.3696436367661391,0
0.27360256521599857,1.8402436789792258,-2.557670270644125,-1.5926737614222644,0.11278392084076916,-2.145494651058165,1.343484640951196,0.09161714706797719,-5.341155469077649,0.44323357171088773,2.5345037000389676,-3.793887423274047,1.7176160281167756,-1.3318001452541366,-0.0749783147852301,-3.163297138161835,5.297183984508527,-3.012995444535209,0.45550126027824733,0.34074812034940205,1
1.1314883920292793,0.311956165828712,-0.4388032144572449,-2.7441076295833406,2.9278317315320233,3.1251409827848953,0.20224523330413902,1.813244492621701,-6.171959105974807,0.04465193098460196,-2.6315963398669036,-3.8787329556523353,1.8199993169452882,-2.7780216561541007,-0.03637894025452937,-1.275998016934583,1.2785044244027923,-0.12867459426001582,1.3210948635001114,0.9905843298982698,0
-4.332567172326898,-2.734103241764749,-2.507958321981937,-2.038783302471123,-3.4352151734313434,-14.981734144997352,4.84644735637869,0.4260790423482681,11.873342639784878,-0.011459894537547255,-3.6106136292777147,-5.098139552345079,-7.546082558466637,4.410311591141352,5.177613706945073,0.9017006485375967,0.003510405536008898,2.6731062847776217,1.0169562590018746,-1.7525464727745712,0
-1.8621822701242996,-0.16815370167800947,2.263531109792382,0.2673384169303865,5.480403555892724,10.74304695856224,2.737600486082828,0.744398837263528,-0.1828770273479312,2.772833533388196,4.509327923118718,8.620548073664422,4.689221109628839,-3.1528820199068206,-0.906618298816368,1.2575359035131681,-2.3734130704644034,-1.5546904502054242,-1.7472902814315567,-2.3493935773939434,1
2.622788445111481,1.5157308361370971,-4.0970101481659675,-2.0218058797369376,-0.5171868520763687,2.5843171724636234,2.627698300517592,0.061024758685423564,0.5025243070226858,1.3800488007488507,1.3097774117189593,0.9266777421178286,8.869715835876583,-3.9578303379659396,0.922336427431145,3.3342023885454672,2.957576559352891,-2.316233162860016,2.4252224976124026,-0.9168859074277572,1
-1.3671142526680877,2.413719765749775,-2.1656060332048583,3.6478192445624247,0.43961137231059055,-0.41077141592994176,0.48634989398754525,-0.436635337460596,-4.719947365651327,-2.3024523226541005,-1.282163665199239,3.9533158946149136,4.634956445192305,-3.1447673754301926,0.7581825729995924,-0.15699595899229335,3.280641353439906,-0.9328469204464018,4.4136584415605515,3.8704428071041024,2
0.8716609188345987,1.08133082426039,-3.818070020177413,-2.9586788258378265,0.5437082660706178,-3.069244662375441,-0.8606241121258233,0.8130221830739619,-2.3539759409316705,0.9150863830266829,0.03832726639440831,-3.9618095113867176,4.201275318122085,-0.3466141368732968,2.0185739054261216,0.09538877599961282,-0.0037700432041267717,0.0072993583122134,0.8018163216175489,-1.2568989282106893,1
-0.11434721066763387,-0.38794888118660054,0.6951835965006965,-4.2965002015174125,2.564116151312311,0.7684250686793558,-3.063396890202603,-0.4505411990352539,-4.965071872532911,0.9109374796734159,-1.9412811315774121,-2.6419409110213166,5.621059010385958,-3.6406620255633104,1.7462917084477985,-0.9953251248748894,-0.11875993608205782,1.3261365983373432,-0.9433566584948417,0.8793154889324708,0
-6.042992724128361,-7.12174238714685,2.283263726497119,-0.5078112054612356,-0.6664541814861857,-6.505683818550587,2.5880956737352934,4.265536617652719,3.7270057187436194,-0.5607466076640377,-2.3885203281922265,-11.533142635544083,-12.951861743581055,4.9641932077800845,3.7329079059890926,-3.864109704504271,4.973484167723022,-4.809319077934524,1.448775783868193,-1.409813197028119,0
2.2719412607693585,-0.25724556441049184,1.5617066786832003,-1.372209160616166,-0.22594909009038933,-8.45411912173341,0.6129014912519892,-0.9677777581981635,1.2743653936787294,0.8243489925201715,0.13132646568480877,-4.391234246101604,-1.6117999186065606,1.7721103587996245,4.254605723342708,-2.3230522159724543,-5.535863616105711,1.3791315889527687,-0.5421509291284776,2.402461911535611,2
0.7761689795884932,2.1232266781768505,-1.6376851399751473,0.5062284005440492,3.505760853917839,9.281455999123317,-0.9149391848745803,3.566002880401565,-7.677159205817569,2.185971596493963,0.7580238004453884,1.7099189524336853,8.8464340699478,-2.856287089729089,1.4660313213973368,0.45261626525542675,-1.6459222450883557,-3.6814261702357034,-0.7236312291008118,0.331388996408051,1
-2.564219706669432,1.042929879297518,-4.2315376836100125,-2.829404440421227,1.9564961811057497,-1.2519067870959366,2.603548823749726,-2.1081308047487632,-3.4598485940122616,1.8839815125691164,4.088789039709999,1.9481916385960139,8.974435525990796,-4.237791993187301,-1.498426645783764,-0.7737125035468937,5.997396583601139,-1.413252948274367,-0.3227698639924359,-0.7692738373766967,1
0.8242536750317035,1.6060901109323105,-0.40414476238915764,-0.2044601444088543,-1.4197344437862036,-10.264088477766114,0.8048923661425269,-4.570504155886219,4.777731048115427,0.6499134116840781,1.4426153418371968,-1.9069569804706084,-0.2350166669221837,0.7432359555044477,2.4847990747112476,-1.3797470932933242,-0.4404879825035845,1.03318391803234,1.530571297643108,0.2122136310954067,2
-1.6811680678776115,-0.6956282250213173,-1.4119774497403708,-0.23685845393994187,1.0016294521974562,-9.93103010298577,-2.2904410562324697,3.986197892104065,-14.21696532342712,-5.865643911440788,-1.3405633383746463,-8.618669819308371,-8.518881794597357,1.4752928971370518,2.65481671279858,-7.904223540205397,4.141039617234195,0.5055900674109061,5.0356747070256365,4.366238554221624,2
-0.6789199917711415,-0.9882267881425604,0.960586466824542,2.954312039869386,3.206151504162857,-0.7241899072381593,3.499816769594791,-0.0641398534792903,-1.0901055544956249,-0.11053024307363701,-3.025827935134223,-1.3751574906700377,0.18114898225013945,1.346060565549863,1.152849053782805,-1.4419832422349403,-2.6876128901698655,-2.1468138778804784,-1.3161255692800178,4.664360654366037,0
-3.2496805849014914,-0.29853138348505115,4.750917672138233,3.007524621636855,-1.4986042761613514,1.8576011388011193,-0.6922149341417152,2.7832887847677017,1.0588675631132178,2.132763183293588,-2.0397851959931375,3.074491524701656,-6.454801164751769,-0.8894217572760525,2.7547119751167153,-2.612941838301748,-0.8859742676624598,1.0650193992666401,-1.5138385683649191,-1.3002999776757322,0
2.2389286581528722,2.662378366118324,-3.7905517990431123,-2.0765350343376294,1.249572022199979,3.3152705969814065,0.25284779742134267,-0.41592806067317434,-12.261359824749372,-2.320333136721303,2.605412155240158,1.3408186305066407,8.581500501592267,-3.6887824978225345,-3.225329211295885,-1.4675088359790385,5.077283559226242,-1.8789465581686962,-2.4961437643321016,4.710478273644782,1
3.5190112419748516,1.7085639168727806,2.323248026169599,-3.0659043864715265,-2.763519741124133,3.221735698148926,-1.29440435323209,-1.1056905637618506,1.0285319972354179,-3.0593954149217932,-1.8830796008249204,-3.217113128209683,-6.985406280084377,-0.7866273432981528,-0.74730955339917,-0.28732768326000435,6.2426796461771135,-0.44199290194973573,-1.160716329328614,-1.2436288678466028,2
0.3610215722856074,0.6105621247969997,2.003411349378519,-1.0588951925976273,6.111961730109351,8.306497212693372,3.4971581999034873,4.41914875332451,-10.220665174868886,2.0269449069225973,-1.2160114658275452,0.7771118553011824,2.072265475651624,-2.8462011095987307,-2.691947090676828,-2.780734076524639,-5.180061761106507,1.0576342145818676,-1.1792895141479351,4.231040048872911,0
1.2630363697035651,0.25780102641828107,1.9698869023400607,-0.6113402947030291,2.313363573956366,9.830089206073254,3.072128876129468,2.752108098563852,1.4906905906173886,3.415886789117921,1.164158933139484,0.8960785420627986,4.570508607126858,-1.8104094452742303,-0.436710087686917,2.636301105518233,-3.98424173138877,-3.2755636869248703,1.8137392499548777,0.38730471547947287,0
1.6718136992307338,4.373626520359279,-2.508812706947657,-1.4908345137278913,-1.0829488451092688,6.9417122856498175,-2.7202303204533638,6.600353251655787,-7.905351538288018,2.5905081868740316,1.7148655537863853,-3.0379623117259444,5.252334097684235,-0.6999388256608707,2.5570048987671954,-0.2924964259545042,-1.4554018154334418,-4.090549791844683,-0.046429347390684494,-0.49538386512587707,1
-1.6441221622199231,2.6765438985029055,-3.007655629777082,-1.7973762842431524,0.5208412734327612,-0.07247777349717993,-2.17540192349217,0.8041831016453262,-4.148265565089066,0.9063558951441535,-1.0124956631663256,-5.519891013458996,4.181878812155951,2.2606605985875694,-3.368927253988426,-0.1527546470028014,-1.15245939025653,-0.7864198053083407,0.10154260374343049,2.2772825145417377,2
0.6742611648973845,1.3292630975452442,-4.76419757739895,-4.174821536178028,2.0796328369954504,-5.637617082250571,-0.16105363586611343,-2.8053343244204516,-3.386906671777725,1.2325005565387042,0.7861234355661831,-5.245039730933568,7.693878138640879,-0.7701687775621426,-0.7715645952951726,-0.815486483016995,1.2527392402987068,0.18786204871550827,-0.26832896254423044,0.43500429073703106,1
-3.048163023210267,-0.9404494994927612,-3.497147566008531,0.5648355800358609,-4.37685233201105,-7.513622095178744,-2.865485271811415,-1.6037673160134536,1.1250726940148559,-1.3823145303388833,-2.3599406493808033,-5.7140099931180455,-2.0795507718678756,5.63006515953469,-3.4726485540526477,-0.481162477255604,3.5536367106266384,-0.18685033811348917,-4.120597029421061,1.1413728682022657,2
3.251270179004977,-0.8400185927485972,0.3510451544376616,-1.01469574459256,-3.8265380057356175,-7.042973180296226,4.718045912586097,2.7711624758228544,7.165186879989146,-0.5692378158647411,-1.676799368239069,-6.0843188837170405,-14.379585982885628,1.9370623653510708,5.117142718146697,-1.628989358135191,2.7235893022740933,0.5288916754117516,3.3829391445357238,-4.930562849844252,1
0.6669682216405766,-1.5028679569440677,-1.9462880564801432,-2.117767369224567,-1.6549975242861996,-2.154632628348945,0.926863185992446,0.9272408467918014,4.0033659484442685,1.968999696291055,2.738663010758738,2.114882907424178,2.887987349217148,-1.938326881449954,2.6146040798419943,2.4071706696958755,-0.34982534683792305,1.4026028211914525,1.9988665163374404,-4.142231467251132,1
-0.7338377276262253,0.011468954827934752,-1.3461144042330528,-3.2548510788633656,0.08163283540052813,4.373075749082853,2.979735522844975,5.2709357854730845,0.32770844466555793,0.5879972430875724,0.00511657432573176,-2.5082208345706496,-1.454265424494281,1.0020455725412518,0.8356497270618026,1.5923120508886681,-0.20181631777891018,-1.954671750651368,-0.23207778999276574,-1.152889016047054,0
-0.382909163995794,2.7900024280853284,-2.2869807168306586,-0.7202179818497139,5.04189545758575,14.453413512762776,1.1309162147751384,1.1314503877035285,-2.1439788602525076,-0.21651864148336397,1.7617998194896742,10.348952157180083,13.166336137280402,-4.289580907338714,-1.229600182930021,6.478802877828404,-2.165007530733734,-1.6950127704584377,0.06864389504159973,0.48193436012800595,1
0.3193405328040386,4.853722414424576,-4.53176941013516,-1.2808735585187003,0.0764505672787209,2.2526111310984254,-1.6526424498950725,2.4608614805838136,-4.96855258113582,2.124441868406616,1.5658532629073025,-2.3759508408293093,6.961241346945786,0.29985338742263123,0.2967793396404814,0.36413042552948427,-0.927298691524135,-2.4980024080451813,0.11886405244700604,-0.26343326829356095,1
2.7794335984427576,1.0975195134552664,0.46469605777621403,-3.53265632908725,-0.36523218723449924,5.891093634420912,-1.783161856638663,2.0698243051640723,-6.770763819181581,1.0336064798072266,1.0927549010815396,-4.009087992994211,4.932671734200119,-3.140391422349081,0.10767543385833023,-0.9120592371898297,2.3646130204696965,-3.383130673304231,-0.6110351623555323,1.546708781961636,1
-1.074219758201405,-0.11842848657390603,-2.067841601799344,0.4579569558376566,3.4929611418379647,4.642776170664619,0.5947399321681144,2.1900133370857695,-7.343080705060379,4.385107046240945,2.7452490324227288,2.608109387467162,13.83422000791041,-4.289251508843947,2.587879387058715,-0.4399754712658184,-1.791181292948222,-4.001958272980833,-1.615440050803918,1.6975856227580985,1
-0.3744282330774563,-3.7915606915087077,-0.5458280969215927,-3.5110378615355495,3.439583764262376,-5.207986398037091,0.8868526195411361,-0.15703086099554087,-5.665478170775926,0.8954620931887136,0.5290503941582239,-13.873047896675603,1.0607773714816324,3.759776203513078,-2.6759637963478404,-4.166621546448614,-0.4789586488192519,-4.021124176959008,-0.5516086440962191,4.407457240480487,0
-1.0262266596949132,3.103217875860133,-1.7173485497170737,3.7387814105747497,0.5823037082565565,1.6038743296840565,-3.413080673844161,1.3848096756210833,0.5213162306339161,0.09249474120548795,-0.9538865756857284,7.977754388883241,5.5354944783607705,4.385147723594098,-2.579299941478883,4.784442969393539,-14.425683244849191,5.903012775191792,-0.7017121202108387,3.334664022204066,2
-0.001462768785363,-4.84310369945762,0.5796116464432077,-0.27515609025976395,-2.382850185141789,-5.425997418363311,0.8670428508642432,0.4865636482988245,4.477930084429982,4.5063672154039,5.039599887907237,6.2052776919173995,11.80774105833897,-2.724530735919986,4.584111330680628,3.4262589418845026,-9.132418279600678,2.2268873151060746,1.3027971450169478,2.194702441177584,1
2.18706625680628,-2.440514203374628,2.3169637189483803,-0.4981348225077482,0.812713118580787,4.497029169440064,-0.3811764352055691,-0.016711952295330068,-3.364758636925414,4.8262585167595144,1.4733766066288498,-3.0485513998535496,11.169112138390384,-4.582546623862867,2.0437749359112543,-0.619396002967199,-0.5081930381850703,-5.663988666470595,-0.3068262525353702,2.910375445079271,1
0.18156708124591758,0.24973623673314993,0.5783621056585309,1.1579889885138517,0.0007817939219891823,4.612303194958684,-0.9958576846353009,-3.1958738454985434,0.4988807447698641,-1.9705178612285188,-1.6040289785641666,4.0065900765802,-1.3465277341247435,-5.108718369894497,-2.2074277169867678,0.5400640224483362,9.63121650584874,0.3007181278445994,2.73041088946527,-3.7051939266313942,2
-3.9997359225843665,2.027818746484699,-3.4468878225667647,0.18239755696189097,-1.2134575661856508,-2.594598535227062,-3.511593150437139,-2.5088063601398947,-0.9663844265985602,-1.4766935428807626,-2.5486390573268896,-2.5450846941004497,2.2796903475338475,1.0716659981359005,-5.205620491437861,0.7846847998616564,4.699820032668772,0.9429557787856395,2.8154257395283877,0.887452492307587,2
-1.4106020429028798,0.5287277330092954,0.12173397402382125,3.2432663635900987,-0.46823244546561993,-1.454011457296269,-2.298419786152965,0.024608913719231795,-1.3255313868272787,0.13889849285588318,-4.595216728792558,2.5695472576647207,0.46131861774671845,0.3210243596052834,-1.394727184501361,0.13328561055934274,-4.015119381623564,4.426495249569998,-0.09288093886451687,2.2857744958193953,2
3.056463026753919,0.695257996152484,-0.36616362377603473,0.5504657519120775,-1.171147736693081,1.5392419346940827,-1.5186327899992609,0.2600118740066222,0.2795030980039467,-0.06593630811134288,-2.6797908592678894,-2.9784574288275776,-3.1190807453597484,2.2131682296361372,-2.6222024204859564,0.5140026390891774,-1.362349205745346,1.158215819056168,-1.1210024735685793,-0.9757218407789205,2
-2.9773334649825776,0.2734772768421869,-0.8449533762130241,3.000366172546384,0.8062036731929312,-5.99866070368568,-0.41764494858120826,-1.9287773522697846,-3.0913044301000827,-1.0195430009399837,1.9467340447628514,3.217230151382397,-3.297860501747961,-1.1552269215565993,-0.7885338170687004,-3.900186012386077,3.9300544798135872,2.3055771607559183,2.7610481946228007,-1.611799663339597,2
1.929935968032885,-7.468091922354278,-1.2499223815203395,-0.8428488599977002,-2.5492063321074667,-10.221591306940754,0.6455569527378286,-1.1865429498001872,2.413703934261938,0.8404708600858675,-1.4778241751746162,-7.939086643976819,-0.44383951278000905,2.199780549013065,1.082989453434061,-0.9540733268128792,0.6156985165580502,-0.13134537335840446,-1.8848360558474222,0.47938626411568763,0
-2.579587232551808,-0.7421996657427272,0.5606648769893661,-5.29087190417534,1.2842648377941273,-0.020150124972860173,1.3968548110475767,3.0395908023679437,4.0661172720686825,5.429677210798502,2.061230398961487,0.03517610654212089,5.008890179947535,-1.1787642550606492,1.9779387150981824,2.2853464490806967,-7.825739132139398,2.894898842509454,1.7211844456197767,-1.858273119178822,0
-0.4052855402076616,0.5156827269423953,-4.795430927377248,-2.4477966860278655,-0.8032721238712921,-6.872538825885939,3.5410893462242674,1.400396141682156,6.562150118456653,7.161762350800726,1.0360343579038425,-4.74548646446654,5.763355318157671,-1.3948631882397602,5.563376580973341,1.0974201609444734,-1.1415332677849972,-1.1093819288542588,3.8666496958953607,-5.864426529915666,1
1.5138137866711752,0.5487793584330096,1.0009357005417887,-4.124693220915638,-0.1285007789229622,4.574870747872981,-0.025790164850683084,5.827952712836952,0.2247149786588063,1.0157864620640118,1.5020324613288405,1.787562993904497,-1.497120138343622,-0.4879437968924438,3.64531756480011,2.019740308504773,-5.979599909777428,2.398177470003621,-0.0465828572510576,-2.6571714762826915,1
2.315881564926794,1.0039060042601426,0.8605022037024084,0.011982894980578918,1.6462722783365886,5.000958524178688,-0.07576254941153149,4.069122141491193,-0.43155882191179407,0.6826917093305174,-2.021776001214622,-3.32943246969703,-3.688865763211963,1.153445487079905,3.5711461250719516,0.019633372803742777,-2.682129208219367,-2.082124849951291,0.5804928419110524,-2.460730772340847,1
0.5794529162312765,-3.6046056587575874,0.2488442642225308,-0.12130860805050858,1.2414490723210507,3.7594857543832916,3.0019538692268135,2.0699238201185475,2.084231031706942,5.380741529930397,8.20853594487858,11.406444061162386,16.61744690156125,-5.181309280592549,4.555081298271944,4.929264298454576,-9.465909452954564,-0.6430580833368511,0.7575824508712312,0.9853903051043109,1
-2.1708427099740906,1.679064439515917,-2.328690884685153,-2.6908646817643107,-1.7358710348599293,-2.163715562496895,-2.5711892545542008,-1.8140041875757524,-2.7787470031908597,-0.86738454094364,-0.32715593256837505,-5.039181906438488,2.8292230920374335,0.6528921968986842,-2.2134966059851315,-0.996196383590787,5.878271853282535,-2.1313760023060873,-1.9602438706363645,1.635471678444993,2
-1.5196588490282956,2.2893550577397463,-1.1590370527272844,2.994096263257604,0.7554669685792144,2.960611659520712,-0.7305233067571577,1.4681697698742981,-5.32419102919971,-2.1919035140807654,-3.468179423696757,2.9307260474912042,-0.07044163185957789,-1.675960327043764,-2.022953333712234,-0.23478888365558626,1.7461239148007766,1.435180934665994,3.1019596579743816,2.2329492054995397,2
2.515205493849134,0.4476369777426322,-2.757082034722896,-1.5331237486043316,-1.5742527113745837,3.686454184234785,-0.9984741911848118,-0.6633210702779029,-5.228921932443618,2.7452163656014896,1.9573583368990657,-2.25610149321842,14.423087013863297,-5.237282205350252,-0.12279952749434564,1.118987657599162,4.709992871615995,-5.588830844137564,0.5493280341091462,2.5876284945923236,1
2.8887652784255806,0.8298576207332344,1.3310553881857183,-0.2939473479352428,-3.474410325204778,-5.393844415769297,-0.31537841025084556,-3.3908344602855083,6.643636705935847,0.621367740990906,-0.16189580086098643,-2.276543223095283,-1.1334822614312774,1.606224451535704,0.9246175817271174,0.8601556648875701,-2.1425742389637596,0.8475906551508087,-0.005439907428492763,0.7449125249019175,2
1.0629852208497375,1.5523108631032163,-1.1108142216010346,0.026289986729081116,-0.9965692043933347,3.5324436699423165,-1.4088103206263318,0.5609245119841848,-5.6230826219167245,-3.9122619212197858,-2.693127239299196,-1.1148398082424837,-2.621683176737204,-3.438357295077566,-0.41689134650759274,-1.1530873775531305,9.948905491959524,-1.6314280082249795,2.5130468592599255,-0.48181207382797697,2
-0.7745169198135905,4.372244560323111,-1.5320366922739672,3.3446932751615455,-1.4549079757546712,5.012660712134417,-3.894434994770013,2.574139413205228,-8.16559056851692,-4.6596332951127755,-1.2953480387216363,5.463878295053061,-3.1067942981674186,-1.1126270896455939,-3.2153471872534363,-0.3735630225435719,3.579126525260941,2.2607685123537893,3.1817427876777034,0.8606159163384152,2
-3.4728126363325997,1.4551340901808394,-4.582679883637747,2.8805978320667096,-3.5621654259747277,-4.540839310324901,-1.6388912030040275,1.8834756796951577,-7.0484744870859695,-2.0558981903878135,0.29131570795425943,-1.8600485803540834,-0.2676073998617665,3.1261229552062875,-2.034578260985758,-2.7687428849824496,5.024699901530838,-2.2712488971516605,-2.357156951674509,3.1224718017002937,2
-0.6925817169623659,-1.4588662745573946,-0.5802781919064662,4.074003204943548,-0.07871487008242994,-7.051671513039286,1.0512275105759934,-3.49747053811812,6.304457362565291,2.3890928963167473,-4.6877865260969305,0.3470621034581584,1.7090562870934143,1.9187062216932531,-0.630182221795669,1.1285950010391623,-5.423474919416227,3.4827945229827053,-0.08643685209362717,1.3798925039176133,2
-0.2848809501626488,1.9062569226442534,-1.6429321420242258,-2.9748637610332387,2.367666769445722,0.6606810920492039,2.2491732750734608,-1.1161194686584635,2.6305473627722775,-0.9290637231611272,0.8515278584992814,-0.8670039153126073,-1.9520212664949042,-0.705675560898503,-0.554881144105748,0.9322223297675738,3.409421960112007,0.05513549685659935,3.1925750025395243,-3.606225364994262,1
0.2842188551846012,-2.06616924379525,3.378760175537895,1.206795973494431,0.44783815157695395,-1.776583782930572,0.11466825386417401,3.183473895543054,-2.1452196097299794,0.255176374530366,1.192492092954174,-5.211124665233151,-11.374303149561957,0.923590569686308,3.7807630365369036,-5.65795110340477,2.5413841938164903,-2.3289433073762096,2.1191005643838903,-3.675730489048694,1
-0.26518585652617555,0.27716112763205936,0.1267700590591958,2.356338381496837,3.0266002244209576,4.564023483682509,3.726941505587806,2.8870957017101304,3.608728264809633,1.7516130092919027,0.8608200212776853,4.670832661247719,1.1251255227554011,-0.18019481551127847,4.049194811873725,2.3399459862229466,-4.801097511338044,-1.7486692637723267,1.764174162182341,-2.0765914547007567,1
-1.0116184800091945,-1.549483926031923,-1.7832257945774281,0.21324103914808634,1.539775748131014,-5.872437400210639,-0.5647470715998966,-0.7893173977813821,-2.1190127713612936,4.203542277709452,1.0396157350114201,-3.4705240924933625,8.489531743966825,-0.4701397630266657,2.75208594486553,-1.7137442957093434,-3.23257967857528,-1.4868479687917502,-0.3057248325656039,1.3129453465824157,1
-5.967284013176416,2.5707023036733503,-1.5862485935588004,4.494860028624212,0.2181511248073269,-4.923175861696109,0.475000561149294,-1.9079952531619686,-0.7740767376727862,-0.6648921405876508,-2.5906514954313327,5.194823472059891,2.9836686602306135,-0.01586174510480398,-1.733530610784968,-0.4268179886296275,-0.8669964184703915,2.734245299246768,1.9898250127437023,4.7746779487341655,2
-0.8644930348397994,2.3403503010919726,3.9439830066563575,-1.1591217507436626,1.1888340613112938,0.057074965630971336,-0.394043321365811,3.4959894444343265,-0.06861229979376571,-1.600896660350954,-2.596303723083188,-8.682508651613077,-22.502603647920004,5.667925191213123,0.06914417506287951,-6.474536205826849,2.342403329241194,0.7182806888390527,-0.8401020494597669,-6.025982329496161,1
-0.6924939269455466,5.983484729862525,3.195533415280566,-1.9563401583091407,5.588418803568061,12.28184700797637,0.2777022148078089,2.7158280073787617,-4.622982416242247,-0.1731346667099143,-1.9532610274333742,-1.4396708958858873,0.7668755620215106,-1.9050837604831519,1.8728394647791136,-0.5926206028115882,-1.0205640774792148,-4.3397298343206145,1.2799575813553963,2.1251725511579678,0
-2.973426516621486,1.9206562149604638,-0.8844097145031107,1.5154200998901817,-0.9563024476179784,3.947870256439055,-3.34506575900151,0.8373584146477091,-3.8137401142813765,-2.3655219236143927,-3.581556078844679,-0.5491173870763102,-3.225147682982002,1.5906216654539316,-6.9124650374993095,0.09452444578164076,3.1418129059612436,1.6268715390842197,1.0783602088194417,1.1022609744531175,2
0.7309039871043672,-1.9872769262678385,0.4196968327394299,-2.5697657585574465,0.25392836054533185,7.435743703131296,2.282887246424016,7.093954414086151,-3.6084273777825953,1.8791639456765807,-1.8734870672808543,-0.16235379741819905,3.3509776320058595,-2.8183333706386304,2.8026655059962495,1.6592397063251316,-2.6501176238059547,-1.1367496671355417,-0.9679251747604326,1.3931301720608147,0
0.8992024277007395,-3.6207449735548054,4.619593129366624,-1.4302087303447366,5.806206063872629,6.043722037583041,2.111542833169017,2.366679952704928,-6.278369688668926,0.9665183853255754,1.4836311461060498,-5.640379842899773,-2.1862004093642025,1.9435729548726015,-1.1893372322126625,-3.945599668120291,-3.6371598024514067,-4.462866264091701,-4.495754757869522,3.3755832114586224,0
-4.074321953412934,-1.9858539562918163,2.870561851317207,-3.28787718673566,2.3353964420067435,-7.968780548305302,-2.689955552523334,-0.8845387788494301,-0.4494568854991998,0.2586172775933262,0.23462400328830268,-6.494206500554309,-3.3483483423386713,3.178408454483278,3.116717603236601,-3.97600573193178,-3.346241526347282,0.9485628777207216,-1.7117945317144505,1.2517829413706771,0
-0.6015357428212302,0.860623150798254,0.6306889799071731,-1.4086597048718974,1.3769553379436548,2.7067583580843895,0.09249500643582531,2.0759589711653943,1.9652407688656208,-0.24653285582812257,-0.20521164380373302,0.15801160533279643,-5.795680698163383,0.9044184696871556,1.103997853580097,0.2470671380712255,-0.38458527186158575,1.0855371520687296,0.5450722663426673,-4.433823733555758,1
-1.9369434106592904,1.8189184417239463,-1.306908692712112,3.6807073649299316,-2.8309523508121455,-9.277087559325652,0.4750355365412344,-3.5080886667497317,4.363142310682193,-1.274354789874271,3.0426630221939464,6.690173444865009,2.420022968277282,1.0966295868926026,2.5089808893107013,0.7396093443978129,-2.080125086667665,1.6980829668513355,1.2825868911054292,2.579038967349268,2
-5.223114138830151,-1.8630169971693578,5.328712017505474,-0.1007908756711341,1.6109682074004463,1.2958397073957717,4.335634084740072,2.6844774276300045,6.219151188830458,2.6297971426924773,0.694198492280357,-3.9838542140299005,-8.783584547201997,4.820105772563574,1.5758284222242902,-2.311695613710827,-2.926824811875428,-4.170294974529751,-2.89234510388374,0.14335938897271916,0
1.6060653657910897,3.0844034606995607,-0.6731012811936892,-1.8247746902886868,1.6257636679114726,6.557053626783202,0.9091952054285248,5.123764469444417,6.098452037623607,3.1392399616658104,1.2802156621577594,3.8080064415060364,2.7602711828772697,2.215533492158197,3.714017065849192,5.925708040332576,-12.63771867512432,1.7176359679293505,1.0943423668961167,-3.469001367763185,1
-0.8978962010944517,2.0820203622803852,-2.8203129207673774,0.8516221461190796,2.3966596986356676,-1.03262226042819,-1.5115303924638148,0.45214299323335005,-4.680653208308222,-0.28626029345619497,-1.7244053583223529,-1.5161948686313513,4.669672159946119,-0.7111904245103464,-0.5357294085797233,0.01671483198415835,-1.4020773144126917,0.660765637661843,5.044999325546569,1.8127996208627886,2
-2.068529235607925,-0.42971609688060686,-0.41691234542815125,0.2663069367525266,0.4679619808177725,-2.5078377781963184,3.0388105640775267,2.1869652742427865,4.551499671556851,0.8840721549976439,3.061084904058487,2.211577061285774,-8.331516345736262,0.2931617025197115,2.890330856399828,-1.1667235412093113,1.922218923003312,1.0446456047241623,3.2415263672144112,-7.4722005485737215,1
0.567195057588193,5.572388768269578,0.17714111976633728,1.7057632342145173,0.08548686969503794,-6.640045875469312,1.498850192673748,-0.3836101494089089,0.7636693967882262,0.023427786294626607,6.414788011893354,7.5790043303437304,4.702332431825622,1.7832128109368799,4.885960952924176,0.3261052171358967,-12.197666128525274,2.3503994514443676,2.0015547651195598,5.517648389682672,2
2.1340938625940895,2.1109121247080753,-1.594017701950915,-0.24643604169816835,2.9963706103365495,10.261607854049112,4.1216165378448775,-1.5915153513393872,10.448023525933218,0.16937311408455957,-2.630944431390833,6.655737095277738,5.374902962363875,-1.8534854410928177,-0.8721180690013441,8.950167690380106,-2.222660086116494,0.018092569655272728,2.647898187712631,-3.2744815654152193,1
4.151338823714045,2.1739530871174613,-2.6922101834354195,-5.152888924702353,-3.3061423744196583,-7.474197006102287,-2.450646886851657,-2.171973459932799,-5.885733012419509,-4.361262980249293,-0.8135293837781616,-11.770886957440972,-6.943222631377543,1.8302583551964853,-2.850485109420184,-4.323766232292337,8.896597442710535,0.14583035395346133,-0.4679448234173771,0.5713707381413269,1
3.057561987147277,3.6031171515446023,-1.945764384303136,-0.9253822455488241,-0.14912238467324812,11.009306161551438,-0.6975079121396974,1.771813366349415,-6.818831377672315,0.8418976904174305,1.4098634016098848,2.6065571303698993,11.86553847853346,-4.156358184903523,-2.082724327676757,2.777196614430502,0.8908898511336298,-3.8413334054361634,-0.501743510762569,3.403688057965371,1
1.294096435499994,-5.100342480776043,4.622989189650054,-1.2298753316994657,2.53749329145342,7.851508987072634,-0.3010818547236651,2.8476505501985603,-2.778137153275294,1.970475865631911,1.5777533558369754,-0.7599337728019993,-0.29035124982402327,0.2568714698197453,0.5232732759175571,-1.1156341115028174,-3.4105827871881287,-2.7160050389321793,-6.654728649577553,-0.1393680880709527,0
1.9197668361550888,4.202706583554857,-2.8909625810518884,1.6047637141497049,-3.1877024548257764,-5.396219346581354,-3.7110971369452352,0.061042671278475735,-4.166228117719025,-2.538682198547845,0.10387024431242131,0.839679203373607,1.7626400083743121,-0.5432664013107553,3.316283923702387,-0.6022908533610999,0.39314510219917465,1.2983699185431896,3.2881788346801137,1.649140367878874,2
-0.7653009641328635,1.4918959044522944,0.3403454608566234,0.8264917781696217,-1.863301701693803,-6.668381402547917,0.3950389840395776,-4.4154839768317355,5.333556529305328,0.3513145507910336,2.3057952801823802,0.7817347664192151,-2.517096187088212,1.918677620362629,-1.5273821827752436,-0.8435399309848375,0.17475390657198614,1.566914096930989,0.09248649790279695,-0.5901305555917993,2
1.8038285177472866,5.863935320164185,-0.37844192284864775,-1.1975800728284343,4.793901119501361,12.007857713100584,-1.2642830883315295,3.771504185778836,-0.6447510566703696,0.15512049400915662,-2.792603538576806,-2.1701853171859806,-3.550302567561283,2.4889189519508164,-0.49210572722474133,2.0721151429019633,-4.11478159695979,-1.1553550756131525,0.7691432677000288,-4.371397569452989,1
3.3337590085701887,-1.9060186198711335,0.9778364997587208,0.3406732366405423,-1.4023529424477785,-1.1841652264411977,0.27273303142834715,3.154556662877013,-4.9563454190437035,-3.8300784073150265,-4.153460303300074,-8.171953217795222,-11.736908578336706,0.4359663804946694,0.8974235714608223,-3.94560149374491,6.370628020987452,-1.251664593328762,2.9272095246060585,-0.19258927106390455,2
-2.303497203169748,-1.3754442676342424,3.12359077182832,-0.43940515348998843,2.1644723409842594,-0.0033611383608663226,2.0004866463262085,1.5774682222682122,1.5646569638463426,1.3757853264538737,-1.1520190549087455,-3.846678107252349,-2.1211770352525523,2.943466111192581,2.6787022318027223,-1.495680744643534,-4.261366227734692,-2.7589885208580336,-3.0973004062199427,2.777212040621471,0
-0.5260479177166628,-4.250709910343734,-0.25982985020875615,-0.8078755449261359,-1.597123782224895,-21.900825684730243,2.4786464271492017,-0.7206764171319815,3.8628877922698566,2.088912299398878,-2.1997718398949697,-13.244041018737564,-9.314771613223435,3.6860043894429735,7.378901055319014,-6.746137540620915,-0.9625277585136959,1.6027336899031157,2.8298996986870195,-0.8068343398132013,1
-2.4339110797015624,5.097518723073048,-4.0942200394588095,0.8856439008732511,4.91116225159285,12.800887277743884,2.476780661420205,3.7976442936426893,3.6688333547995855,4.438795111538761,2.6651281355093515,8.112762696500585,10.872295723702917,-1.7633816122245438,2.073888457952444,6.594501127545525,-4.8253643843957414,-3.444363941844793,3.060025733660028,-5.381024243865334,1
-1.7664610090365676,-0.10615094975918637,-6.757997478504893,-3.1282531563985683,0.4988464675207708,-0.6868503573099702,2.446813130256701,2.015110161836872,0.19655527151181285,6.0385370416613595,4.066047298458778,5.246060701182963,18.322292652751567,-5.8199864112323105,4.344315330181132,4.270883710318337,-1.7382660564426324,-0.37177563467852226,1.1373716490885277,-2.5028582506722277,1
-1.7377630088000755,-0.9439995973094761,-0.8992517330891467,-0.4190867421084099,1.3418266473522453,-3.4466572680449414,0.2782722130186728,-2.0321721969791526,-0.13661646167967811,0.40295054996076507,0.26587564792909557,-3.0464583462136345,-2.73692100630933,0.8368048633475811,-2.3121619209238586,-2.3669377774293303,3.6123318191208242,0.18491489222302115,-0.1252405325493393,-2.266233412323043,2
-2.0760814062566078,-5.2378084280306245,2.8370987442248277,0.15590718818897709,3.3412188521210506,-1.7945213060337153,4.4637626935882615,0.36052573108298114,2.3413816815999278,2.9573539604169707,2.108925265870759,2.2442455326938755,-1.9583342030448638,2.8907779088714367,-1.2203727484500129,-1.5431450011754264,-7.520798449174858,1.930724387589347,-6.688535400261653,0.9267806968152371,0
-4.7468277413561335,-2.190922835562472,4.87352759010707,0.5827147065533342,2.755967708287547,-0.5822443999875707,-0.5871155893997302,-0.7905068127533696,1.7331850185580835,4.600438520659784,1.5245280007264692,-0.4625542768721782,-1.4601517330383513,-0.543090816815009,-0.8824862156444573,-3.130274125544696,-3.011069271985532,0.7778391421939093,1.273356611274692,-1.3795687485377641,1
-2.3050042371948005,-0.021150218058102466,0.2752039540201283,-0.9591710374213578,2.4095399890940947,10.040487000247998,1.8109932405541915,4.450534938692005,3.399547962784511,2.9391552549419915,2.0224968175941207,4.451144341501295,-0.40951409150710133,-3.2690907874341337,3.660065913483341,2.2791705549644403,2.4563106761413227,-2.738256337426783,1.8185833047743798,-8.453652985975538,1
0.7536617258344609,-1.0241797335506453,-0.11082634067689745,-2.2221602691304145,4.328118842715755,-4.668357509969648,2.319268163385313,-0.5414241765544046,-5.2595900497670165,2.0594927608433777,-1.7457432895993303,-4.512640543488993,3.866802582942278,-0.2932461370176751,-1.1669380395540205,-2.8561231691787574,-6.04642907379358,2.723087812360898,-0.8057729640159985,4.932286331747024,0
-1.239362128533813,-0.829111362294349,3.5150526201254424,2.245580221220253,0.4136055210715006,5.941850993779808,2.020098899113758,0.25129278822088263,6.7586496779596645,0.7336428732856237,0.4531946199514687,2.8526602028709176,-3.1597730426942934,1.5241561164653614,1.9476739860658558,1.569946516303676,-0.37697868730698797,-4.036670094621198,-2.8539539959988502,-1.6447959130401637,0
0.2875947725736886,3.3760141933929764,-5.037329560127654,-4.378610017473722,-2.8001529976581527,-4.013612208953423,-4.874289763109419,5.439860117303043,-10.809592354943835,6.805922611549452,0.03753305641767646,-13.474285120061253,11.306928911977819,-1.5459313608496557,4.773545845317599,-3.8973768785062886,-0.042901732575963955,-4.598584186560263,0.5082677210409903,1.040270888044438,1
2.468573131545802,1.2907108476636038,-0.24643999952695828,-2.804650430102914,0.18469799275960264,5.6922387036145174,-0.10453284985320566,2.6591452219013307,1.819007059383476,5.032254918182705,0.8842053757109939,-1.6512696366958335,6.980283523884813,-1.7437736436324247,2.0155621833153625,2.8324390129954367,-4.86135474970841,-1.5875102353975954,0.6869780853703,-2.109883461753295,1
2.4811250292555758,-0.17603468761022933,-4.580381486715107,-4.372616253284164,2.277097683377511,0.09928764529243905,3.2239583268885568,3.4456824455809283,-6.281626540863688,-1.4808572731597138,-2.716645416418126,-5.849820808518198,1.894600000375376,-1.0091793547798806,-0.8276632429381239,0.3140077351564621,1.1262919849983628,0.5044531329111059,2.0419310458676803,1.7190667392932588,0
-0.37660508512986746,1.4919942322657958,0.49430634172059373,-0.984655337670844,-2.104526776647153,-8.607984624618535,-2.6174484772689923,-2.6955558351611626,1.1742842881957172,-1.1247968191279782,-0.8300171508076029,-3.993818821026707,-5.6737165821616795,3.4931459972556675,-1.2391411863629056,-2.504495135962041,-1.153356078452474,3.665361416662681,-0.8787495053431482,0.7420853466498014,2
-2.85050812010098,0.9903601821566546,-1.8855369092264094,1.6801608708764493,1.844373461782022,-5.0501337562986865,-1.7232740241293243,3.3118352875157573,-9.116770448438041,-4.1156014591616525,-1.8466783691653097,-1.873034061105163,-3.0380576611172803,2.174197738383315,0.5492349952243469,-3.0667099079760387,-1.9616608983868122,2.1262926185445727,4.117067707490289,4.625304038046876,2
-0.1590222096375038,1.5792768975088767,-1.3292717379332424,0.6209482358348795,0.7414106205012265,-2.373546254715906,0.3894112264565367,0.30536995751640017,6.530535844633352,0.25845291472454757,2.1246422345903775,0.794136836180143,-1.7731729717368323,3.2749819057573015,1.9601067257524827,2.6570552919008357,-5.111215556011854,0.7912855736604687,4.542074339453223,-3.374433083294017,1
-0.5437644375339339,-2.394664207721564,-3.9055774405210193,0.8592145927399746,1.3393983991129095,-7.754032037507863,1.310840644728064,0.2561163691337768,-1.4747349103850258,3.143984809037355,0.4571683173865073,-2.166360128647828,7.660430722827419,-1.7514937933696906,5.415467929439365,-1.0946943001923284,-0.8447988299509201,-1.304981016027932,1.7821172386711959,-0.5438784086643009,1
0.23690299266230253,1.7324401953524071,0.3038081589823458,-0.8274135264710591,-7.027054657324308,-9.595565717421103,-0.9004369158467914,-6.277006701495149,11.489097905811468,0.22154357368723154,0.7393154672610596,-1.3522181344160473,-2.8718040090283905,4.198526800770585,-0.3175268095029835,1.1538691125614253,1.151585358998541,1.086435988132556,-5.131517428053785,-0.22654095293330867,2
0.9889793277134498,2.034085045252147,0.053591731401887666,-2.4060414811315427,2.0814657811560524,6.339431402091452,0.9123661233048892,3.3718294489209217,-1.3613616219084796,2.478112016580164,0.9080048437458952,-0.632325132850392,-0.23603643622747483,-0.6374659422899902,1.0791899449501914,-0.025165358986498854,-1.8002969576420553,-1.0050832432657777,-1.3794194295525273,-3.283829275298412,1
-0.46187169720747634,1.8371981161671478,-0.6082679443820047,2.226548993749123,-2.6656220025313484,-6.877884835539,-1.5513721765478041,-1.8744810857888865,1.8227628105903653,0.07886984223321591,-2.081715699856818,1.0974528286293808,3.523307993138074,1.1085812425087178,1.4307432217082865,0.7862598780299639,-4.715691501385373,2.594096008108009,0.8329438877980506,4.474635122827009,2
1.1814417686151542,0.8270714354549098,3.0063496880599514,-1.798734866704748,-0.5188511397844999,-2.809808248048206,0.7150088193746396,-2.045371433127837,0.2149503992624059,-2.108600355096108,1.5227307493799356,-2.4041750288626154,-9.080138081575326,-0.7021973572155584,0.16186793621021867,-3.8359019794691434,5.304310230327552,0.33942541052479813,1.1792552394894251,-1.5081808538994217,2
-2.4365227404099494,1.4556823386753508,1.2213722555805653,1.390208613238813,2.4500315509917385,-0.36113395416239036,1.7815501581584732,3.9361071974931345,-10.513735380736012,-7.969931662513013,2.1377443589634884,0.24045279828170096,-15.622471512951394,0.1019161529003958,-1.30248956167439,-6.443141934381496,7.903796725475686,0.199692599743579,7.218467894467048,0.9172270544756229,2
1.8874222333626887,-4.440742286542456,-0.6078573901606641,-0.6197927108631673,2.606272927994347,-4.419609443526732,-1.2502326756684838,-3.718841236211299,-2.780527061176448,1.4149154519506342,1.303972911184104,-2.0772670935908275,5.541384272727335,1.033319829607923,-2.89365278726755,-1.2559310973815705,-3.6439602198222785,1.6217960335513792,-4.452220553258124,1.5991171796248147,0
-0.21800860014208845,1.838795090411371,2.9323610365011397,-1.7335422714042328,3.4164550914960503,-6.880888730940099,0.4972394216894578,-1.63121146771803,-0.5852423425275063,2.5388334024525907,-1.075847434015317,-5.497901382372602,2.270839006512317,3.568040141406601,2.2728008855792323,-2.942865579362319,-11.844646484208933,1.5212546532944708,-2.660088797698426,6.962209263432264,0
0.022993762175765875,0.6136764277929339,-1.07309293602953,-1.6262827834906783,-1.652204557074427,-1.6081605035205453,-0.27530836361337263,3.9629448384278625,-9.801864291707409,-5.569603843735546,-1.5664307566389384,-8.175663463973242,-4.212257838621211,-0.06918261349423438,1.9541765972251626,-3.6100749678703568,7.887814833234748,-4.618912605895351,3.614651218498705,5.441504872626878,2
1.5826248541833117,-0.40228182851480865,-3.4227967695963057,-2.3592808296943684,-0.44647519049240536,7.995203538514564,-0.2379424813654616,4.6592400066383615,-6.251224312265965,-3.307118409645888,-2.380333640474215,-3.8368115802975824,0.5217547364106316,-1.9618223088882667,0.13579013664370987,1.5237248242356847,8.611801734456089,-4.594394850774152,0.8324275476203944,-0.9919326395308374,0
-0.2947623768183818,1.8861068917329897,-1.552753318203293,-1.5097951242326264,4.37368744996598,9.768223606381524,1.7663949156053347,2.0513037705614465,-0.8361951501539255,1.8485019576449115,2.5652589959942187,6.393023099128874,8.08028990926063,-2.3548371146465596,0.5628380269686737,3.6379737713566334,-3.3316059710101866,-1.261626923311484,-1.315515480726103,-1.887491785033547,1
2.8190169149002973,-0.4621747064332178,2.325304507389057,-0.06868310784056075,-3.9534542386348033,-2.9432542694683153,0.6494274784212373,-3.0597911268195945,2.7741678445180376,-3.5711832089062496,-0.14616663653355677,-3.6511573371114125,-13.490474884239608,-0.5685076833065044,-0.9708776229144218,-3.5196064053290352,12.003759210433167,-1.0374698560496327,0.8878284741848681,-3.9648530376195543,2
-5.77899733541801,-4.915482323893055,-0.9368332355327007,-0.5647041962940755,0.36228419986139426,-8.190223241215953,0.6146615387299754,0.3032856180882644,2.7555572549594416,0.6184521945868868,0.032364986076787394,-4.690864159271194,-3.4549215406611373,3.6838212743564682,0.7609208503366172,-1.8017992175679636,1.2191876764718845,-0.35852264038174486,-0.8247052842953972,-1.3360804645689557,0
-1.464522932739573,-1.9619299480391446,0.34636475164922653,-3.4578113369497654,1.0812854277165544,-4.548010943118293,1.27369623350554,2.9659001544885424,-1.8318699290613236,3.399763271992483,-2.3454865086241448,-3.160171298378827,3.859028655553316,-0.8852309050191556,3.244970686438068,-0.9799941477287495,-6.906035367651562,3.1400810287218635,-1.1453725134178057,3.0765789007673443,0
1.3154355220737521,3.0837589564237997,5.182685848228336,2.7469844292606416,3.564103330912277,15.245993494652527,-0.5593956654613592,3.912223862124368,-2.564971192327117,-2.424848434222839,-1.1944338833816968,-0.11362110248956536,-11.143513998199358,1.707645786097364,-0.94189822465482,-1.3491962629961525,1.2487608397751906,-4.750285673619461,0.4820095002621386,-2.3898850942920884,1
-1.7120003834589368,-2.5733634423980067,0.548761193285261,0.3837622239709584,-1.8336171311227178,-5.448751023167388,3.469020483460259,-3.064418236530453,2.645286149167298,-1.6201942057639305,0.11564750143131941,-5.690476567103406,-8.726560356772794,-0.22038801103657013,-2.0505103637897886,-3.870902172313372,12.550550243056753,-3.4508977666139344,2.197160762574157,-1.784851054210316,2
-1.027691604485801,1.6857243205171055,-0.03123252187393688,2.758046837743057,0.4474853884898531,-3.2551808226856105,0.9464203664491042,-1.9613317184896024,2.8402797487546056,-0.0644160928745986,3.1220631408202646,5.379332167239484,-0.9057939409376644,2.3527190145807464,-1.300668366833353,0.21777006445305647,-4.6438445309849286,2.386777597156229,0.3133726762330038,0.3478819689942596,2
-2.2244982159008533,2.141842139794138,-4.30494819417499,0.9585054846082783,0.8165588486197102,-5.650394027817043,-0.41495758339597877,1.9312623626975185,-2.128584211096175,3.427494661038418,-0.197825318041841,-2.424749989764759,10.014589815732776,5.720323495255586,-0.1277057772206096,1.221237850679569,-12.865348699240167,0.6773248941897847,-2.734547293885293,6.413220910304412,2
-5.28879390856176,-4.656807113227377,1.9513392755419394,0.7828745834281694,-2.111121581881006,-8.105895819167566,1.3763568570763935,0.6848970857926933,3.448040505723201,-1.7385388860102498,-3.2339149931320526,-12.410055365277843,-14.908409381030397,5.429772224646887,1.5744670130449583,-5.506919727124425,9.497895557081593,-5.315673929430525,-0.4589182356118644,-1.2539959081749976,0
-2.645693895932169,3.5327317553583844,1.0046327609098777,-1.5492332437504852,-1.7858041786528553,-2.9606619362409794,-1.2328789055720943,-3.2773222271280598,0.20980125622030765,-2.049499040001383,0.7089319886016776,-0.5889856089990597,-0.5132525696924312,-0.35688375198144584,-2.0168063779210947,-1.067932209039332,3.8429419207234563,0.19979161161889025,1.779979231949237,3.2928494774476653,2
-1.1283987520982652,-1.6611868343735274,-0.02721214921433579,3.0693414823365024,-1.2587025321095773,-7.212006862691818,-0.1638729986488543,-1.2444653066063198,1.8808036240634236,-0.1680774260335891,-2.646225338793738,-0.07325259807246176,-3.3244632662201177,1.9535524356615868,0.3192413273289265,-1.3210570815229437,-1.7617259467828248,2.970144094283974,-0.34322522484195117,0.8544017089202249,2
-3.894244760605639,3.177969424419783,-3.0809862588364547,-1.0874487654763376,0.5178145806520104,-6.016734264545233,0.8140995623341845,-1.962424497371392,4.056043271097796,0.870227261859225,-0.19215362410967995,-0.5339631059060834,1.296166205100793,2.8004663842082023,-0.6077876785197704,0.7827078550097175,-1.9197373331743819,1.9306198539872672,0.1568389369295593,-0.2659445423945934,0
1.2072262158013172,-0.21093163867909048,-2.2749525684520817,-4.476957777756411,2.092768526058168,2.3721176447488928,2.9179293340600165,1.1147836995132194,2.695430773496267,3.1288344744741234,0.9323995081381431,0.2736277793189796,9.899019126850336,-1.6028040468472247,0.43054189949450716,4.654145095334264,-6.003562291696495,0.7041886232314023,1.0547622864151975,0.5873435300657533,0
1.8870843307793117,1.9553890590494116,2.5008021937876266,2.513324960913312,1.3724186449020843,9.762430280364136,-0.0402819494409572,4.203457660770231,2.5501465148711313,-0.1780973909617356,0.7297457002768994,5.234190531514244,-0.4196360224877418,1.4222577803128638,2.0319680787542476,4.103763378155576,-8.536443812823139,-0.9893219392738481,2.622864936690392,-0.060634709520979935,1
-3.529038907950129,-0.26777037029769635,1.6364736663441508,-1.2950626442720856,2.176247932866991,-4.66306888977443,0.31195823911889964,2.0862844012557655,-4.448500700118194,1.6588667966318726,-0.7611737644830129,-2.5571367866653163,-3.582340356708459,1.0355261173193662,0.029760671676295036,-4.575775453978942,-4.201581982486073,3.451235204154134,-0.8680334178729213,1.938893110218178,0
-1.7043977542177888,-1.1553171155923945,-2.9023244705690336,0.839622663362246,-3.516152215105916,-8.504415534629228,-4.399868119743289,-1.1991538415566658,0.040139258099309405,-1.7173831554966255,-3.2458909027007232,-6.2067914728083995,-5.50426799641049,5.260204731098385,-3.323910443306173,-1.427540868284725,2.2275263229435667,2.6662799933809236,-1.4344953424505729,-0.9727351227539467,2
-0.27227911469846,-1.2741002198340827,-2.8685484945741075,2.240848030532439,-1.0388331196843774,-3.5033711165327523,-1.2762888381511521,0.9783984012025473,-5.215805255113365,-3.721990366095548,-1.46842126754445,-3.000863703650178,-4.331662878638122,0.1982429871980732,-0.2880990810745063,-2.3075049143366906,7.319830807116244,-1.0384426155905193,3.365169246343836,-0.6618330932703773,2
-2.8922091422263225,-3.3241439576912852,1.23574761061626,-1.3687672003391804,-0.345480956677656,-2.0018561756728515,-0.4587306144679417,2.6948477072453003,-2.5320198177140205,1.2302555809265474,-1.0449251944275944,-5.892257718151969,-4.81202036410815,0.6759588627905193,0.4076079645341655,-3.5866715200319708,2.9356278524928245,-1.0060015109181695,-1.0159022704270702,-1.0708691253614537,0
0.1118542737047723,-5.285352907005106,-1.9537123835727814,-2.434154387283204,1.0380318420448587,-2.94784859573395,2.4405614999809284,3.4090058252685265,-4.100132344187933,2.0017313629239277,1.1711919001623374,-7.674097026087749,0.16939678339334044,2.8540323779040584,-3.148399242716507,-1.7832665372265513,-2.27302614892925,-0.7520208552122196,-1.2717361795090067,1.3554808181494242,0
3.207867491360804,-0.23802112975777212,-3.4179480001463887,-5.4352821009114765,-3.144351427734888,-7.626517651634995,1.280094136449827,-1.3168506890958964,-1.0364722255331937,2.217360254895924,-0.42431324079858546,-8.57459701676327,4.4059506443330685,-2.5071785694899935,0.9645460378103055,-1.3244139079660342,4.549235480477494,-0.29035890732417,0.27672750705180127,0.3335019808205555,1
-1.8082638938210582,0.4281296500521241,1.8234323374938506,-0.5501265735269101,-1.1621468915938176,-3.976419709313011,-0.37626709956443616,-1.6820579449132769,3.308315274459348,0.9897583678049267,-2.828763307266862,-4.6693239695302236,-1.907462568262825,2.950138544992428,-2.9821654469025543,-0.3791792853557445,-3.346441704177937,1.746085311009285,0.40659871557979954,3.5310317043110153,2
0.4804179151506547,3.1600033474163327,1.8702327608236633,-0.6220303794943671,4.842733859425712,17.273430788126976,-1.6671222188904555,3.60382952325043,-1.4329092756541297,-1.2330649770054056,2.6307421320381996,13.394963582196395,4.427879774436685,0.49422027304715144,-2.7520813827849757,6.303038632147263,-11.260364575280429,3.1584986625095945,-4.098799834699425,-0.23073283692731317,1
4.734572558442952,2.953946976003965,-2.359283648706263,-0.6123817914823202,-2.321613842660549,0.09735628478389347,0.2799231238820066,0.6358232352496569,-3.4850455406265075,-3.2231016430967356,-1.6428691748351412,-6.497102144244699,-5.333347754508058,0.5944822478307659,-0.6335421668879908,-1.5362884739193863,6.948633501291496,-2.766948884021044,1.776038721922454,-0.2935799768696057,1
-2.4723219958050358,0.37568891794322057,2.013129860207912,-0.7531973669691763,5.064347807519479,-1.2436993842260209,2.5811669319259987,0.7021012940139236,-2.2519645548162055,2.8237589878571203,-1.600377171294336,-1.123815515166973,1.9740191553641446,0.728371409873935,0.7102162893938767,-2.3612522652072956,-7.980168137724699,1.6275911723437648,-2.067495149380058,4.1281701036408895,0
1.9542254106534154,2.3981482415535744,-1.8373800260851794,-0.5975412252968211,0.6235128786018687,0.11549225387336393,-0.16406272682512935,1.8703861029258169,2.233026273522319,1.078933383882974,-0.15092635597335158,-1.870857523802186,-0.2710131120143026,2.536648164481437,1.8603756833290328,1.757935552089589,-5.242192523302265,0.44737199026154695,1.3988337203015768,-2.213380147138035,1
2.28213777639868,-0.2749024403248568,-1.9373632594618913,-2.259555370187776,-2.914252400416016,-5.769362998714702,-0.2118983935300489,1.651341149751059,-3.0021517108547986,0.7491969640352634,1.5395680085611234,-5.019420098513831,0.5508455619310156,-1.4785582461741755,2.6278785054535536,-1.9807167513930053,2.2868553353986667,-0.37313152084374435,2.867782809443705,-0.28468214818290083,1
0.20837586043301393,4.371787676482583,-1.4621480687016983,0.561069159618881,0.6224560542977315,-2.203399934543508,-0.9339704143787309,2.127894335822041,-5.308763048602759,0.07391183572343829,2.5788813963293102,3.4828634720657554,8.841730684612667,0.8719355522199508,3.8793857660240816,0.5415155146201027,-9.988227360705691,0.5269694032550016,0.07646959492450323,6.957063371766353,2
-0.9124756781973451,1.6234209627566076,-2.350987053165217,0.6376983090187813,0.9466157516516382,-0.8813129018334949,0.08178959525993057,1.2806803405566365,-4.287815558861219,-1.4695983790142138,-2.108209942157468,-1.0799037628158743,3.490735439331942,0.49708974252115135,0.47021714540298865,0.13880816164872956,-1.1281697619185156,-0.5904941950715681,1.0357949042805812,4.186092461761456,2
1.1518534157470954,1.1747491051015544,0.6262471473502194,-0.30605878451546165,3.222824428867919,0.8507830890878754,1.1726734405967947,-2.1250450848079057,2.04967222885729,-2.3092449139640956,0.07082986010571113,-0.5654695981649536,-2.171196556264302,1.3653596197991553,-1.0061001951693083,0.9285204310620598,-1.215470413609555,-0.10250025935539875,2.7852138570993983,0.27767828612882517,1
0.796573040205012,2.765264146180105,-3.1621697222997533,-1.053608766454123,-3.396225879419004,-6.843665047158228,-2.7295340776956456,-2.99920718515245,2.3434873632840025,0.16391940389697646,0.07405274327400502,-4.007255247375701,1.9899760952089964,2.040140144977255,0.05227237064604262,0.35331424952749946,1.4012149666098115,0.19687549824351025,-0.10909181224573472,-0.5222950889510953,2
-3.6330185797633434,3.431422678546411,-1.0129884148182602,2.876717594187189,2.809833377820641,-0.8049721154403929,-0.0645771838975776,-1.0782977957114892,-4.054755989257714,-0.845521224775609,-1.2220598776072225,5.816741317014015,4.4167961980357475,-2.2613266386707283,-0.5305293460831835,-0.5934966631435277,-1.4903574662265688,2.451535258971585,3.2137648045525937,3.5589099663234434,2
-1.399951815460377,-3.9381957901808624,2.7025741137356913,-2.241953844726943,1.5983486943773453,-2.432032316051905,3.0608246898707074,5.022928505019085,-2.280056490986285,0.9434185454225228,-2.634639175564078,-7.802393839625507,-5.234076673849802,2.1344295889430267,3.546665227395125,-3.2736773911675856,-3.5383660353160376,-1.3710743744323397,-1.3830490907849844,3.2499065061037373,0
-0.6818373710581261,0.7387011097741771,1.4016058560919973,-1.4047464527076137,1.8661181947782275,3.206129978698145,2.3852398276765507,3.477967619753963,-2.864187008833861,2.4325581732768438,-3.1049380899954744,-0.9578954489505556,2.6284472747792713,-2.80439394414879,1.976612725942456,-0.549907700288975,-3.329960066014699,0.34369554774156774,0.837965296811485,2.9397550492982005,0
2.841338257875366,-2.111114756156871,0.9657650174648533,0.19739567046818163,2.4411343195225768,1.9342815747739306,3.6341663954198555,-0.7293970323688201,1.9286127538689832,0.7889815296215408,1.2434119023733596,-5.558618551937404,0.1422763679725371,3.8321918692603916,-2.0872496811967527,0.2599530920391846,-3.1114219739770883,-4.8793773151050495,-1.6751202152386848,2.529186603167312,0
1.1476927451446037,-0.6984246035133341,1.5560698000426076,-3.4074137638691435,1.911141896848805,5.468919463527133,-0.2616733702203018,2.864371404780493,-1.2642627859731659,4.088944331886468,2.590080975522469,1.3044943630013042,7.278264659434245,-3.0361911949692795,2.385355289472636,1.540607416253562,-5.991083512579073,-0.07925030915365949,-0.15688951357482384,-0.5865706429672429,1
-2.0487466696757646,4.715431189032387,-4.179688844792961,-1.0063489778659958,3.4416133681205565,8.226034423765098,-3.3781219414553094,3.5591473242508487,-10.975189882854089,-2.171253871694786,1.0947241214243157,-0.4614049572564318,1.0251495846964909,-0.8063957739405772,-0.7579839402968664,-1.7552515448931585,6.641039972353235,-3.5519076349614087,-0.4364808950492769,-3.2674927321173115,1
2.7614302290305472,-0.5858355142181906,1.2437172579091405,-1.1034416555010065,-1.6155983515049037,-0.9697909444460252,1.8141617676521609,0.7906185976418114,1.0699646434413363,-1.5900786947154217,-2.6307502554233126,-6.7912290491907505,-6.228080493400962,1.148532656471322,0.5534113656258592,-1.0393499398466302,2.727972849764242,-1.9648078722540845,1.3448933771989908,1.185462874726464,2
3.6825551426603758,-1.148378561087192,1.3512819699100325,-2.93847433388925,-3.1017643587142683,-4.546801507828715,0.6459864865763489,1.8155767999572443,-0.28053282783713185,3.3375952591012292,2.3684319967394085,-5.6180534831343785,1.4395740442898441,-1.0063317509907808,3.0325428480846464,-1.6265562011789232,-3.237055317846036,-0.46170405532629777,1.528769606638389,1.3604995411839473,1
-1.1073983967248884,3.0500996423281563,5.381601666116186,3.490161781114537,2.9091816841552713,7.098264880985776,1.9076375039786768,3.720849327897024,-5.329992277451607,-2.157613071625765,-0.8975934457777951,-2.1821024955408395,-13.559812040667664,4.1093801229039535,-0.3425600257327739,-5.901071439745837,0.07138856242358466,-4.443414123571517,-3.5350588579702413,2.369893796413143,0
-1.4740396243127445,3.6367100895718423,-2.0546007847737013,-0.8609226007314914,4.225883391699151,1.4086372015274997,6.262402153375101,2.425987608851779,0.08608524304642845,-2.1891890808022003,-3.484564686812992,-0.47343227580266356,-3.735338162882512,2.278357505578239,1.4494479383224215,0.34467441405738186,-1.7102424398288836,-0.46419500735307484,-0.7553636296313976,2.139864209831936,0
-3.3033280280627877,-1.7345580989894827,0.10921847027450315,2.135666018970955,-2.0703031864385304,-4.592739256566956,0.9950405755248806,-4.03130534045461,0.33975050021488795,-2.657924997768222,-1.0550675703988277,-1.9944385290340056,-11.498573199889877,-1.7006360269478566,-4.086021654857817,-5.174977505158371,16.746350196233163,-0.7847312488723142,1.4317632713068638,-4.670414695683653,2
0.0784861936237169,5.838197467542957,2.587431183700546,2.6349884147039035,-0.28906485261015247,13.175156324459653,1.3565081215567276,1.4698068277409893,3.0095933253173013,2.194957043848172,-2.008970448606438,7.426496796070636,2.643752461678502,-4.589298797203853,0.6122900464677461,3.1783296757988193,0.45403471434275405,-2.133118274432479,1.963550935230895,-0.7895805299922458,0
0.6658258688140857,0.17327992856521202,0.06522726828613501,-0.04896287157204293,-0.0071214640830921105,1.256997627117647,2.826274700562908,3.898644258611209,1.1362925814346734,0.9644353332345046,-3.211607496704803,1.2343300407770277,0.5996936584499154,-1.0708517498504824,4.306295189545631,1.6215997513704297,-4.349260998151659,0.9766561828658631,0.5016594822186413,1.2947574847398025,0
-0.19155282020337028,4.6237604752455965,-1.7707414146973846,-0.623624237718384,2.776735226401949,8.870953448071717,0.8186571308870197,6.458316272273473,-0.7006688565519942,1.0113629136041826,2.691789457184819,4.571648046963698,-3.10935780338532,1.3155117510839451,1.9526364376859844,1.8481173163261944,-4.631980657163632,0.296885389599749,0.8689631044907249,-6.208418615043266,1
3.0100303814099227,-2.2772005053308173,1.6173279473261912,0.2727074717240763,-0.08049602586735816,11.872509121402995,-0.06788409913541082,5.1386339590683665,-7.0929311579182555,-0.443258804979457,-2.700043333955314,0.1425335117933646,-2.5854904872968443,-5.170546688745242,-0.16643128644248306,-0.8936495214451252,6.79208245725289,-2.527807577431267,-0.3769554749497779,-2.3916618283239206,0
2.813753582005467,0.060079058962897225,-4.707067149232085,-1.1182054300216135,3.3691750148076363,-1.9748993978752303,4.869369163765169,-5.138518940664367,0.9561818187908122,-0.5089674294148736,-0.06952712540867023,0.24983779598635758,9.726085608148606,-3.0930488186179543,-0.7418357205937509,2.3634882352339646,3.5558589633838213,-1.842588650762445,1.0573575296452613,1.4805054726561724,1
-1.1494789087441548,-1.5357787414226274,-1.884489064760141,1.722112400117343,-0.0025616194254580726,-1.0815027738082017,3.510135238471927,3.8808954870386825,9.999160523692947,3.6912986369190532,1.9302832891691173,5.801302423815466,1.251517185501193,-0.10145705041245412,7.308355796510748,4.634240455251369,-6.1066289407145105,0.7698870520808474,4.377194955754973,-6.712168744431367,1
-0.04059857898928443,1.7476212133185212,1.0596908422065696,-0.3883404738803691,0.9879244166413951,1.4550999883651292,1.4226908374038227,4.2019401136647705,-1.5602073123495621,0.9414952754822694,-3.6665976353696563,3.9504076518299933,1.13625212374227,-2.0181598288042815,4.981795575927224,0.6936462036158424,-7.158939125392973,3.7716411190494794,-0.6920892004453483,2.3516595759928576,0
-1.4701364065301,-1.7823836732092455,-0.05141879601783139,0.689235946345411,1.8279412994926294,-1.7258345103941095,3.5503403559239413,1.7961564205151506,1.606663148617476,4.361610811396114,0.8092284626339838,-0.9743356261125717,4.501079313859022,-2.7438489692493455,5.45918523278534,-0.7233747899107941,-1.1395818411232028,-2.9976176683587923,3.1391126588843496,-0.9371868367717444,1
-0.09409491876686016,0.6866373721303576,-1.359526159401838,5.329285590311852,-1.813555520486692,-1.2743695265017305,-1.4199338791841274,-3.829945900627416,-1.2369621186805047,-5.402123988783562,-4.0654105448644735,9.437931265353837,-4.114619175153556,-6.325620279371252,2.0504435067101188,-0.8266171464070466,12.970514079365635,2.7646288265171233,1.8456854431014706,-3.744896497250008,2
-2.2943461262902276,-4.639182586470634,0.6309821887948674,-1.7033368888621248,-1.0574840647206636,-4.6123167251473784,0.3425558887836483,1.2038425631914966,0.01118164309372005,1.241884575575787,-2.6132854250014064,-10.750537705745598,-2.8077350602520372,0.5570317687669804,1.0909743616973797,-2.747748430224322,5.197417598395277,-3.5571680362492804,1.923215930933854,0.27812601564913164,0
-2.7172876196670126,1.1000836603805624,-4.269421901328693,0.293379479587522,0.5250505564702657,0.6689622931938866,-3.2149356501183934,6.247181331951418,-6.598482785964761,5.116355485636757,2.359039747809379,0.02000155092785527,10.15661458130253,-1.426985727510286,5.935383196584582,-0.41731582761811437,-3.912651785849546,-2.2938824670409024,0.4754567611377589,-2.296313626319491,1
2.371900192883149,1.9959296365175239,-0.0667715872163821,2.4572159799025233,2.630063186251255,0.41422640436471403,5.231031292710585,-0.4226685037683404,10.257423269174053,-5.167850014893415,-2.1077717893085786,2.35539588272893,-16.682963714455706,4.695300729071106,0.42935635228042446,2.3578078580241417,-0.12441818298489515,2.3930023786414707,4.749775857401012,-6.495400646046347,1
-2.791974751304524,-0.053972375874517864,-3.4335955882239473,1.0797837277873672,-1.498259606381425,-6.651646598811298,-0.9092535826177719,-3.4579988322285127,4.264022632492443,2.6612920622017286,-5.810597869127958,-6.326683646056131,3.2461470677866084,2.1612976084113997,-3.2761593266074858,0.7175361161937206,1.4182201489997244,0.7762627584186208,0.14802980731187199,0.43218378011458225,2
0.5877814749645995,0.8765258427472098,-0.19870946528205824,-3.3057370823569183,3.0838132351716996,5.033496398644988,0.8019959059304542,3.601945530130142,-7.660771725760742,0.45438690369614454,-2.8811032805803594,-8.169348886601847,3.7629684193381414,-2.8369580989531706,0.053849522483077394,-1.2187136312864046,1.6764529484871356,-3.660957520385919,4.8711987541136805,3.6729641792638934,0
-0.5119975493542757,2.959350101317591,-3.870315832727867,2.724162585414689,1.9429084891156827,2.4497266537378097,-0.09056594400823559,3.6317197458596056,-9.10482001589354,-1.8582214988645886,-2.0692785823350657,1.5914854286661997,4.915324895177769,-1.5253763381390635,0.9207487062971089,-0.17700833287767903,-0.17627499310681996,-1.009905352730346,3.435435102950195,3.6737826844790717,2
-0.40454002507714015,1.7152272459904916,-1.7416371942318973,-2.6725325418547112,0.008156402371444882,-0.6317058280291675,-1.2476167683926076,0.5374231795169715,-6.3430425633199485,-2.5067732330464874,-0.9477829032757671,-6.361820380843981,-1.4993468037841557,-0.6184645254237171,-0.6822433404746979,-2.691834491452174,7.188485782277687,-2.4267668714283097,1.3129280259187759,1.096361582664737,2
-1.3697141037018175,-0.37401239963946353,1.1501657423330407,-0.8293613299156637,-1.378393363135395,2.444798682170472,-0.7690696641390018,2.5082837064166856,-1.0199719479159928,1.6875130395510596,2.1180214881088486,-1.5195023930983536,-5.489837374451869,-1.2219467202909806,0.9259263241898028,-2.798601291980212,5.754224905919197,-2.0092165484531073,-0.33396911513682936,-5.465889416596833,1
1.920712300616053,0.3768696414189021,-1.7141869265564096,-2.713645820149864,0.44085401700542715,-4.171818895791656,2.2653588594422063,0.15460998955677308,-0.32945346291187166,0.08651225035751775,-0.7682760433443965,-7.036718071164538,-3.7928986262968576,-0.48463836071445976,2.0930395592622713,-2.362867999597574,4.474393604862436,-1.2846433038030451,2.1938902857267664,-2.4769189990082205,1
3.0565962081115323,1.7338634508926292,0.6844837321270043,0.17085225978715357,2.6791815241746297,8.73616247189732,0.7335572723676085,-0.2853149333137399,-6.510346277263297,-4.3619065791863125,1.6152934176428286,5.238499549625193,1.5401426717579298,-1.680002615099426,-3.4498929755922045,0.7970048345421794,1.1071373922388998,-0.8928193623590626,-1.4992612893963386,3.5808173680553894,1
4.387188418327243,6.275266334755179,-0.05507421614771302,-0.8190775035679463,3.8826376887709464,8.922373739676729,1.5869088003891285,0.406562417812694,-0.5037991053962552,-4.529019089325395,-5.989718311462575,-6.998414696032751,-7.403172300898532,2.4966936257654493,-1.7696887862263342,1.0811325938499363,2.349664740796239,-3.551630636799861,3.245462437954,0.48663538286140473,1
1.2388871852889887,0.8449583025768779,2.558440347398093,1.7501869043860347,3.0136393202716385,7.900723109644122,1.9505917673327282,2.0605246411723495,-3.9245272845883776,-0.5375998247638669,-1.7762842954810143,1.318378881042196,-1.3943507321025075,-1.5589463672103676,0.5116805142218321,-1.118573824471093,-0.15469303947029123,-2.5207147738721085,-0.939237140310647,1.899508184405004,0
-2.7799666025434995,-1.9422994401584175,0.41574258980043144,-2.6337234591015677,-1.5630192916010013,-4.000276191993475,2.789722810136289,2.143999819998284,4.725620848142432,1.2081565272440935,-2.331730931964478,-8.130240078653141,-3.3493045364447784,1.6026379080977757,2.6866745567878056,-0.2694144425228042,1.94235921965597,-2.8005928000211355,2.323280555337087,0.5006927666128609,0
-3.148051168933831,-2.1864752015856705,1.066895602256927,0.8056880314644872,-0.02202673091865459,-9.609482131509575,3.3864995699440774,2.6587209357415778,0.9362536481864278,-3.6051553770410596,-6.533948512122576,-11.100107454387544,-11.648734110394265,5.862034652549678,6.767472086966281,-4.384734305437584,1.828831944514992,-3.8448783128010495,-1.148687307952571,4.583209957970386,0
0.6498282835749782,2.8151857464030927,-6.063358296632298,-1.8603907702226488,-1.5508160158206712,-1.9935207585478272,-0.8758027177364145,1.0602264995115545,-9.597411233273899,2.7036190414790773,0.18364765261177063,-7.099755586951269,13.64871895133665,-3.9690906955026706,1.704709504579705,-1.7939878237181865,6.071595554909017,-5.919278732170701,1.2196697654849569,3.675071030537411,1
1.842217839746895,-3.358676112838337,1.997081407251894,3.9190664132615174,0.8814550555592681,0.7445653753841583,1.5138012791636721,-0.7234290390479841,-3.3645975222089617,-0.20611101635560503,0.7258462011271261,0.6784795141333536,-0.273587542286487,-2.207674037211963,1.0820131483597422,-2.826276601953947,3.3026332971432684,-3.419333800887862,-0.2507069304436347,1.3459319013288717,1
-2.7643525280492867,-2.4843162915745527,2.2824282643953344,1.3759159424472158,1.867483196080518,-6.141437618966986,2.222972130154833,0.5219347712672078,-1.817264744726589,1.1956378543268233,-3.2182847259965452,-5.202982056717493,-3.054812893495642,3.0249453580070806,1.5958118286838259,-4.426023678240452,-3.7810725532166085,-0.5222907167362758,-3.679324462310126,5.140509234610251,0
-1.0785432072880874,0.7153890824547242,2.104951470917702,-1.8816947133934647,-0.045319638304891274,-0.29211559433253675,1.2689941629348647,1.2801634302750777,5.66901742652904,2.9748179170735725,-0.5352341970918406,-0.609331964442012,3.5560904388445236,0.8156600326722906,4.725431913835156,2.1939702991401844,-7.352497886359099,-0.6530925115586403,-0.674039097277684,2.041206175574631,0
0.8003343400393631,-0.20391524341819967,-2.2979026111137566,-2.5799732658677166,-0.4351667114239417,2.1028022589416486,-0.60433851946833,0.14878556501017726,-3.770047648425536,1.6340371340444126,2.3931022951403724,1.3646132393823756,11.58891954626209,-4.1995452612607975,0.5077969047259728,1.7642462641057168,1.1468809128106865,-1.5934372361087077,-0.1785714237705247,1.7317012744217721,1
-1.2336884719765355,-2.9490170853301056,3.007225033616149,-0.5891162823751215,-0.7833242854596798,2.8214838700217832,-0.738386517476977,-0.4062439967591924,-4.21648002639012,-4.435762113461129,-3.2475158833510926,-5.149598704223465,-13.337096971680555,-2.0902195973970787,-4.808596827916881,-4.6966280648001515,14.864689918282671,-1.1018795220184439,1.6828895974542113,-2.4842197914643624,2
-2.216164981155523,1.199513501747772,-1.7621983097442537,3.6253375177653426,-2.083402573527885,-4.108035003562943,1.285016118504657,-1.663912736252363,3.2019003369865,-1.1533317771401388,0.3792954445950647,3.286842929634271,-0.5092484994211621,2.4464360661342166,-1.6553434153050417,0.9184246622775074,0.06351187786386914,0.3984623744508605,0.47720570862819456,1.7869496039326174,2
0.6323851480500067,2.022024718968656,0.12368139322200133,-3.2925709774762026,-2.46273929715792,-1.8025410589695003,-3.474128199824171,-1.0856739740031174,-3.2832699003906236,-1.8784853254279676,1.1570353497779968,-5.846609427745574,-4.79305689296032,0.8694824167913244,-2.397824485279161,-2.895932005959163,5.9749692492003765,-0.43301292310569983,-0.3796730555135661,-0.8951682816875066,2
0.6364761074043217,2.899442136454738,-0.5281855161735167,1.411283549294951,0.8575680428532504,5.343342085555789,1.4072684542661054,-0.3067101468599158,-1.1458104059973466,2.0389835017193922,-1.5032070083417215,-0.17197809683358023,4.426998960251288,-2.4769084990331454,-2.67497670176465,0.724610891428966,1.318398300512316,-2.116315627510205,2.8187351330836092,1.2594527479431945,0
-6.002051844454881,-2.7298338170361713,-2.6791093054546598,2.7640455887098776,-2.6409020346487817,-8.511756969095384,0.31928392053978216,-0.9218604362174548,-3.3254726312655567,-3.9172408687472156,-2.324622891705718,-7.496524324929664,-10.974015086052216,2.8341188325596587,-5.43985545931425,-5.481106879820631,14.344292451870796,-1.9823013274026158,2.862733107815432,-0.26455187771198796,2
-2.827874961271612,2.8898774322462146,0.7749106875288871,0.012943148858854947,3.6168872015616915,8.430902636215546,2.662883799448254,2.5214633336296064,3.2727916835472466,1.8871988669272657,3.226538926446627,7.904647569580919,2.849137156094677,-0.4641808466525561,0.2936474487375742,3.455065857336921,-5.764987131451872,-0.11840728690419089,1.5171187123415377,-1.7343694331875767,1
2.1425341077295514,1.240436521783287,-0.7988091926821954,1.9347044993619282,-2.4117534340693014,-0.35768605923907465,-2.717400131354289,2.2374732998153597,-4.657078131403662,-1.343327732772733,-2.189992608337095,1.7279462489100625,2.4528732550073555,0.9522676418688628,2.372036601112433,0.2651408394053725,-4.280971083676207,1.1443893775822325,-3.6037299086423626,4.085772274468148,2
1.668221044194921,-0.21624822368378538,1.747779720521391,-1.5383591147255509,2.702427557702973,4.408299412347635,0.642213464885155,3.0572558921792035,-5.6296580095673345,0.7628538825135973,-1.8128772237869395,1.3694922969085352,1.9259049211678652,-2.2026675297414426,1.7891011140083828,-0.9004343312887644,-4.7433912898916315,1.7018129893842628,-3.1016070837367753,2.4109474233484076,0
-0.41462281686914426,-0.476682322369975,-0.5738660241529402,1.2914956677847054,-1.784045685266246,-6.851588092486779,0.5943636690322709,-4.11692607512824,4.170210609311584,0.40833693229476165,-0.06923955626262712,-0.7450528951361278,0.6443684673818362,0.24137458035859116,0.42171193528629236,-0.5122535913448106,2.2731149906464414,-0.07349581815083428,0.13659499097262162,0.2747849045810066,2
-7.107789574765693,2.5207044849550275,-3.1381968257420465,5.801935624860685,0.8293134362129462,-4.517398434226263,-0.47320538952941216,-1.1742584556061657,-3.3643585209458227,-2.2441634816681937,0.09427591711723693,7.451893298414669,2.806619310255736,0.3030794133615252,-3.0435207561301727,-0.4779574933747548,0.5159658911384715,2.553182030534932,4.552288961463917,3.713797751856791,2
-0.3742100968197173,0.37518939647023175,-2.623895502170978,1.4965855335936111,-2.07159332428881,-2.095992975456951,1.5854326056610435,1.7659838057195842,-4.996056653543967,-2.127159290433995,-0.05498901257667976,-3.2217590226035346,-1.3601124398443778,1.0570750454987128,-0.1576153905329558,-2.2786094123376115,5.648529598375086,-3.8736827100323987,-0.4900315170927394,2.9429152215730863,2
-0.6676999014031432,-0.9122357380219619,-1.0468035255148234,1.0224681642995392,2.0321502079921028,-4.285967190492975,-0.691054795873647,0.23055523211463824,-2.212017967019261,-0.609748696511114,-2.4625500578940027,-1.1824563523529459,0.8587123729728359,-0.16888035303208548,1.365860611324487,-0.6626014871861952,-2.564635818392062,2.3723204239372486,3.500834179866545,1.2664858210036036,2
-1.9715356924608716,2.8940355692134307,-2.6084116029069166,4.918174765584134,2.2165977762702735,-1.0714814534992052,-0.3582466350548742,1.4588039061063127,-0.08844755553021444,1.9831128232646513,0.908209238165478,8.066571401762067,6.425985203725888,3.2407561104136318,-1.0068840482198114,2.7695162450814577,-13.600588260739919,4.496317122444909,0.9847973121516918,2.5917186978490756,2
-4.445949824763705,-0.3147647835029912,-3.435791832373312,3.1038002048186306,-1.5984001621445543,-11.579471364279593,0.8910294473488705,-5.780494964306099,7.058587321636191,1.7190994143439022,2.2926606975615305,1.058900857733606,2.746549105395137,3.800789827451734,-2.6234151160342245,0.2177296204914727,-0.07895670292695178,0.9603036769623432,-0.2588459611404774,-0.20581707083617107,2
0.7951964648261243,2.13391356108201,2.5936584725124687,-2.9313893687574417,1.9736902286002382,-1.9420622913449845,3.2358610043996148,0.3950439077039456,-4.936559348521279,-2.8178834558604553,-0.1672528304539489,-7.55145760286209,-4.685202422168223,-1.8188614057691916,1.3049801132198149,-4.347747311840072,4.114639685905926,-3.0270048090504673,6.569744645896424,5.202066410460617,2
1.7777677925399331,0.8889236249607864,-0.9041217702762563,-0.16171467098565295,-2.320662840165728,2.092612647797008,3.7907176285920365,4.7662774400173555,2.3422124884706594,1.4324179869039713,-2.0844906674183235,1.7569877420677362,-0.05998067435735925,-0.6462530931452761,2.68910854289991,2.5771134480909375,-3.8283993575812274,1.000944047145794,0.4553730792460966,0.5749998567892977,0
3.5788520337210845,0.4448706810527,-3.428113746774774,-1.4902404800992226,-1.601963915936563,-8.817222686426263,4.329773285560215,0.11070916556062149,5.4004596977672925,1.2353712812450635,-1.162894491158255,-5.05128115066444,-0.9810778473727451,1.1478059601585455,3.976235138148016,0.8687513251357774,-1.9963483705248681,0.9001457366812335,3.2468572252876693,-1.194502092957466,1
1.3494066126935476,1.013490172118943,-4.528697478517951,-0.9110944383518844,1.532120679104835,-10.31650350904195,2.901164306480396,-3.689033122491148,2.404290324041698,-2.6051616968613365,-0.21208282943521972,-2.0619489685944425,-0.42891048073011034,2.634349964220033,0.10421221393139146,0.3498615190028902,-0.874604379840876,2.6267067217070745,1.8656348011917119,0.7657543458864029,1
-4.9656810732454,-1.899588597606947,4.951431604988462,1.2890314828966645,3.7883745418936026,-1.9076278340955306,3.5036074495953935,1.7787662745243447,0.2181945464394004,2.4831802331590715,-2.106763171478563,-4.704658176131433,-2.8894477785579737,1.949255907237924,2.820619691737001,-3.9353726044425197,-4.7896174732690895,-2.918137191808282,0.04900706590603554,5.130276207045643,0
0.6476159261778864,5.3503751509861015,-7.44710520371071,-3.1819487749826805,1.2482870877580776,4.544910086988914,-0.11022088465020685,2.043181958353646,-6.006455986767245,-0.43327921020290283,2.143279772156737,2.699657382047713,14.380780632420233,-2.8489408551176427,0.2908600388843636,4.355172895701763,0.09049471173008547,-1.6997077811134986,2.0857097417475394,1.729894273637779,1
-1.0423854707640352,1.913347255357665,-2.9769816166656926,0.028206946703570268,0.7357169165931463,0.9451366985150164,-3.015054520207852,4.2179448640130115,-11.29023182175423,-1.2082837225066088,1.0442054802214047,-0.2112059534847231,5.822733349832558,1.0602268830783517,0.6095635469823126,-1.367019539990431,-3.184609947647874,-0.8839349738460227,-1.9917791134278944,4.780942015048668,2
-2.5380841053803826,-1.1566322200805428,0.533012447375403,0.2899359789436309,2.433516734418807,-0.10717527980674663,3.33568967725927,1.6157516127327878,1.8513979988304128,1.8588406260699797,1.554199876619386,0.0014644750316680222,-1.3309589334973497,3.2562358905344477,-1.548849852646852,-0.16498526055276264,-5.414945735246624,-0.0284513576386356,-1.1003229022915488,0.8433100418945637,0
2.486271727725942,-0.15311744945109806,0.803639719859752,-0.21159696651330162,3.336989067610496,-1.8234656922848171,4.238391367011491,-2.061925939807589,2.347117281531547,-2.16583055229382,-0.1729716245909092,-1.333251049547695,-5.347720883367848,1.3023828298276747,0.19276608743787593,-0.8011391616704504,-0.4288777067735471,0.09018511323826983,1.0915042599030949,0.027313554102458948,1
-1.3642687740529844,-0.03322127639568351,4.878591251215353,2.8363588732241114,3.3172346125221863,5.490916717791671,1.2331477049173005,-1.1447442857427985,1.033940378711682,1.9884806440751026,0.32789413375952026,0.2713352334543334,-0.6915493171372746,1.16902839652745,-0.7836913418311844,-1.661598017865419,-2.731560797235001,-3.944142831883149,-2.538225663654927,2.1544899224977296,0
0.7259678620677303,-5.947074989884264,-1.9441318189292143,-3.7160671041143463,-1.3384607586249775,-9.285053960919411,-0.49358922589791554,0.85549966475883,-1.192285332467745,1.4188472064744104,0.07712344943684002,-9.70278186587186,0.9174268987734235,2.5602255806524874,-0.23304079260045962,-1.4227207946777651,-1.619448779617428,0.837958032860233,-0.569531488929208,0.9408777917551195,0
-0.5271673091375332,-2.9860576852382055,3.5165068277596316,-0.9746470399789344,3.9655571192574355,4.73154256218303,-2.241655848954787,-0.5950643987118287,-3.9631787314302542,3.802688866229647,2.3904043257248366,1.7610131643273765,9.20202572577917,-2.76557559901877,-0.8699170505963554,-0.41618803298198936,-5.94920406517479,-0.19729699841163062,-1.9856263218035157,2.295864872955727,0
0.2848918196405763,2.541631179976658,0.919189811394524,0.6465468015336404,4.782013290228045,10.40077923808093,-0.05314092364794232,2.967313306160232,-3.9683630879110554,0.35096639481849123,1.545518332962199,1.9607934813991437,-1.391353485005839,-0.1144916805290872,-0.07283925748960507,-0.5166741182984826,-1.0651932318006367,-2.7191028479991792,-0.41849822386495417,-2.9522563413004437,1
2.4940731566864986,1.9239072109054218,-1.865535931573266,-4.557880307374373,2.807825746940006,2.1981099166322142,0.34243250733425734,5.898624227449066,-10.67427087540347,-0.24888445963078865,-2.869364668701441,-4.019779221374466,5.877572459620564,-2.4511199502012966,2.8801650239972165,-0.4373463460434708,-5.668988335735948,1.4749334377203893,1.6662194687829346,5.412605237451722,0
-3.4177573580420004,3.0486504268167893,-0.9496708232305862,-3.830520701360419,-0.7275062624857633,-6.175235752766998,-0.7214637066209555,4.222325984190666,-4.308704506787217,0.4414600632406629,-5.503425218479984,-4.471334742621964,-2.1080322316033464,-2.488546756815893,4.961870107747838,-2.7509176946519487,-0.3492214916910208,4.497916120322059,3.8311708563534985,1.5326815057744279,0
0.3923054554753018,-1.4970647665431223,-1.9459726041977938,-2.86867591923828,-2.0955000228455534,-4.874307323872715,-1.128869546179176,2.0139565318000807,-3.2331994413953087,3.4798534056666934,2.5996090212088405,-3.4000879269229705,6.6979337087611235,-2.962314775498098,3.750031444569581,-1.2517745480706197,0.15743991935059398,-0.6063194174988122,1.6698257803716883,-0.43141621237568717,1
-3.459779825587991,-2.2075081027125094,0.7382347155970777,-1.057083539119027,1.8642470299209895,-0.5016968228841909,-0.29415981207988606,1.7473439517539386,-3.03580767435129,-2.5615027442642795,-2.9572507165583772,-7.697055306794784,-8.556647384823044,1.4786478182041116,1.3040043174584908,-3.9219412978506134,7.921123602690027,-3.611393641359456,-0.024135972749676382,-1.5865030534059965,0
0.7983759003345656,2.748337792097161,-0.7849911524599525,1.737570516449237,-1.7830731200331456,0.6519952488526155,-0.7892033832030603,1.9913741562804614,-6.447834418292657,-3.4735251930341704,-2.993710261170122,-1.13277402005315,-3.5793520315727743,-1.9339486938070989,0.37883518965908425,-2.129369861019091,5.638455182868874,-0.5850553136565126,3.5544803290844778,2.3249436990385965,2
2.698214866081539,3.9650853320797794,-2.7784734445581516,-1.2651050348872634,-0.6834544908441034,2.6993398144627525,1.085067639303663,-0.23847056005022793,-5.569878202853284,-2.2497172406268486,-1.0908584386026257,-7.231860068521439,-3.123765495372573,-2.0683341542367373,-2.046208591660449,-2.7922460267995874,12.348541841956301,-5.221234387474483,3.053669686410506,-1.0688147931051704,1
0.5080167354038176,-2.308180080089352,6.348573649033419,2.236773824958757,4.749900476113881,7.358199311517398,3.1404389573962854,1.8063828216044384,-1.5100051893933826,2.3705075941433185,-0.14391278100177418,1.5659584313086772,-2.950622856149363,0.08648301943176451,0.34103339114467845,-2.5306343633312762,-5.920552104032013,-1.9128541948034965,-3.9783006924304143,2.140100517705128,0
1.907707338913329,4.21391223434528,0.14900750722430178,-3.2183040739277002,4.254157310415641,17.816919468863123,-1.2187672828910836,4.698645451727203,-3.796877245652638,0.5376396675855278,0.8442786616274558,4.873490714695329,7.185494518801502,-3.8966625738017564,-0.33841981692134726,5.050279353703737,-3.3702021293415787,-1.515298615376907,2.164999192759959,-1.7914237733071796,1
2.340688108742942,2.9915925224423385,0.20708063404757038,0.8663320228948206,4.009752625611946,8.139036104189517,1.808196661813339,0.6856739624773683,4.357586320032399,-3.3174617954967474,-0.6660105606741262,7.282116078040121,-4.549563888365391,2.6705386749666102,-1.6963835112857684,4.831153175698915,-6.505959921791545,3.258895126284008,0.4001023510913049,-2.4021854975631323,1
2.1780180704209733,2.7613528908890888,-0.46288083397280055,-3.0576407180980762,1.0906778285569891,6.083411546948598,3.4920719269145395,7.081273162346787,-6.275602788903125,-2.120183380161578,-3.6182687242130824,-3.5473263357503217,-5.585379650468796,-0.13666794540262917,2.198767781982383,-1.0665661800521122,0.12032813127153619,-0.9642885366727201,-0.9742779603543829,1.8675327819290928,0
3.25645760361237,1.2222290820891808,2.201605253278572,-0.8035272880791908,5.021121189916962,14.04130109419962,3.0653391113213537,0.6431647200404615,-7.159475795640878,-3.520593451223303,-0.7296207449410077,4.1306033705624685,1.4190933645290644,-4.472055148074553,-2.4320790069000013,0.40005582068189716,3.8336381763631993,-3.0514634419841546,-1.8495190874628706,3.0683096732163193,1
1.0217672118956533,2.0467554686937413,-2.166941213276837,3.5801823223737683,-0.5059889222811309,4.533841630159632,1.980202790933932,4.527904909343223,2.8775734621099494,-0.5062022992713391,2.9863546900181053,6.078918890716087,0.17094002346690704,0.786370140507459,4.126453416149142,3.7611526229120607,-3.0088622182784794,-2.4293052826455983,4.504954119078796,-2.873476104255758,1
-1.506225050674162,-2.7970292919781468,-1.9768522687387646,-2.1468560095643685,2.580141229562142,-4.231661313924495,-0.5033139649404466,1.9081176405047275,-10.922461493607283,-4.442950625542957,-1.8917698898849133,-10.706327272786565,-10.129709389106349,3.2474407839540227,-3.03661081720716,-6.9324846185537226,8.29668229468664,-1.3630590165320529,-2.0591036364385964,0.244951557017965,0
-5.219046171344965,0.1185896599577847,-2.0598583905073093,5.39856061144637,0.16357435811440557,0.7721453185364409,1.4380505969488233,2.002321372862522,-1.7509325465058356,-1.023743793257361,-4.067847687163143,0.36910092904536307,-3.5754075712968247,4.450273235632099,-7.359469987241308,-0.052507727770945256,-0.6473805939353674,0.9063002212151916,0.9455515719167582,3.430110281042423,2
-1.2470939429478611,0.9325103682523226,-0.25181358658931363,2.4325482829145795,3.988826635047612,1.95801994965446,6.212147812781312,0.7108676218942693,10.591038633748479,-3.0198392736280697,-1.3768805707644796,6.6039075752694405,-8.99388975719304,2.137943849887385,2.775385022021747,4.102576495594307,-2.2210042896001263,1.7508900290765408,4.973993583017949,-5.094288918534018,1
1.1428655155581469,-0.6187619691642162,0.214033368652371,0.503644540017457,0.5193577661511009,-6.601692672131033,4.883273632042222,-3.8447614324394896,6.417916105459722,3.8700800674926996,-0.07622280611654353,-2.017325723863344,0.4707830335246992,2.221875766098432,-3.015621962747523,-0.374610113708746,-5.4174081705974935,2.18348627761105,-1.1631065865196437,1.5510772890137723,0
-5.52897869007083,0.6605224469565503,-4.446964328749367,1.0003874423987118,-4.355415272173287,-5.923080987313856,-0.5011703658265614,-5.137488046322094,-0.13993977100199162,-3.984967726635679,1.1407399667997993,-2.106361049389035,-3.802631931356871,0.46493420181862033,-4.8910531239454755,-2.7050717422514845,19.04126849069498,-4.108334446473356,-1.2853020481985764,-1.9706430486345061,2
2.111829453857055,0.6738010215151304,-1.730713593604901,-1.4061213598875337,-1.5182034072888424,-2.2943522892630592,-3.0707070841220436,3.889097439381591,-8.303761983110894,-0.008880949739759725,-5.500172799379296,-10.843290846320215,-1.8536853934831845,0.05677620977032238,1.1563444366327778,-3.3609583461295043,1.8448761052210862,-0.4715215195077691,1.8179819402822326,1.7418693214941778,2
2.299672149536788,3.016881750323805,-6.146213539407782,-2.5708286665869062,-0.7836678468902083,-2.565139737523745,-2.254584206464783,-1.699039115205201,-1.766026720153119,-0.48768411236851517,-1.1638468905186548,-3.1463034747120187,8.856155885196662,-0.2606135360695099,-0.9946742352919928,2.9346279379076075,0.5905298388516529,0.521845905384958,1.543529152371263,0.6694365678815186,1
0.6619614506157709,-0.7837620810105226,-1.8944382400853608,-0.8944490254505952,-0.00486699369889243,-7.255804387107445,-0.784819379580925,1.8936417956862028,-3.700374164291458,0.4062339147450451,-3.2875078856883246,-10.949216671527916,-1.8524427028756163,3.785698373291524,0.16584770893342382,-2.69356037660454,-2.891925555333323,-0.0071795672635253105,1.8126073253592658,2.947691319865962,2
1.0261343236162257,2.0093364612800344,-0.11498282624800482,-2.269626502126484,-0.9978572028842607,2.8474802906318373,0.07549273387880695,4.057816081472919,-2.386212994844648,-1.316882384799693,-3.198331377521737,-2.812122969670171,-0.8894427615881048,0.026698724321063683,3.793667476508159,0.5154299437039289,-0.47008319158158546,-1.3602611366501582,-1.3210983623103723,2.113843392757554,0
1.5545178892559706,-1.4521639691021218,1.0366198636104746,-0.1571813172363694,-0.6815296991380444,-3.8137315071858002,7.361306219689487,1.059977935708695,9.393169418147167,1.7605986015706745,1.214968543852537,-0.9370246374133143,-8.54060220279262,-0.20439053177620492,4.302529393637304,-0.21706728308463008,1.16254139826136,-0.5958177412170891,3.875169852069452,-5.111215132677987,1
-1.1255452720270345,-0.6279489502073692,0.7919616935377491,-2.9476519878631775,-3.348491272665912,-6.9852998025996245,-3.5272629732951595,5.830456970731976,3.804370814047451,5.128129631679957,0.1705227957693528,-8.147155748947744,-6.141066206041171,3.593906530898031,6.625526844832074,-1.824845157875572,-6.819152596772361,2.083352348143393,1.828513613406285,-5.813296099206434,0
0.5475219950115194,1.3598342064197844,-2.4577140377622277,0.6024674508552952,1.351988699559782,-1.4648531834416034,3.6688749560325262,-0.22056135640466934,4.573201773643317,1.0528793481886738,0.8065311056187899,-0.24915967936663924,0.17306073014658793,0.2754432720387694,2.0061031693398825,1.3906219212776758,0.11841453125164753,-1.4913779460891532,3.628098221707725,-2.9090155382169267,1
-1.9918228053735203,2.5782023927644806,-4.097688014859051,0.29771827254735395,3.134677984771046,6.772208038129267,2.333415230416412,-1.7161256566486225,2.548087516337202,-0.5232042200371838,0.8764777451225135,5.417631257651783,5.537178097743804,-2.5895747313363264,-1.6130183325809875,3.969694550850761,5.916080722284858,-2.6158338610590617,1.978042275663804,-4.0634224307255185,1
0.5271835154058966,-2.7120324638857065,2.6630679378370696,-0.29786891069739996,-0.9233475516710905,-7.441244092714488,0.06530425702638953,-0.6839369848319375,1.845659893993636,1.4584544274998907,-2.276987748323298,-7.303850243488386,-6.773541495658514,2.701732294298605,-0.32933228307670714,-3.428864803215565,-2.5903690334255822,2.0879716028625754,0.14735832856829512,0.7776416485528427,2
-0.33774557712609976,1.8161855759039023,-0.2812006928858186,-0.7947359763825568,2.864419088761279,5.690569412885022,-0.23021337130349373,1.0426194376208686,-2.174270361195087,0.5842103475199343,-0.3128173526347644,0.7398786730306137,2.7025447899479595,0.021922000255160334,-0.4063347355861875,0.7143062176107289,-1.750844280996236,-1.1609887231399718,-2.0645520371805617,-0.0343974127797092,1
-2.5798785935451827,-0.9777318216141196,3.068783943441425,1.765243619976674,3.2707129098793626,6.757244644624812,4.02609494410292,4.290338904364191,-1.5965049612320241,2.7293885548868735,-1.0731467332508073,2.7632877771191833,-3.8195116912227807,-2.108211569694347,-0.5377159721344136,-1.7751826193033329,-1.47177797544968,-0.002268437233164944,1.1139219109194967,-0.983895635631701,0
2.8101533533002594,-1.1273151579619727,3.1535726448023294,3.4316797321002737,2.500764361615913,13.056199709458546,0.9443306887049406,2.2421190489912153,-0.8828434753682836,1.9471808846489518,2.3540991633397166,7.457398488943121,6.217574704445112,-3.122169373312243,0.8614649680608917,2.925502486952756,-4.358537292367552,-3.665351360791266,-0.25704198325643546,0.3944942072453854,1
-4.285292274397509,-2.6002905412611765,4.7158979396786,0.6156646701841566,0.1314686164003911,-2.9889306367197936,2.9221024352334473,2.3983566377519074,5.909911516537068,1.7341563247220142,-0.18250301830649596,-2.9046501779770306,-10.386278096643093,4.544822812022541,2.77575264713528,-2.7467352065282724,-3.3858081945157674,-1.025722755350794,-2.3935341658406566,-0.597360659639141,0
-0.6731396873886356,-0.14783928232064936,-0.4001743009194567,-1.5067693387096694,-1.2734576644888076,-3.049447143294842,-2.726301897033766,-0.9283076574094175,-4.180088571360297,-1.0041526314830886,-5.622263281668468,-9.616326879013092,-3.7819973587282756,-1.1266363415926914,-2.4185138309210426,-3.4018046032190954,8.053974030103943,-0.1330258686035064,2.6322376069586153,0.44363415851670585,2
0.7250314038092762,-4.286849544170394,1.0591330269745285,-0.013137682287306163,0.010242011567685005,-6.817468252604405,-1.4108728203949186,-2.9762729956235052,-1.5879870059518755,-1.1833547340520512,-1.2230262411636028,-9.752452889670263,-6.84959643450423,2.9931068918867902,-1.4805392633568597,-4.9639702110448685,5.413339122416793,-2.05594230208472,-2.3272415466534877,-0.435356108415222,0
0.17802842996168744,1.7658571915883496,0.8435354354745548,0.6644107647615701,1.6037055026824647,2.8536703511276063,1.0585286842557782,0.150606734648012,-0.45643551780961444,-1.406648071087376,-0.7793457511169797,0.900187846355042,-2.318141210040566,-0.4426239410063051,-2.1690132280324432,0.3673107474398387,-0.27659965047156154,0.7728784885888345,4.0640738860940475,0.8446462564550001,2
0.5974694951370323,2.2974909300574,1.7101934577151328,-0.8447725325592059,3.8453999384221733,12.37368560593667,0.32129674130764785,1.1097048523532267,-6.895819323291448,-3.206076326231196,-0.8018224784266068,2.867993017519862,-1.2335531125380212,-3.672818266607851,-3.1815835999347497,-0.3864770819016854,5.468063292459227,-1.9089794029498233,0.3112810175444237,0.5469824503677696,1
3.3123749632256576,1.4799568000735817,0.8736078996180798,-1.573574700415788,2.2857017112316793,7.263542923660371,-0.4205973441425559,-2.182347487492907,0.7044941829933635,0.27467548767992633,1.8663138884826695,-0.23574479838654394,2.8271521151221717,1.4299582969309579,-1.9561903498338253,1.5420998385384306,-1.3541334399520504,-3.179225828461535,-5.598882383923774,-0.4809076331618518,0
-1.8128059228748423,1.3014343787767806,-1.8874609690991058,3.0122715470738415,-1.3046153158081264,1.6694818543101495,-2.4518879609284596,0.9392603154773316,-4.460502290944165,-2.9259299232657163,-1.284381443771052,1.2161182593846425,-4.709610448381709,0.56833250878343,-4.69886923994397,-1.059234421973391,5.540293363714616,1.0424816008203492,2.446795896170059,-1.165189858869434,2
1.8416224105501504,0.7777061687961082,-1.180641752445695,-1.5152674225894098,-1.9287826215992094,-4.219318526672768,-3.3575622881453064,0.5693901902193363,-1.7062490271236634,0.49218408475383213,-0.10665350478115398,-6.467704765070096,-2.1278611663825506,4.08229445658066,-1.588928744445612,-1.289880738051318,-3.2545347473847537,1.4263106385533915,-1.2847583707194525,0.059435757878799844,2
-1.4472002720732953,2.60758168958192,2.794393909745396,1.4617489234238827,-0.7892823688469617,-5.496115868129879,-2.590756511974823,-3.6055424598561308,0.6822757222103794,-0.6813172804815626,-5.015601554475643,-5.034780969833298,-3.051976390261025,1.243147596449565,3.1152584101460215,-3.5739760958941726,1.5342173322962964,-1.117089267191825,-2.0938464710686033,3.4590620662550133,0
3.7114349046191517,-1.5730528184169517,0.08638083810664499,-2.377051935192823,2.924154746981463,1.187379024233031,2.8385374133266232,3.280731488819164,-6.333034952698787,2.998337333101208,-1.275601892357316,-0.6342192155818314,4.022469786804482,-2.28243341934744,-0.48864834219361386,-1.102481189974876,-7.883384515090219,3.9124163264242773,-1.868228527250567,2.9497685256723325,0
1.7225472287179344,0.5001631278333538,3.3883032670524864,-3.80815704217181,0.8468413965432695,5.563450551719073,-0.8084020724707095,1.779917847268183,-2.107385316454952,-0.8084813819923813,1.2097713555497769,0.8034108782565063,-2.9453962466833303,0.1601377470064158,-1.4489788023064039,-0.04277069826287039,-3.514825763732018,2.035561762806151,-3.112794058772966,0.7188725865249297,1
-3.0316507359347025,0.3597865400894533,1.3804660673151816,-0.8080362982559864,-1.1541583372579285,-4.333787419228516,0.2894186139866788,1.4191844944219576,3.682935654731339,-1.3243465278865,-4.725412123040833,-9.260932220650163,-6.177674100876472,2.479857567311195,5.682031271825202,-1.4600479312016081,3.3633150867331407,-4.284011039822033,2.8153844079524584,1.3113039427336781,0
-0.08546308484731235,2.190157546025752,-4.255338262455424,-2.145841250066073,-2.128516001520419,-8.219707970520995,4.478318040290026,0.9850642785809589,9.23296072476785,2.8496040790019332,0.6740064159281626,-2.8508415837376453,-1.3100449669584178,1.535421964378512,3.858158680592351,2.1739647936325834,-1.7833472603322587,1.3033885263727685,4.935102774480116,-4.4773593232014886,1
0.10670736133243297,1.8044106323302853,1.0668290688734174,-1.1793529246501402,-0.5704484560463596,4.7885580124475835,0.6122263647617487,-0.9419522577549051,8.13690027564971,1.0733319451267882,2.5757763683520487,1.6842072756088302,-0.06032764713502536,2.192586933774198,0.42387585556621354,3.543159376731463,-1.430007924362312,-2.667820011902675,-2.0553293238664017,-2.975091026251109,0
-4.339472016439657,-4.822998061240136,0.12401690021167755,2.4296968082924155,1.6276302760481105,-3.076645440192966,3.9509072996362007,-2.4947468506100434,5.964330876729201,0.6255435354468357,3.9901332681929875,8.597463310968031,3.5967793174623273,-3.8196427481388024,2.655544048255368,1.5587360586973127,3.2167948389323353,-0.42034386331802254,3.537216788972709,-2.57928116093166,1
0.5529821471973839,-0.21259466639831182,-2.0180780765461512,0.823218816556494,-0.5602935205437636,-5.590964047746673,-1.3021708193277313,1.533324124064794,-1.620021322521039,-0.18276802980588902,0.3715022072227794,-2.8700849912764124,-1.0135898441453692,4.804952076001262,0.44464359376827023,-0.7608702132143407,-5.872669693375749,1.3547157843867037,-1.386669008422535,1.439868744047387,2
5.026666876712414,0.386929286205123,2.5861477876027763,-2.1805639283779628,0.9892060045228308,-2.8030276370386944,2.6060806103408094,-0.670444769296191,4.257269610534089,2.209426571467553,-4.4814022641404225,-7.93104745767913,-2.8255589241478827,2.7886751830563847,1.0570020500797224,-0.22604572349337437,-8.342760677194143,1.5077613179663683,-1.2053268926383915,2.8380446235449406,1
0.009357222017930766,-0.5663888120714922,0.9556828749615406,0.8219813029392768,1.152341568912648,4.539054726522211,1.6180420291745883,0.5947968442667922,-2.4467200329852123,1.9988524858764447,-1.527382531490463,-0.44991504145401434,1.5976915571768715,-1.3360589970432986,-2.1548407279307735,-1.0450617827874458,0.8413860353877116,-1.6262310596169876,-2.6365055990599506,1.2817549940977637,0
-2.2464729786875735,4.720505936418058,-4.66669012548534,4.038732571564483,-3.379471527943946,-9.059751080748187,-4.365911588602921,-2.459956401885111,-0.9282056281571228,0.5623799536649514,-0.9841880307623154,5.122448720449285,7.905926605408142,1.9934308743636784,0.8386808439814539,0.8649061357454051,-5.407336757254271,4.324038492336826,-1.9748004408571198,3.4191354086803707,2
1.6053803205895014,-2.2721694285880965,0.994952972540113,0.20987823797246663,3.100304537121652,-0.814374000468364,2.944284834280918,-1.9183969933835838,-1.577146928687086,4.366769540681293,0.3374566336026509,-3.1903094893831554,8.134946165473131,-3.0388157633393496,1.7860453718746463,-1.8671843376480033,-1.3673788492928973,-3.5915340145337535,-0.6588402094974364,2.713021844734297,1
-0.3877801979577358,3.772155987976377,1.7455679116059994,-2.3517648373365776,5.807482034358082,9.111211705294188,3.691471841512557,5.638782765904695,-8.659388708796454,2.474341893956203,-1.4810374618804902,1.5088938349352172,3.21717584486616,-2.3665226708238474,-0.3517434322311628,-1.5497548188895776,-7.799975014774013,1.0789996892021745,-1.444435130761867,4.787598953161823,0
-0.7327287019361254,-2.3379994281266416,-0.6651782870609939,-1.0462031088060058,-3.2057591949148714,-5.566860761132113,-0.8833439843046489,-0.8316150735894143,4.791023676059984,3.4698260973830783,-0.04962915414264546,-3.880846266701302,5.638478349798972,-0.22679233623076556,0.9540352200661257,1.7596745211092166,-1.7766815974100818,-0.16986242795986073,2.8463702302440077,0.6220223432695214,0
-2.238215872586238,3.366874469170331,4.176923785522368,1.2863650708862964,7.199165667173475,-1.1151778230518785,0.3433196839902357,-2.4731577948476686,-6.195125263119535,1.5991255446031514,-2.0026450944724097,-3.073140542750058,0.48627606602907447,1.6217004982225394,-0.21805603898848003,-5.986811922790397,-7.027276519790286,-0.27567627791573046,-3.186421555230593,6.752157442391176,0
1.358066063797284,0.836302473520443,0.4445065571892569,-1.451743808017051,2.0010572169550773,6.723427314914209,3.5995159831965817,4.141810483004085,-2.786199531759733,2.5171733317300737,-1.766636031022597,0.4245822289134141,6.185134454663443,-2.3752163384248597,0.9244419732051727,1.7286372715379459,-5.455177004723274,-1.0089282226027967,-0.12384071953904985,4.081363429248706,0
-2.542084573771548,1.5138857487142192,-0.268946458177158,2.5999278717559653,-1.5933887986595165,-7.157791756803904,-0.3224569676327651,-1.8834198991332785,0.5709651181013103,-1.3702915957542112,-1.1726883179201417,0.29416904846570724,-2.2508849632859564,0.6181905512630557,-0.5976269690849414,-1.527639150822611,0.7373167374151876,2.1617188664602986,4.199924617134515,2.576299845149199,2
-0.6194614129160643,1.0596033881751152,-2.7696558556528634,-3.333169558019303,2.225380806154093,0.895145018563063,1.7839478045371946,-1.7696540428526761,-0.8341763239858007,3.154088636787661,1.8860875759624736,0.21319801971381655,8.838727738313715,-2.8191430138207005,-1.1230774959798264,0.7114705038637049,1.232034542990648,-0.7443015783464975,-1.7639536634110042,-0.8192958943928188,1
1.1883367907530962,0.8957249254336475,-0.46266196106652635,-3.3908125385054744,2.4606974197929694,-0.7869615026655243,4.347797555994525,-3.2004796348803817,2.542143390988086,0.4573906618456801,0.9365629474078591,-1.3753148768303294,0.22648444854632224,-1.3893033503346917,-2.178297397606907,-0.04558363775499208,2.157288136647461,0.3735811402418334,0.41686783245268166,-0.664085835882889,1
-4.09198870011172,-0.6733499676062262,-2.867165792568997,5.394944484818391,-0.002565756730138924,-7.1024317165577555,-0.5178034233382175,-3.5470273361716815,0.5377674183252334,1.7726923501426568,-3.627522489299728,2.2522463588976116,4.027416306045837,-0.7777864348716765,-1.7256173854908523,-0.9762080153755711,1.515555655766521,2.402557952773439,1.2019854565171384,0.6140626566616807,2
-0.1507835882297638,-0.03471443159132681,0.4940764507300157,-4.1705683947200525,2.8170075286236793,-10.125771670571948,-2.5644287571851128,0.6895525410839285,-1.6910699095673416,1.657134749950563,-1.7679847797580635,-10.72583128315079,-0.5220532414397623,4.718174728765039,1.5710534950912556,-2.425112230761118,-11.42223469453961,4.13377604071003,2.704464179222713,3.420420273408083,2
2.236188425202724,-0.8525148125511737,-1.7998734283618751,-0.28730250443690697,0.7183025916953347,0.21516304094215305,5.811733797140397,2.4387573501396957,-1.2962352441074236,3.2469335533683443,-3.135348165376056,-2.082490044501209,4.622852912465456,-1.6187901545487482,-1.2764878190435263,0.7378028493256608,-3.938000262521097,0.7467575210513471,0.6038576131393139,3.7328282414138094,0
-1.3667799890051848,-0.03885930531731363,0.492619278068708,1.68586017045657,0.30288160382694307,1.1801471013801814,-1.4509143797350301,-1.2299409568190836,0.06993141430772681,-1.7491151437076797,-5.840499264782416,-2.515326840433253,-6.960403998372917,-0.6039857482565156,-5.313517198415013,-0.7278836930028307,5.371584071585774,2.813477577135194,4.75047733296303,-1.9326581094937887,2
0.022659725460272617,3.451720833724763,-2.7925604290395536,-3.770948428799193,2.7104652679036643,-2.5815372515118944,2.952776624802647,0.017386650629960365,1.9049453882162186,-1.5836947859475687,-2.8923509229458926,-6.631877485343769,-10.510126212261829,1.9653553222866864,-0.08209564745497921,-1.999355255277841,5.233279396857719,1.2184734511640545,1.5570718200341367,-5.955708464825171,1
3.0133998330405727,0.9671167686460644,-0.9762895497585695,-1.5470871473069474,-2.5364994050960936,-4.563945243307355,1.9764496360502555,1.999552589915528,3.536254962994769,1.0378447499114993,-1.884600330624008,-7.842023425554719,-5.334285834878011,0.7558566705041545,3.773015571415119,-0.7075955115094277,1.2726207030518302,-1.1477661724164963,4.489729608938126,-2.4244944071017374,1
-2.0468011539510176,1.7962425135460593,-0.36593608204751527,1.4284665584645855,-3.0655321344962676,-2.394965863976232,0.10190092501864445,-1.4818139041368523,5.557862608011633,-1.3518862780771024,3.9852499070094787,1.1943271892382457,-7.34935752392246,6.670761452158396,-6.522610245613296,0.7373751402451998,-1.0535664722393194,1.2059023787792464,-0.6204377784172699,-1.018421739401564,2
-0.07164809692080254,2.0920343949642533,-1.729374466913253,-1.0890413659421685,-1.80999402026959,1.2221815213221563,-2.2085915024773204,1.931359038484509,-8.056425116688695,-4.624952939440648,-0.5764530029852446,-2.6019719455018664,-2.2560699857056234,-1.115705361116674,0.3317757329392377,-2.1175763918042976,8.333861643426197,-2.5449501147127,0.7258684313320131,1.7838549628519116,2
1.4597859666790933,4.273288697393111,-0.5133512098624331,2.1806245752055387,0.7819708228716529,-2.0651963646613485,-1.0403821538385645,0.9640774888333234,-0.6423920153156069,-0.37952179247896,2.990141914616822,8.258912577632863,5.539014765217581,2.476784197777934,3.178913678292118,2.3628571217936085,-14.169462609511609,4.066947094341261,-0.544007168466182,4.503656451676587,2
-1.3987128496754648,-2.850970538924383,-1.0354945186228803,0.8261595938655476,-2.831225437521601,-4.916734157113566,4.118419381457324,-2.8674947372389212,5.1020465028388875,-2.4311335281772477,-0.24325214796863093,-5.552076716675997,-9.295563577895368,2.253868274597429,-3.026814409516198,-1.9324176520196255,12.322133665324078,-4.1092915045876595,0.13760066089048772,-2.1788299226066177,2
-0.18918187773466277,1.8886382920043174,0.0036320193623158303,2.3713356597958244,-0.03478359548112109,4.59002420428322,-1.3162057500881201,0.28079719140177706,1.0231187739908338,-2.242766751246998,-1.234218574829526,4.615677420102797,-1.3015879814891596,1.9187925426690906,-4.135308288295859,3.0724240808926693,-3.247470205541462,2.477816910292189,1.438597611775482,0.9812058203110282,2
-0.33380881880020175,-1.3493612856196187,-0.03965723131475274,-1.0988988841525251,-3.9146481883801516,-6.705322950547226,-1.699950017894981,-1.498360006345872,-2.2455169969669626,-4.017797226883054,0.9713482382780936,-7.722213645502735,-16.286145610810262,2.576561368740212,-3.200122691001888,-6.536432515848098,13.884202296925302,-0.654655114438542,-1.191519191880225,-5.036875363667162,2
-0.6626359025184732,0.8000142679410308,-4.586937285479357,1.0231566673243138,4.181368030080394,1.3290263440919783,2.386091969988776,-0.9250432215487603,0.3720519088861613,1.1966642718093663,1.4392043838671218,5.671286503756711,10.725946815058153,-1.9736764745176116,1.272995503946135,3.5448309664479694,-2.5587402113246425,-0.44331934614016766,1.4974323661269469,-0.665277943419995,1
-3.3947779711805635,-5.415762172405618,-1.1781146227989256,-2.9973848135036922,-0.9170354232656128,-14.00779262306544,-0.1828686500997554,-1.502024892888755,1.985183099424885,2.7731299263021656,0.2637765881107612,-11.643829478115952,-1.0595527649471663,3.5708080653388174,-1.015269051722676,-3.2678851964527196,-0.19134631936691293,0.6958140830702577,1.6346316016648195,0.47220532307010643,0
-4.31122794558218,-1.7485296256812908,-2.7119951457467852,0.7813085735306833,-0.9275392581057393,-13.152790433839606,0.873133233023597,-6.689400045455795,7.862856215344397,2.5966243333909267,-3.8330858195747393,-6.635873922006846,0.8841147699989546,3.0541226756433315,-2.7599537774621608,-0.8783446705312634,2.5156331410953126,1.315260118466461,-0.15962104484919104,-0.16846072861908468,2
-0.5068879841602768,-1.7079008902841304,4.461168723399803,-1.170068914665579,3.1140057984553615,7.35368005305528,1.6910349149082808,1.1402923598213373,0.8190500581945721,3.0809817610253565,2.3581058850650365,-1.761684069815245,-1.740642430914415,1.3739279860234919,-1.744068254573298,-1.2219638362637233,-2.8065813559536155,-3.453584404541903,-4.0280820847979575,-0.6039251232058027,0
-1.9211631698393878,-1.5295047007342912,-1.8992305415372948,0.4053291918910997,0.4375650855452591,1.4243726065558697,-2.583576484780276,1.5701985697835799,-2.0729452998646565,1.2558298864089883,2.436466479007026,5.740779382952608,9.03596837459451,-2.0597802879501614,2.223399374616843,2.453645073667924,-2.8694703817937626,0.6137172039682357,-0.14806731382288252,-0.580002915832816,1
-2.8331759868579374,-0.6904294504456812,-1.2070026795713247,-1.977544656453567,1.1287385426472762,-3.29318122478285,-2.270471900709863,-0.27006477167033105,-8.631337580979586,-5.4886992772170515,-2.6130156902696378,-8.523643711127113,-6.204273374615307,-2.3145078188329116,-2.1345368742290654,-4.6978339194356264,13.493839485443862,-1.554591075608406,7.841181718288723,0.45549619972301236,2
-5.848197719201191,-3.996016187014881,6.29682338506601,1.718177552054648,0.9804142315253426,-0.7299543647748568,6.495686114927414,2.8375253742248834,12.517995950577392,3.5494900700504335,2.1615801221891484,-0.655807214946134,-11.402625383480169,6.3958884035944825,2.6452079341828543,-0.8167178102903503,-6.351448184875263,-2.930428052510148,-2.2513420835108526,-1.6901589785580833,0
3.033885577982002,-1.4490690170313263,0.9461094440545503,2.274413168460419,-0.9956249761795566,-3.4427101672950045,3.5911317466304875,1.8485184467316615,9.256429411133427,-0.18846958089095533,-1.4148332119420832,0.03211333557891982,-9.099316181040063,2.1726236527889013,4.824079323996418,1.8001417278940628,-3.9427977699065493,1.6172479402234972,4.843000503813975,-4.341703582118128,1
3.954895760631965,-0.07539473039637379,0.12329015069746818,-0.8456739546928275,-0.7487062394226829,1.0076918030897106,3.9414312190149747,0.12435585260925985,4.80740965192259,1.806156109424918,0.18802901533499305,-0.21096974821625336,2.2343513493619747,-1.828661520472993,1.6348671273961939,2.549280993208088,-1.912662620359547,-0.7794845356251532,2.772202725400815,-0.1927390915213536,1
-5.279804586387533,-0.5545571029472262,6.985067410993259,1.9660710661917267,2.322242254986233,2.318234991078538,1.211166777536379,2.192611567424236,2.5743249266063275,0.5018187810573511,-1.503405190166289,-4.873232097217301,-10.847243368111329,4.318270512176948,3.6883811485284497,-4.455511891700277,-0.6317451291715745,-5.65869218298614,-2.570682438165944,1.1993467627039802,0
-0.5701564081704766,-4.987983986473166,0.8414047784839593,-3.161281132430656,-0.8759125365806317,-9.063414713790293,-3.7567097570542893,-1.00391366905014,-0.03718270118155392,1.5361838368416745,-0.511469751776577,-8.484852007186584,3.518107090288294,2.1861625049112883,3.365286463449965,-1.4672477110504534,-3.58431832631537,-0.13965182934832543,-2.142062878164954,2.4083555964995145,0
-2.54458738980241,1.689670935024024,-3.7309755403519365,3.7213907530217494,2.393127502325632,-2.5100089121828106,-0.8994563719536297,0.30278233617195927,-4.722641577837077,0.1955615389501273,-2.0441817095783823,3.3895859424260073,7.346573778958065,-2.075743274069112,0.7498754104441516,0.3212906541551399,-2.0078384758075183,1.7617525829317524,5.067457463256531,2.2214757553236497,2
-0.8042679781319283,1.8807918108104529,-0.5078949364398315,2.672224092607165,-2.637312099064949,-0.8829284875160941,-2.0876596769317333,-1.391883349152527,0.7942117082821935,-1.7164855003140773,-2.1832382531459995,3.964871871508127,-0.06185579560433041,-0.032328513258810476,-1.1874365023236102,1.1750144822859108,0.748021993570305,2.3041580790952194,0.03876430568988587,1.297767707213598,2
1.0446193751172406,0.20653295931679028,-2.9023508907717686,-4.340900543760169,-1.593458433163276,-11.536705997729399,1.9268602901832776,3.7220922091540483,0.8322648381222413,3.1154038888519735,0.27167796885571005,-7.131919683082817,-6.517052850152673,2.5512322226666453,4.9857048587858115,-3.4582367390504665,-3.634201648470206,4.118566308145606,-0.6940846099977407,-4.510279326971267,1
-1.7974705198112906,-1.859559960477482,-2.746041987495725,1.5808126766305994,-0.11987216165572412,-16.813278109277768,1.4332841822585896,-3.5540700341405733,0.43301451650023015,-0.7362531804945975,0.2945600290595267,-5.358188716154828,-4.007741875775816,1.4200150367184425,3.4609325800469914,-5.128046819223876,4.162625748982679,0.664662245169968,2.991962689111597,-0.6735796923732125,2
1.5187618911018728,0.21620148231316083,0.45775367041397597,-1.7861481043915313,0.28944726741642457,0.8714909801813158,-1.3484410390363268,1.331132518000812,-1.6353732295246801,2.7662019815102594,1.19907240791676,-2.840548839776956,4.481288596794477,-0.24471524886270646,1.499342868295072,-0.0805658560851692,-4.1819819144914545,-0.9955608572393254,-0.3234624411234568,0.7186269168510231,1
-1.6807819348282298,0.33500368624488064,3.7452705426242745,0.12761243158948554,-0.5212255504522809,6.667523930011267,5.146200667771012,6.454081199205621,-0.1105038818502711,2.908577013645769,-4.393726148206808,-3.4048500449030152,-3.7776170115135215,-2.2422295726946104,2.855999718589958,-1.3139269152186859,0.4744630836703946,-3.8211074212829583,1.7092593823838031,2.605093282383236,0
-3.411840430221026,1.0198367281448288,-2.164852999821533,-0.4899377693615561,-0.5686240888517384,-5.009003479241027,-2.245062928930957,-1.3393031365398205,-3.971785027061492,-0.5858708057023859,-2.899919552902559,-4.08081783900354,3.453420595846927,-0.28481818802431547,-0.9309452002084846,-1.7113430521056872,3.3368925999692554,0.010588823423432703,0.7845098365349817,3.44239687054424,2
1.208101748527774,1.7885845161513427,-0.7731625269074525,-2.836257661386372,2.5013660904921178,0.9589895413546525,-0.3530471184677322,0.018585424216624125,-4.215350737201785,-0.2703670244199117,-1.2879990533098373,-4.575170025954699,2.1275047848715944,-0.7338030169767387,-0.1847553686821426,-1.0077933407926207,0.16315843311052391,-0.6948829507750948,0.7098560860330956,1.527555838516974,0
-2.3509746841175545,-1.0062404821714157,-4.366061496272341,2.3643205067625055,-1.4252209281555777,-1.2614205206696094,-2.08073106113705,0.8752057198475036,-2.5058757718637605,-0.05740786511626961,-0.504268938277129,-2.526754181692499,-0.03482409075800855,3.79527813934133,-4.8549283012700855,-0.153079311068689,2.5875941065304255,-0.8623452197779446,-1.5684909640795648,-1.2171218901323213,2
4.658638000561413,3.21821879061688,0.9071334723733597,-0.5369700558250148,4.406433876024417,11.267747616424998,0.11740785236261098,2.7699756451799966,-2.6361504209029647,-2.1022846993336355,-1.93095101723181,-0.10604959837031891,-1.6018255611362677,0.5952767978871245,-0.041306524363325714,2.2340105884928807,-4.057302682689297,-1.3220654749905347,1.03903640251417,-0.31042686785438334,1
-1.4764741882409025,-2.9479929351286085,0.0949248105976972,-2.7532017144094776,-1.8807068639254148,-3.7834158170802548,2.950494691276459,3.4858043137006396,8.59719229808314,4.143032079427883,4.510195559320983,5.8713832035572135,-0.2520695091783425,-1.2447018602987776,5.449305647560142,2.835979114351743,-5.9750573303025485,4.365382634466077,1.4361067892189543,-6.127037593892737,1
-5.430131267346411,-4.7565380143460985,2.1863062353838556,-1.3730864057055057,-0.9964639826660626,-10.923871612878246,-0.04703714960940131,-3.9684888112856074,11.196792906107357,3.806406848219945,0.5837990961211545,-7.217433400151778,-1.7256779598737713,3.7301674091711865,2.061610265647602,-0.9207445229532422,-0.4925704427687405,-1.4233689533352338,0.13293754218400045,-1.9704806654828206,0
0.9210652692817675,0.16900523544034118,1.311923872523216,0.22271393900726388,2.01173610574527,-1.0859130792579352,0.7385954343135432,1.5274806521687494,2.1950401272685705,-0.6589483528078863,-2.037897446316623,-4.481411853583626,-7.938242247052876,2.317777093654399,2.8870393288965355,-1.2650422309033278,-1.5784956870846214,-0.2542244699439288,2.9583804625286936,-2.6136919834687706,1
-2.7013912933526116,0.7623801567103863,-2.5723935412311167,0.11030717303879878,-2.7664290931362885,0.359361240783992,2.107291692289128,2.8614293626484497,3.005252955044073,0.4207447751350325,-3.718206289495349,-3.8703820815066923,0.033355427873663496,-0.6669603333048637,1.1374194295017581,1.9740536482316027,5.271131232857603,-3.0851410710532536,4.926301840809798,-0.2309987474050803,0
-2.6341278015385985,4.212877635143178,-2.034097860010835,-1.0946450241427643,5.412880578642659,10.922052671243343,-0.5965270521859904,2.5937968503655098,2.3559934317855333,3.2834896759166132,0.6623375752654778,3.620738099551646,7.161193441194416,-0.32600137061678613,1.13524019614918,4.71932387796975,-4.894622796276355,-1.8650788318633194,1.634486279428343,-4.836269565783519,1
-0.02569607693249587,4.883086455582932,-2.2140597623178455,-0.6910548407641469,3.1691487680750208,12.546746174715164,0.058140903075880046,2.556717584585882,-5.659814749321786,0.9617320394873662,2.2595856441155013,3.8557059084400525,8.767885478790014,-2.931281772486829,-1.4169437651848802,2.3198101341896598,0.745736009377974,-4.1226098363727814,0.3965270909922849,0.015637274149808755,1
2.598657213980987,-8.578622743986035,3.3721601216555563,-4.183800646973307,-3.279147917603618,-4.8716280586160305,-0.035332248971365,2.123618627421537,4.839366417572867,4.736884911566348,0.9594642145390517,-6.449283929607095,0.6955802142479275,0.6414684093182483,3.2855798840169474,0.3126039405926093,-5.869140308665762,0.8167520002123516,-3.003656357954166,-0.6644901774852179,0
1.8010410463533955,3.4143015289718917,-2.7810303018460267,-1.9368556885611006,3.814039100499569,6.829529457199618,2.9029904244587064,0.20001071085127098,-0.16130593768740825,-0.04436059029831352,-0.6380991612641675,0.7313529730265247,4.71117940606594,-1.8465176905181049,-0.2947864761917225,2.8951479372223266,0.794322412592311,-2.01122995904353,1.3457967816977512,-1.1868917052672436,1
-0.4294225588224446,0.6282370303207063,2.4534540357323045,1.7355690137410482,1.459184765358763,6.496415037194129,2.691925575348141,3.7749421680496993,-3.8572786532149195,1.7612150121029346,-2.4790445509836063,0.2364627968018768,1.2942159385715382,-2.124441991061692,0.46443349164075487,-0.9789324151408098,-2.050276381848751,-2.2729125356043127,0.6638284702502013,4.055762723055433,0
-3.646464418238587,2.023557670542191,-3.7899576880098014,-0.8581240747166334,-1.8105137436772663,-4.525475333224574,-3.980283364265553,1.2091631335034574,-10.9526410536956,-3.092782441928822,-0.7276746334823906,-6.84549516273986,-1.6580188607862498,0.2507615672578616,-2.2588674891518936,-4.947737952315481,9.822851490391038,-1.8406268904461083,1.7137482862379612,1.9101911851174562,2
1.3039111086977595,-0.3305351719996581,-1.794930836359614,2.1099510955121286,1.9218853621641692,2.104115850163671,2.591445555666601,-1.1836907785329807,-2.6269904848419228,-3.1936761718430553,-3.10352513636542,-2.6328431043386753,-4.505761256321974,0.672548897459456,-2.7076547445435653,-1.4774047709242923,7.373882453677244,-2.946042706315231,-1.1723791848191867,-0.14677537141761232,0
0.3554024933282709,-3.1434479392350942,-0.5579283173290521,-0.36823030920494326,-0.9975855714703012,-7.535438447204812,1.0329502274603188,-2.8388330946400457,1.3723158951133305,-1.8779936592413753,0.3609995801182436,-1.2530051545475076,-2.3853047761916817,-0.7884141378199379,0.7745742392413344,-1.3787310673813415,4.467984458759215,1.0972501462634914,1.2155265571786902,-0.4661828404907409,1
0.1146961645349378,-0.74524266144453,-1.4914533147746656,-0.12568635732206523,1.8738301127954067,4.939345624557048,1.8983570091727415,-1.8427894299945948,-2.8633326017606597,0.004676416928041327,3.4310372108728258,7.955979796755384,12.269638913506228,-4.724111694723032,-1.5106505998608855,2.8371155330976805,0.9413739875079308,-1.3448738546407584,-1.3409913312255162,3.0951291079301066,1
-1.7816294775954533,-1.353770116207313,-0.6118575145165883,1.5528627123226801,-2.409739435019791,0.9475952990386474,-0.13764396384327626,-2.392360590740303,-0.8255865538655679,-2.5142227824601564,-1.0579509423440854,-2.9153155091754797,-10.52855586496557,-1.8681836319984173,-5.778692249022532,-3.6297312116957414,17.73209866695959,-2.25012350880853,1.7654219314276296,-6.119842396884884,2
-0.8155414761114193,0.45622540624563235,0.1317373334916736,3.0899710383881835,1.9728613184205679,6.714815564234711,2.344425319934913,3.125687045254054,8.207953751930027,4.082565207467521,4.742334389641815,9.119445626822024,5.2724346948967895,-0.002195195049559562,4.057568226601881,5.697662411705513,-8.901150224294557,-1.5226759511699273,3.867863140952849,-4.59987042574021,1
2.8608762409821864,3.2873523558161497,-2.4269642808719127,-0.4843951530955213,1.2842268151881402,0.8093840663475635,1.0762279952765377,-1.8654788683363455,4.74354410607997,-1.3648598329783823,-0.8499841740499527,-0.2537116017430223,-0.7389638481586243,2.669887426895259,-1.765341594407944,3.4371760682324144,-2.6970109453815034,1.1670051867947935,1.7679732643915835,-1.6423578312889269,1
1.3156370955603607,3.2834779208652143,-2.0414542294625937,1.4309635223892063,2.902034815356819,1.5909212532407353,3.733915039323016,1.1627409207761221,6.374484425311702,-0.09513666504129281,-0.4019679456643672,1.3950723650713674,-2.1046040966935293,2.479335836021983,2.186247395683714,3.444630444845615,-4.977291214401788,-0.2197096870375066,4.864272357696281,-2.9647868639465425,1
-2.62969482520392,-0.2217869999779174,-1.4101772908072239,-1.9208263601987703,-2.164439415029862,-5.014202415119747,-2.993503498128625,2.07661608839697,-9.90737989728923,-3.911319643154166,-3.1418172143046315,-10.581621661577653,-6.498151603956853,1.8869482850799444,-2.128350589182026,-5.646672767114011,8.690876737140147,-1.6318023971695013,0.07288865918370147,3.533528401298801,2
0.47597665045435633,0.3272556788068306,-0.4115769084689882,-0.757497947730394,1.089996738123539,-0.41683086402566955,-0.6670328762182547,0.6911281343213118,-4.280781485897363,-0.48671451732605875,-5.418668422987031,-8.080874920098113,-1.289793746669772,-0.8197725962394606,-1.4158039807192446,-1.897449206337701,2.7946059883473575,-0.5435714233022826,3.941503490892893,2.0670371673483583,2
2.3785617605351055,3.5210331183286074,-2.865449243069819,-4.115157716897019,-0.07089912555223266,12.481119685158506,-3.68116646154135,4.184776864610093,-3.8682694252732936,2.761082263106493,1.5718991886254212,3.5707246988465284,13.200502660462313,-3.1816428737828044,-0.27486052392810945,5.763023257407453,-4.3512564835926595,-0.5427781236936174,-1.490230050181811,-1.2298070803393744,1
1.656714843614213,2.482632193976077,-3.742668485737667,-1.1425844182108358,-0.4052281786000764,5.777521918381651,-1.4205302181900397,3.7617675399078334,-5.110508240207786,2.832753981828773,1.6885085557064892,-0.6253067361027221,11.18859266279363,-2.8804351822792724,2.550516852190094,2.0643678689851583,-0.326658922097427,-4.198977355188113,1.1260794467721829,-0.10135732647644324,1
0.545714898777574,1.7181559046038641,-0.1472050315201957,3.818955118052598,-1.441779157861247,4.943607838813658,0.12389718389744164,-1.1305741093533328,1.1579555575414298,-1.3515356398610097,-3.0554890152347194,4.977036904346257,-1.3534540676398816,-3.1380676287889537,-2.39449210770851,1.5835733963958654,5.477045811347146,0.5175023078628027,2.8292925330851415,-1.4967536917459077,2
2.633773878439795,-0.7274470457898152,-0.6023137955488007,-2.419552912452315,2.3199803255383116,4.986590776864818,1.6505212507535658,-0.5499657517542806,-1.1344067050566151,0.6033490852467911,1.7223889559522598,1.8064121769660066,7.202357006244947,-3.3149119789605557,0.3958823140777198,2.176532347106271,0.14878671165111512,-1.6960614731016062,-0.7364589729412585,0.21323276119930856,1
-3.641398711559786,2.8648465698054566,-3.320545163056437,-0.40776821969765886,-1.7215989458407641,-5.8459008646359045,-4.886076746417144,-0.18384448712012236,-1.3818642675214585,-0.05737512483408491,1.63901605212977,-2.2286579945352263,0.7628699174605085,6.890671332051954,-4.886740053320416,0.07525122224245107,-5.735597734629095,3.254593691820607,-1.7257742675148098,1.617282799583447,2
0.44886335720058357,-1.348634749183479,0.38083824830831126,-0.8634243223006203,1.6887971147015346,-4.563912780988173,3.403630924110158,-1.316783899488351,5.114325756901887,0.5199063134035165,-0.19858405997578865,-3.419986787913565,-4.399694774667612,0.4036389195931329,2.338940471288786,-0.802644896831552,0.861614233228591,-0.27494605892959145,3.108181205244746,-2.7232794172903394,1
0.30371638969478476,-1.105846025242922,-3.5772225453691284,-0.790752389073085,-1.5112189441627302,-7.400723274436281,-1.8714248582888948,-1.022392422757878,-2.6841933351505363,0.3385426045175173,-1.5737371014101456,-6.968509085356623,5.681953978554763,0.5395012779052385,2.295771178602962,-1.002876536401954,2.07575728643946,-2.1812820812941514,-0.15700490946221524,2.3146228613740005,2
1.8162677623172794,5.024919731845712,3.6436798545328264,-1.1577818671011082,4.216088601138711,9.353386562871632,3.4023924864632082,-0.0032183533263743236,2.1161130263495385,2.3698299608015,0.18338785521958534,0.9608926733171013,1.5957805063327788,0.5232307442472548,-0.09393633880805918,0.9954663813635256,-6.714521111113526,-2.564354291231116,-2.7023248960285207,2.3913077353009893,0
1.5251396082880642,-0.3700362682755731,0.900389318955011,-0.2689078220669838,-2.2581449220729626,-4.38927055693995,-0.7597989936209631,-2.501555744151413,2.9188941253419807,0.6878685358954115,-3.162212828154604,-6.223300845154997,-7.448570409044315,0.9915163078454711,-1.7977434648400097,-2.557875482553103,4.273928440754549,1.2810323924860352,-0.379697904731763,-2.9488646955536812,2
-1.3873176857593186,-0.8081621670227387,1.59929691368604,2.092903295186526,0.6694914063932956,-0.5427160850684225,2.1374758838181878,-0.48753168040028316,0.9933865942303715,1.7221343076590014,-1.6826939133236434,-3.1090319164211424,-1.6567075650059526,1.4980749446929278,-1.1687424884763549,-1.8928868674147132,-0.19141012849964467,-2.3085320298840193,-1.069457120028031,2.0824958503447526,0
3.347937816899198,4.911595877300179,2.3485993554112157,-0.10288883543404026,1.9149213707059518,4.056946802204831,-1.01742389001976,4.478330593487085,-5.112860460182942,-0.7831302805159956,2.705431944315218,1.3463913823461526,-4.195365305517523,1.9584519775638085,-0.4063564643681823,-0.8921852327991846,-10.462458631465935,3.043033930482874,4.330092060865757,2.0315350411230115,2
0.2633217474565943,1.4584292404934116,0.2711428886954783,3.4493312075235623,0.5784371718609602,-5.410875713909226,2.72938054104445,0.35350975933284423,0.4150770765228803,-1.652249765773987,-2.2541802628825467,2.066334045336144,-3.1089231470760397,1.1989842395626513,2.66805225594939,-0.9258296595165018,-4.756482405507609,2.448187820129727,2.702073994791467,3.799172850400309,2
4.40523125707953,3.420931934801611,2.9282710439658812,-1.073143896047755,2.722957493276483,15.803636882007122,-1.6047643108765115,2.985673907155934,-4.776934426507776,-4.1463846770944945,-0.6014469071473916,2.311379933402936,-4.223954097830278,-0.4342701891227593,-2.8775275362247497,1.975214729489996,-0.41107784696565663,-1.2994627201349285,0.026403398489378782,-0.029485000731504174,1
0.7937291224431657,0.23142828539006044,1.2732206752042377,-2.34978831617527,1.402534333033711,-0.24241813143630048,0.5783428123573997,-1.0920567622312367,-0.08993470525824604,0.42647597433466955,0.1872193979715,-2.364491486702932,-1.3570155133771313,0.595342905693991,-1.174982346903747,-1.1219351065729013,-1.1830111489763397,0.707631280136207,-1.7787196149514704,0.4026230999054139,1
-1.5119558224853638,0.513764501822405,-0.04057464543269762,-0.5967358778488892,3.004312918200045,11.001781608097094,-0.7768338483106376,0.38543426436320116,-2.9311927739555395,1.3614458487200571,3.9226457298040103,7.625391474773073,9.828556343997695,-4.513564179487417,-1.7362447091003061,2.8494722989584,0.9367943878417642,-2.210053839712886,-0.3461159924196897,-1.030284397126732,1
-1.8650664508697894,-3.249894485321075,0.5334563440015025,1.8616355388070551,1.5166187101729003,-8.26599394201765,2.1468434408826504,-0.7242848274745224,2.469223006026988,-0.22043145873960523,-2.420548252323414,-6.721211520389351,-10.748851047777196,3.577962959771148,-2.6019501895864416,-3.5571228296279807,0.648017139944086,2.2215273495091754,4.917064058254222,-1.7667064378057624,2
0.7527645137924767,2.5616824437522343,4.05272168680935,-0.5960957322007114,7.10145486023127,18.019427575121348,2.128169127807209,0.04008988758809018,-1.0723209153784796,-0.24555372053525115,1.0019564818393953,5.098941939439955,0.028628631016398065,-2.7442263092309447,-3.846728117258465,1.734342396168553,0.5842921637725503,-3.233378325722244,-0.5598048148653285,-1.7786574858799409,1
2.7822970771203916,0.6765360966462265,2.704534691630556,-1.752836950381969,2.6481184816605596,9.527343719804938,1.8502702973000553,0.992291099305944,2.976980796007275,1.4633079140638043,-0.18285109830118174,1.8684119865645465,2.6282446119720184,-2.1791664183336987,0.1448362200212101,3.444420754429924,-3.910456364837939,-0.9706363474642207,1.4782733606787961,-0.5489803468103133,1
2.4040280225524673,2.207828858671312,-1.8089468302638305,-1.8584394722441773,0.5304835726730714,-0.300900936888772,-3.7867394707237594,1.2136237784017312,-6.187575450782037,-0.3077526318128413,-2.112248475557218,-6.463059357757073,1.0668687025201176,0.01316549804090128,-0.3210012506372726,-1.3668601952589183,-0.234680188780501,0.44089679873048926,2.372633420468027,0.2698109627390115,0
-4.8630351159231555,-4.6166518105428,3.484480469656109,3.0774954860341097,4.3382233814056725,-2.2988498304825793,-0.9224684364186082,-4.645999921141509,1.172637854349974,-0.5617431568806357,2.06707138339262,-4.84068059770269,-7.312517375076108,5.537942069329118,-3.0264373523248196,-5.16920161698264,4.219538174315929,-5.1568632210086305,-4.865372005662419,-1.5027692716772068,0
-5.9517220250439715,3.980203983634209,3.9355234120082216,2.3660619758056347,3.7837239839383,5.0363485392239635,6.471467100096802,3.1758321088425374,5.217500254401763,1.897828047878666,-3.9359796692191327,4.678928648980767,-6.7832543362330835,0.03533457514049376,3.6885285587036947,-0.780711179807158,-3.3620150389309216,-0.3627655596407122,0.010091093132059026,0.34280173825213167,0
-1.1285527128199488,1.1084551381667809,-1.3420205243937615,2.5083943538693116,-4.816875471283847,2.058675026137806,-3.522716188568536,-5.1852128433774425,5.8441070907697465,-0.8156989515711882,-4.881608967948285,3.7242051939558882,-1.4553677748731346,-1.695772739068091,-5.128787484674925,2.5831456008444933,9.88551317901667,2.0763917756437538,-2.5790942589930093,-4.635690104303259,2
0.7834875646046418,0.14622329053841665,2.608272724317106,0.35374373713029605,-2.5580844265662677,-3.248815770167817,0.8634300920714035,-0.2881054405030501,-2.2864034310943677,-4.597210605291099,1.8406689858666359,-1.420751925551906,-13.375997399783456,0.6457967177098802,-0.278146959801575,-5.033698620379618,8.02540015453451,-0.4607704124871448,0.22072071841922458,-0.5748788817571093,2
-0.300275327925114,-0.3486814005497221,3.934114223748878,-0.20034546556190447,0.533185713103789,5.039158788913037,0.4206045859131473,2.914174281030667,-0.4888492068688578,2.7167243207223435,1.4670451844463708,-0.8799141574918355,-2.4156894786131113,0.416879031215487,-0.323174578028413,-1.3488835513395159,-3.5315536032777946,-1.3877267387137602,-0.7549981735755564,0.09506844289785665,0
-2.558449165984122,2.8143026074747133,-4.193624992454437,-0.9694992494582633,1.4758709179803438,8.093142506673198,-4.011440173587605,2.9843965251759235,-9.369650236470425,1.9212817759882683,3.12635278465472,4.005972601554907,13.088276114194016,-4.008194048072866,-0.37711229823978853,1.2436848476056104,2.0621022590147993,-2.7317862239224358,-0.5434379578834672,-0.7277425495011313,1
1.2801535452442643,2.6092269440831894,-2.7101899960652482,-1.5130501202497144,0.46024419178804543,0.5049944119952465,2.17300270032076,-1.592963793091112,3.2248919749432723,-1.0281328178345022,-0.6159251425169101,-1.2852519201305161,1.1591716160886116,-0.6341334816651968,-0.7479628386117847,2.4362310774932046,3.0836793118641386,-0.9562864855288088,3.6772294551276494,-1.2919051497323648,1
-2.711456085383788,-1.1239139094187294,4.9800600179990635,-2.6455858232531977,4.078156339039191,-0.9730296828814162,-0.5418631077836473,-1.7560630653621567,2.506205311837917,1.7307498312084202,2.3044408197037356,-4.914465123329647,-3.414170418282554,4.911520142258745,1.3349898315888147,-3.0435209339837113,-5.304622938810071,-2.446981733130288,-6.328468594019835,0.7612713234351578,0
-0.11858243588571549,3.737298206094215,-3.4897793529368633,1.503140739199435,-1.0171101697796088,-6.803842630457088,-1.779682464416585,-0.5232626338755061,-2.840821544334657,-0.8415126579378385,0.3719982145612257,3.1715948301770904,8.077002299651955,-0.04747683691947868,4.9165025137481395,0.6225178564472391,-4.659249457149152,1.2817201637659024,0.481395597799966,4.437806748160414,2
-1.617898610209302,5.1748479144503,-1.6685647550203473,3.6018471558862273,-2.683269719982888,8.22471718240063,-4.049079870536371,1.0694199645764875,-9.243180237491687,-5.44707143060483,-1.5062054153721451,8.622439943767079,0.6723144038241509,-5.09577259484406,-2.649609131397586,0.05347696013299008,10.496954770780382,-0.15178461905243323,2.0825251437080263,1.3085234850228422,2
5.397397480316078,0.1493762093940132,0.31618324384311025,1.0614346607023735,-0.8991437528083628,1.8783664455587452,0.1603408547421321,2.1742227040515605,-2.764294921737881,-0.5179900448086607,-1.5836188507026918,-4.567551372851216,-1.4178478732229014,-0.526877906560802,2.5534995384172055,-0.7372533947286635,0.316557670092275,-2.9462276339375606,2.1788873886369107,0.8168260543839807,1
-1.6242397247884333,-4.413027903295674,-1.4178861086204213,0.5266620915093725,-4.208845639896505,-10.304273172570891,0.0300673515702492,-3.761775101730338,2.6905799906054693,-1.2128280594604686,-2.639480382387398,-11.307815580165324,-10.073122076690046,2.6334746141746344,-3.5318081145456803,-4.545848114799949,13.568679359556059,-2.4291393361349662,0.08329342415328678,-3.0650034823484553,2
-3.935405698497977,-0.9931841209971823,-1.8253942171621662,0.5787507433410338,0.4840539248002609,-10.450447994065275,-3.2954835437154033,-0.7203973325607738,-6.941474846216843,-2.2311720646548507,-5.574440998435403,-6.80656355072293,-1.161420217154999,-0.6921825929211332,1.0557181368652713,-4.540499099326712,4.1702335710833225,2.3054600375608123,4.452698525277722,3.3610559812238012,2
1.1996389277145225,0.2659822268159435,-0.22385012244196856,0.4072800298611243,-2.470268129188816,3.9947655019624437,0.8014509868464685,5.099626074071848,-2.9868820194744523,4.630685361153772,2.443775058608987,1.4179354045418502,9.26883730059903,-3.4254252468520336,4.160524528857961,1.0099759916871456,-3.514711612296274,-3.527498657309456,0.8101068730350681,2.1868773978792233,1
2.391232782002432,-3.3412543075567473,1.661204968554208,-1.8654905338367498,-2.4800294386166644,-6.964262505942471,0.6596211355837933,-3.0408667211312768,2.0579512711343644,-2.2293804154260783,-1.4034694189748032,-11.007394020503073,-14.671854278067347,0.047314626116716885,-0.9777667097488911,-5.4840158644555155,13.323928766257378,-1.559734495893606,2.546233968916222,-5.3546610046844005,2
-1.6953623498887627,-1.4229376517739523,-2.0324305406843735,-1.7402919277028763,-3.612080995974395,-3.861614497876884,0.5349910586599849,-4.196699601079486,2.8252894983279373,-1.6634038872139936,0.2016454368128089,-8.37652176083886,-4.642599158828333,1.8491215017706566,-4.792992479062903,-1.821432225104805,14.224761526729733,-5.050024115372141,-1.5404095426478097,-1.9870296812262236,2
-0.6202995352937241,-3.6546159670820253,0.8086003635746797,-1.9192275539768668,2.7745135914101406,2.8148426100906185,2.0277997719597094,1.6942680756211066,-0.9665491668721621,1.6479511777317382,0.47587756393076375,-1.1136855491382995,1.1166979414089542,0.24165527425166844,-0.37156780337157147,-0.19029943414342743,-1.857312236030107,-0.9200433440057177,-3.6563414402315577,-0.23284048737555674,0
4.025010982207142,4.282074055061784,-0.7164264852624999,-3.0247999274108612,-0.41434485114240527,5.09324462185335,-1.3170715074541337,1.1526193210366267,-4.249907910011903,-0.3420405248369449,-1.0130267500163206,-7.542219027181119,-0.552731454978178,0.4447638129770528,-1.5938486178149152,-0.8223904284834733,2.6171113560539863,-3.4624400354141627,-0.026566775406809295,0.5312541655717418,1
1.887647007530675,-0.051371511499975764,-1.7147521768073428,-2.2342753521089485,-2.0699420965802924,-7.799090556114869,-1.3091007585248229,0.462296261887321,-0.4416194223994187,1.054364221739982,-0.6960562337626546,-10.654676891091668,-2.1301264562949473,4.905022307197347,0.23683847798737667,-2.070875203514068,-2.6381672877651243,-0.5607977811116638,-1.1454754567650296,1.2218241035618485,2
0.42615812568833955,-0.6251016536369594,0.2612258793293354,2.2223116219366723,-6.330168570687834,-0.6944945807882242,-1.7340874898926875,-1.4019926617729193,2.753543047294587,-5.286728668896362,-1.9283758063487757,1.721102444460453,-11.268080365308835,2.564766250739802,-2.9491770879244963,-0.14939940630472714,9.07567078157083,0.6954436583905494,-4.4240625205313115,-2.014396485208325,2
-1.7244444366066274,0.5929113239313991,-1.685783085800484,2.5317236234283347,1.6279822397916872,3.9673839781650377,-2.3190507184705806,3.755316655698117,-5.984307418781153,-0.9018312387313459,-1.9587552140567173,1.2305117607706149,2.0181251143161867,1.6808774133632287,-3.3778761763035545,1.0853412007491143,-4.653756957630156,1.5669306536731606,2.4222291697122476,2.608112304379365,2
-0.7364608022856494,-0.8221941024047772,-0.7229605061595733,1.3782952064716283,1.342719625255873,2.498457016406558,-1.0812212901119933,0.7806953610884576,0.45581820279959373,2.928923245315039,3.4079904601985254,4.060276412831151,11.28007983413137,-1.4523009369058189,2.8473328849538677,3.039390390512579,-5.5180721676202795,-2.329298918337742,1.7029633219156657,0.8408550028267632,1
-2.711896146016467,3.4717922190936688,-4.90101857335904,0.38021170993311926,-1.1679281730561883,-0.6765892887839997,-2.1969904612328977,1.425807478198481,-6.243100561788255,-0.5743614859121311,-1.3354838544398766,-2.354589731542485,7.617665205208967,1.5734229128432848,-1.3449636993774547,0.391552765545808,0.7814788657663247,-2.3688343539091963,-1.128889121535178,4.810025184913574,2
1.8017541911097195,0.6423043844529384,-2.2022392022385646,-0.3951463625210845,-0.5455909314460854,-6.222437415036637,5.211458217252289,1.487537581970757,6.618306769106237,0.2203345067478506,-1.4766409711987536,-1.4731654501596854,-5.941101518182862,1.4422361940072204,4.094794509966391,0.9259120227405158,-1.9603958362623735,2.1149909381785545,3.4650305873259613,-3.163455176490042,1
-1.6270105274333224,-2.890923542245602,-0.942771169134867,-1.943661425906545,-1.0111949047174251,-2.225989408361149,-1.802974669682344,2.3461573696031204,-2.0493506294709793,-0.6035448385483901,-1.2445210826249185,-4.763864614786657,-0.7498728211004977,0.6079644767371439,2.0125752016920426,-0.7445102045912072,2.528334982719425,-1.1212212729792475,-0.38522581289775526,-0.48136545092231464,0
-1.2512543372285452,-1.047980270500358,-0.7627206482982896,-0.21955953217338608,1.7607671549585315,0.24172216783109607,2.247379551952296,-0.9605446336260073,0.4475641525869376,2.3022305758396744,0.20913853026735518,-4.4298896030643435,3.792957241724617,0.27888746016098087,-2.718860292186571,-0.1504593008842282,0.8934526766829342,-3.227441481708862,1.761250234572973,1.454340672306491,0
-1.964721439414574,0.8868136089055476,0.008947550791643777,-0.14200898516328564,2.6301513849548996,-1.4425361163845785,0.6187244884614012,-1.5472834519507779,-0.784534524889091,0.580828566467108,-2.695808801488951,-0.6352173169072515,1.5378666317410676,0.3087121091045577,0.42251270425250065,-1.199290469065762,-1.2428536383123472,0.6007411887883141,-3.0399102700764797,1.8494713233824311,0
1.2577261603336218,1.5520151358660075,1.711765522946132,-5.254395379572048,-0.26657310546952806,-7.799787235155083,-0.7641717995473362,0.7982585242434759,-5.408439885758274,-2.279390939064551,3.5915302052902387,-10.846501506355905,-10.691036845567085,2.8623681615736034,1.2064790233894045,-7.051697049665033,2.722083845721581,-0.6921416760704415,1.4487416718815478,0.415753303816904,2
-4.516579249375511,-4.211142506742181,1.9997669060736638,-0.012923678675258898,-2.080246058776027,-9.41901819874283,-1.1019876061280387,-1.5350083194488917,5.024702129642933,0.05954167969567914,-2.2368590612698593,-6.150581150292341,-10.125364260118394,2.2330611624499745,2.376586727521918,-3.912060927151681,5.9313736802906725,0.1827318952383592,-0.5889494104833437,-3.764796878447008,0
-1.5015593273015195,1.9668564214702768,-1.6603243488443136,-2.3513808613550324,-3.451872158182992,-0.13544605447289454,2.3811440023875,2.890498204524667,7.680044973494463,3.9473172340566784,3.160620273452361,1.6725852451633885,0.8530139698776107,-0.6681549855551883,2.4396368143968967,3.094775766723566,-0.912121306778155,0.0823961032181415,3.21246383167872,-4.937617752935803,1
-2.3044929653265225,-0.4402646530351071,5.305864882347728,1.2677329597722395,0.23167017089288833,-0.9279665947616479,2.8519915526260897,3.2767098632514733,2.0630663766211312,3.207776149301951,-2.1796680020560197,-4.5273576671597615,-6.158654031930611,2.3480092689414223,3.0824467946269887,-3.3735735390721695,-5.446659892330771,-1.7999452958548074,-0.573656446976966,3.1749519918328866,0
-0.14260314252031847,-1.7617355166048139,2.523516555015422,-1.5896800739709205,-3.439154247387231,-4.06872755484727,3.7669712129871047,4.3706432946621305,10.886800496909911,4.2915326673734455,2.062127933021241,1.1966666199960203,-6.60240513040669,1.4696091293316123,5.850259808407161,1.5404907497460476,-7.3374178669294565,2.9594727401565537,1.6575229666311695,-4.73855705938684,1
3.573470363860703,-2.9736180555902427,3.308153974390537,-4.782560176640118,1.6929714758180268,-9.14041884424035,0.6849146216749584,-1.6862249079759657,6.516148873373887,3.216719628956321,-4.346960485719393,-14.484874943276807,-5.047960040103424,4.815960666244717,1.1057043935694701,-1.4075299108430728,-9.682901904456749,2.8986365557269442,1.0760126435486592,1.141640658946416,2
-0.4253656819457602,-0.4139024544049865,0.9632214366725366,1.732989728460518,0.07908393085145649,-1.4379028064636632,2.419646193286922,-2.765569232154596,5.456314306283349,-0.8486461670242276,-0.09962175584280841,-2.153090708282801,-6.935059469478242,4.3359903734688,-1.5101571352864145,-1.0416113049779852,2.4811923887362655,-2.634813908854713,-3.853621413769749,-1.2605830180998843,0
-0.6087619997341593,1.6384366292356238,-5.1803087553543055,-0.6228603660045862,1.2887774149518139,0.8384872195759121,0.5055679999502829,0.3584516763156491,0.5359312535064141,-2.203528582581271,0.33115400852791654,3.724897267353965,0.5137105891351536,-1.106515130777902,0.33086630304591824,2.62399309650901,4.220897051458018,1.3362036353725455,2.581596556916131,-5.235941927939174,1
2.725781353834966,-3.0543442883784775,-1.9098629147168058,-2.9258327824286265,-2.0362672067598,-6.4379127025705625,-2.6752539918013745,-1.037739385043544,-5.360138961915063,-0.8796534711636645,-3.040011312178085,-9.468173999710642,1.1258516654241753,-0.2772570095302245,-0.10106361583106382,-2.6400465113692593,4.435282114160175,-0.142242912720428,-2.048748726115117,1.869746718732913,0
1.007272936247023,2.4586684858205246,-1.6863850730641001,-1.0703281058322185,0.7650167737390938,-4.957865475816892,-0.7196147104913644,-0.1495445193706657,-4.882115147273347,-0.5998185955447746,2.3049478883070496,0.39136081479447593,3.724924185238739,-1.5263017984212084,5.2769878001646155,-2.284003832466655,-0.6710776156772451,-0.2032404792052689,-0.24408895531692387,1.4370130255827878,2
-1.82830331416014,2.6934772137952105,-1.0133241544411824,2.5725371103265147,1.5831229084543175,-1.3278214698968058,-3.1988142487322397,-0.4356793247905839,-4.90003975054778,-3.60538565660979,-2.0854113673870716,4.947759729000402,-1.665627578293937,-1.145017937424826,-0.8865606843658287,-0.7728161741408788,-0.059646487847769936,4.884922368671795,3.996648634759664,0.6322051048452434,2
1.1669512113094518,-1.6364824196342491,-1.9794401235334336,-2.03317011794799,-1.5363587712233384,3.346950565015113,0.7248081532624449,5.173129286666508,-1.512189864308444,-3.1680979518619834,-1.9154667769447886,-0.2835432873894572,-4.723978656726383,1.080701633005249,3.3976625646246834,1.387805756698806,2.993420634613683,-0.9383595928755735,-4.293937446977956,-2.2831524955153775,0
-2.0621041807210414,1.9025375038348509,1.9787598686693935,1.8129744715087543,2.4316926175935505,2.9341878527932304,1.795508904099846,4.2503821001431685,2.9138187704914493,2.858326869829313,0.9038823818754818,-0.7575615832058983,-8.400520171549694,3.0606336681402437,3.1096125659261897,-1.9517162084864141,-3.887127055855259,-1.5466654924408458,0.8579532316936891,-5.142076923947338,1
-2.073094729780796,2.2092169412380316,-3.8973377168246124,4.664903174080659,-1.6523464604168512,-6.958414426302154,-1.8311905979228364,-1.538280904793566,-0.8056833850127542,-2.2773618667214457,-2.301485183653583,3.228363323195535,3.873691014458406,-0.022785020009260304,0.6763823442062171,1.1837191305981682,-0.1591269643100648,2.311575421817865,5.5841003641864555,2.970758519638808,2
-0.7741916928847775,-1.846659719753947,-3.0288266685204164,-1.8715064686162475,-2.7037703574601823,-2.5596254199064337,-1.5435154095039705,2.1088150681307813,0.5565502114026997,-2.169839840833875,-2.0940000303100637,-3.3812220134059494,-1.6571979762009956,-0.015876236493427065,2.94331256737522,1.2706830669535063,5.662394231365857,-0.7417686989952155,1.3487762367536522,-2.718668458913564,0
-2.6732826744544016,-1.0872417310536953,0.7836940332385791,0.8829026729895144,3.20836807008377,-4.901815534314961,2.3206621582645792,-1.0238848289164375,-2.7595968260503856,0.6214001622868395,-2.8801169848442094,-5.512403005356989,-2.8828378207786787,1.041657917294475,-0.6977094200243497,-4.527521635246054,0.8347338356460867,-0.6075347491305351,-0.014628009671891484,2.8390387958694006,0
4.465028902689119,1.6612911584996373,-0.19675078894427567,-1.5289645142295023,-1.9365692624400896,-2.382406782877549,3.3104925994663423,-1.4371734940820273,4.12212772152199,2.054815312157136,-0.22208062721553534,-5.718554730844598,-1.1088569256472989,0.5416105868172272,-0.537364223319899,-0.0423008979713162,-0.08048719399027782,-1.3590321694371226,1.2592523172806538,0.19723459744320104,1
-0.3450823081476231,0.43993088964638816,-0.4321052531421946,-0.10485721325937047,1.9622095592406548,3.7772419781567566,0.7210070680681246,3.548874236331158,0.16221457608566306,1.696858725188278,-0.39306362150593177,-1.2719853260375642,-1.7732070875838446,-0.42982316347902283,3.855069768404245,-0.18673594583264985,0.29116882308275877,-2.3364047915117387,1.0616312059010908,-4.44742546002528,1
-0.5687852131278546,2.5272139851663398,0.7814550802866211,-0.21067926289777006,4.319659854429155,15.968015015106001,0.14301952390261263,2.0433260571368033,1.6050224541548173,-2.2659162994875732,0.42456230476249246,10.233998421392345,1.2688840147119274,-1.31506278291858,-1.8726182386683687,5.895842244237781,-1.923449247692928,0.2622967713826685,-0.4388424331804459,-3.1566152376344316,1
2.6606444853951934,1.9198873432330332,2.803986500312042,0.9106118195607519,-3.187525964709156,3.053207666444669,-2.2315420914888713,-1.3179329587217339,-0.45923830118831677,-4.263717366607053,-0.02002003906405392,1.9595082310034402,-9.316405300032285,-0.6472127108162324,-2.8345345562645172,-1.0556056288965467,5.922532863301846,1.3117215728657885,1.0107498389663152,-1.3911888551811304,2
-3.641434306923588,-1.7355799810298806,4.208693046319748,-0.7278491137181272,2.2569027992646404,-1.1226651084558203,0.20275474130172444,-0.11787460272115591,0.17449766417383428,2.7731583585908064,1.5142640657331237,-7.117217282891133,-5.759075503434038,2.94307294428922,-1.7816755983193495,-4.755837552664483,-0.2794070752490698,-2.797012388276449,-0.6672825959544387,-0.15824088901702904,0
1.2329914792709538,1.427387672076455,0.2290242786199146,2.415204925154759,1.5011089010606287,0.1272394155056885,-1.6370643332167973,1.7200632561896936,-5.853880486064878,-0.6377320068429412,-3.8318591279505845,1.7289274797231124,-0.08266430423588104,-2.926888619899797,2.1774261528241916,-1.642665054017375,-2.0014911774730857,3.1658473683712196,3.2896048883980633,1.1748416889537951,2
-1.328809505723231,-0.024545728982012793,0.014928479037871423,0.44974537871326525,-1.5273115531727313,-2.033963378250594,-1.8215422034861697,-3.8078364803532447,2.776385316035962,-0.5075963734764788,-0.2730388738180832,1.0099529912620944,-1.0517195092802827,0.07213950680893588,-2.6788931535035925,0.027473631487348493,3.8887239702223875,1.2509169158957867,-1.181927899099791,-1.604040789958312,2
1.3395948437882303,3.391697418550961,-0.7393405475423436,-3.824951484033548,-0.23778585498713634,0.9285816994410372,-2.0589840746678574,3.543840722253222,-3.9015534534835936,1.7002758196420047,-1.535358897502952,-6.191736583035111,-0.19722610413049585,1.1823064569806125,0.8332236393413401,-1.066104787102344,-3.6579911369087497,0.7838555196339292,-0.5170189534596348,0.24975923101921227,1
-1.9926687918888195,0.7476994662897374,2.1867313591271627,2.653634922534444,0.0718743237412316,3.5320049829984344,3.7300826823028954,4.73326712427423,-0.6888431570778889,2.145029622445254,-4.82659787150495,2.3088457365337574,-0.5595631343281627,-2.933512254867447,3.6702994679307546,-0.4936526999012648,-2.2510571938025485,-0.21993131544868716,1.6170352575057882,2.9342631510249113,0
-1.2952070249082546,-1.1080227120124646,-0.7248587068405397,-0.8215767199535084,-1.2292049225841133,-11.600309426619,-0.35783877058027636,-5.852957044538607,9.14899656300397,2.943303429105309,0.00907504943720805,-4.042283335667444,3.416592295169265,3.9535538799683243,-0.894725690058733,1.1895561143936715,-5.457408212220915,2.4055541799919187,-0.4719159693543533,1.0545162083319468,2
1.4182368383066355,-1.859428971774593,2.6955205512429785,-0.8976675144757469,5.273627578498997,1.363006718021647,1.1757170728441388,-0.5373379414354891,-5.5332988048123175,2.912149470036934,1.189787324833674,-1.58377385974435,1.4960838458965968,0.5542256309041695,-3.5757346282499745,-3.456243563589537,-7.058521699642039,1.7811300668621994,-4.174643490600214,2.670027490478757,0
-2.706343462511647,-2.4167508066963483,-2.008495450388828,-0.9928631474392382,-2.635559558995746,-4.721103616965866,1.3020518739631988,-1.2519734514643615,7.822972742218254,0.37316589607180495,-1.3836823720194988,-8.901163326605355,-3.0460261297691917,2.8598642134932977,0.196657701691218,0.9502974299184062,7.538615504510979,-5.031553595751937,2.6913920990735214,-2.9014270660225954,0
-2.603771781177618,2.338544494416767,-1.3048269117628633,-0.379963239178575,-1.2180287699181354,0.18440587843663853,4.588052957140549,2.517634372971214,5.762250694517795,0.419398835775493,-2.3982778999770553,-2.367722500596413,-3.906695460761347,2.038584638800555,1.4914592969804283,1.5120658973780454,1.4137880777073408,-2.2994618937174662,1.5821921998731465,-0.3930485442365952,0
-0.8505222936055556,4.810126160008095,-3.5258440811889145,-0.8166489472884834,5.9280449693629,8.088086134378463,0.7449442375333191,-0.46335092541790335,-7.533338322160525,-2.0916924912088515,1.5582334374164275,-0.13452159386038992,2.8914357769623424,-1.4782286971642822,-2.7015987621074933,-1.0768972367359644,6.955839674724382,-4.750698718499899,0.5751251402649378,-1.4589713303741765,1
-1.8483081482786368,0.07687100085960785,-1.7974830994997504,0.623089354539597,2.267810512196286,-6.653869952614915,1.914440715197892,-0.21931114423333042,-1.473198762872149,1.2015446141963686,1.6848095368394522,-1.6789060237175404,-0.3801901479405099,1.590287315468136,2.1042498485574943,-3.0968986800309297,-1.3320331385913355,-0.23313960874942963,-0.39756434478397873,-0.24843492942896273,1
-0.7389834666832722,0.8361367590295173,-1.094110735544694,3.2248065294964197,-0.05685639237340623,-0.49861848653042495,0.5740197896146608,-1.819425804509434,2.5798135758193066,1.0441288351659268,-1.2512949583945907,3.7961338775832316,3.031331933863677,-0.11513773408513073,-1.228914763565027,1.569675259275289,-1.611917119133032,1.1408936349008207,0.30496457561588264,0.3777685799560091,2
-0.7344647228563468,-2.4428968942720886,-0.43202956155941685,0.9240369104832502,-3.646072678872698,-7.7328652674015705,-3.266187847028485,-2.206901407912114,0.18764168156464614,-0.007732483315559424,-4.089407237406237,-7.200481345795939,-5.467110690163248,2.2909387522494384,-2.8989911142047977,-2.9841549979857445,4.474498147691792,1.788443184914001,-1.2419762489905173,-0.734088747388586,2
-2.2756828015110786,-0.2793538876427606,4.8391832579564795,-0.7778713080748481,1.6517777470212769,0.25485739605883195,0.24617581396255872,1.3441406673513452,-0.496330930111223,2.432069460389956,-0.5767379305664874,-2.4312454620990738,-2.861080663591939,1.1241589896145028,1.8444602254516917,-3.1765502869178563,-4.695019191749444,-0.367769144101011,-2.8825310815735907,2.3342945926481717,0
-4.172859682961368,-1.6131538325603572,-2.208743209896976,1.725614427679492,0.036750259693082654,-0.9906161232054636,-1.0447913039548455,-1.3932588053189716,-3.37789464804976,-1.099330325764689,-3.88707374187711,-4.871707957254677,-0.8833345911712944,-0.1954169645902517,-5.94502194620905,-1.7446885437238533,8.919987216949927,-1.4290187536136632,2.684336504856656,0.6492102907887425,2
0.9695643871494724,1.056177916577256,0.45413889825935927,0.21675330287701278,3.1482124676531607,3.983707623688847,2.273333841264261,1.3542881070317936,2.890460349680676,-1.9600415121248305,0.15224219295846864,1.3162292682794086,-7.606947493385897,0.9928131028851408,1.1376021192290593,0.7523084763385628,0.4644886214189378,-0.10127742938799256,2.8102816564221706,-4.82068355643695,1
-2.387361370117188,1.9592433983611346,-0.9100927176141589,2.315753870601237,4.247629057285216,10.181568088562011,1.5494869640884075,4.238562477478494,2.433148055853433,2.2663023760928267,2.016189886219217,7.878527855607573,3.559378965062361,-1.0526179601261696,3.0249811492975356,3.9045917383185293,-4.235904552281758,-1.9976452843528463,2.6609078611128805,-4.927011644246676,1
-1.673182497925338,-0.9258655811533028,-2.7530911269245606,0.6119790070501918,-1.387709593323156,-6.302246171288209,-1.8139709848642092,3.679273795906872,-0.7927324176695876,5.977967260152104,1.3768656989324781,-4.039416139355726,8.81715117400582,-0.39404687723756604,7.068714494643813,-0.5126707268286566,-5.190027945388812,-2.1998196256085487,3.004484021621654,-0.6644997185514818,1
-1.2078165693161103,1.246019991608464,-0.5267062868556399,-0.42327614345363807,-1.290734797802552,-8.41613175056664,-2.3880757017603154,-5.106560088999436,1.919322980516223,1.6553173303619753,0.03475917767208925,-1.950461383473776,2.574695035099313,-1.273990214716191,0.1190696515193348,-1.8186765583076425,2.0053945082379396,2.0005455833228205,1.584356664972563,-0.5054206758428559,2
0.46213927473766025,1.4972602365627636,-2.3743572285093277,1.118203274544807,-1.8674088481992155,-5.7253732755553015,0.3803657090157553,-0.9781578878131725,-1.0531429905254008,-1.3811797435973334,0.8002430300011742,-1.617914564485766,-0.36763974767921576,0.9184620831452516,1.5524619550832002,-1.4558853949174495,2.7700231791937435,-1.3386231551362409,0.6750825027898439,1.1298741302178337,2
-0.6424623642616616,0.21371343014055966,-1.803233511152862,0.39909334994868306,-1.313392924744437,-4.451914458858188,-2.805957240990879,-0.990731668888367,-4.899847019786972,0.3287335594082208,-0.5626922728061396,-2.8258742444261333,2.242763882069345,-1.3819614404514753,0.6143694343853403,-2.9038759970158683,4.236073342314109,-0.44699233417338613,-0.2889058137734315,0.2937388559761337,2
0.7370975371180277,0.5939682872711518,0.2056233408281849,-2.2158265489821156,1.8484807425635752,2.1956046400807345,-1.172927185884593,-1.4493420579655525,-0.0060242760408729945,2.2233287013296654,2.6893256114286928,-0.28437164410965,5.1330394743706576,0.0585839338080163,-2.0628959739106296,0.9234608587751567,-3.482578011914617,0.04722272813194994,-1.0635351450339026,-0.32570348528497384,0
3.139795583605369,1.7600795686736537,2.3691450456027705,-2.0143921766255706,-0.7568825805003496,-5.861783112127647,-0.3002881099106114,-0.7046421123236742,1.6241008161460275,-2.016227276999455,0.24931188177596408,-2.634219524753003,-7.468364249904473,1.2531645835554197,3.1614829222246232,-1.9214441288940358,-2.881645536452715,3.1067556942322723,2.264001700203086,0.08239310473826966,2
-5.078578598682148,0.1206236376070069,3.601307900818412,-3.532497465909629,2.8995718182998775,-4.069184280375872,3.715551397449235,3.8167624175615367,0.2610270337946152,0.0049866735091651515,-1.810869016050595,-11.947113822761068,-11.13004174057828,5.81645763287008,3.1147729715171284,-5.27195991338836,-1.8058832979919175,-3.7122369593431634,-0.5832582618701696,3.1581591262854767,0
-4.3017520250638395,-0.5128941460853,-4.358318687685409,3.4831625556986774,-1.6334770078946201,-5.407008099215603,-2.8769618835027218,0.38568035439321946,-4.081717452123815,-1.5824897820253934,-3.887928983870756,-3.059587742330404,-0.3074694194290197,2.3785242696948834,-3.9041011554250353,-1.0888163162633306,3.595344119125661,1.1321423371125592,2.543170397136411,1.5462905292672309,2
2.8391543359174376,2.4935248116194657,-1.0215542756678209,2.4536127071407474,0.7317087643293294,2.266823191652975,-1.1944042480413626,3.5271196689478863,-3.9966411652940463,0.9477284567985194,-1.0772807400142814,2.754485948423952,5.652621895133831,1.4646678339152208,1.1076941724384004,1.989582151887257,-11.603848476788833,2.1381980209750417,0.35118320891464894,4.395981927484309,2
-0.618870951118313,-4.242715997288226,-1.384387655032289,-0.3884413820375743,-2.221066061354929,-4.232176770047053,0.7982506535934608,0.12027411702848667,1.3182781485586674,-0.3452633372004741,-1.7554776138443973,-8.421103436675006,-3.0459104454250845,2.294275041546838,-0.6640588530810057,-1.1263936056861636,5.961411762802615,-3.6736109039532607,-0.33687454198002387,-0.3171175314923653,0
-4.519135295110182,-1.6087140290965123,1.9172827726156239,-1.3184842429328856,-1.9950521193768522,-8.698660957122952,-0.14303076550587446,0.4103941315537253,6.756524134086367,2.7508023732893845,1.1452260764874604,-3.4176467937767523,-5.74122976495035,4.72317380562519,1.7872462192817749,-1.6212530102604537,-4.686970507318996,2.1223183425606296,-1.4127576196776324,-1.3841185317510396,0
0.415499740260179,3.82301285542661,-1.4110244313395404,1.4687440189808703,1.2239050379371985,-0.7124507481913421,-2.24899028444332,0.24973935969832795,-4.36341621203516,-0.7611575184147701,-4.212723095136193,0.012582662569372849,2.9951730714839417,-2.153975731435123,0.7643543052381863,-0.07712189834655758,-1.938509009460476,2.6835352820672407,5.317889553316506,2.3658775861042063,2
2.3479385746526176,-0.07868351465596013,0.6950852393170207,-0.22672500460576472,1.3994740818216762,3.560954418374928,3.421383749904239,3.129196373522662,-2.1608771974574634,1.9743124249682047,0.41115961253456157,0.8216688992033857,1.007788162414811,0.6857135752995789,-0.7526015839827513,0.03546393393083358,-6.536331186692193,0.44152866802773083,-2.832891437985767,2.4835983088099627,0
0.24663120958856166,0.49146994259724486,0.846004111484207,2.0154675743144215,0.6773341326231117,-4.216393078014066,1.0668589555475574,-2.4225089825014603,4.746176087884103,1.0084544984882875,-1.049933966086145,2.7281078311036984,-0.4462223454544309,0.3339589245996556,0.6246012984104565,0.6708136763214516,-4.853063627338994,3.5560707295571317,1.95401209426703,0.0641918845353373,2
-0.37965877608000853,5.2818951132252,-1.1723865416491224,-1.1434188682780668,1.6278371812564973,-0.659356647451779,-2.170921121530534,1.1374913479530444,-9.287866787455894,-2.596284589874199,2.170666708338488,1.5009630779391232,4.517125658710155,-3.9979817008505067,2.8952468898296098,-1.9886488945247474,1.0064381876728985,0.1169443344783252,6.685603173521135,3.5965072826593936,2
4.342542298821395,3.940607706969094,-2.191481676116917,-1.7449211422039304,0.9167882406380665,2.745445098659217,1.5967080525974908,1.694364590095434,-7.4064883207328185,-0.0535175417663829,-4.623061144138533,1.2763287649266353,2.1998730576066787,-4.600033589383922,-1.3109795321542328,-0.6221999908498788,-0.6444839604761537,4.842511741905058,-0.19083039027647375,1.9069082526330365,0
-1.935921729087259,0.20056040432236788,-0.9383524761475213,-1.8889087025734645,1.828630832396768,-1.9461020102206459,-3.561864026764695,1.756585968960687,-9.25882492757159,-3.8618787378160606,-1.0918655136581596,-6.038301910638726,-5.749948166691903,0.7138223846397453,-2.433821718014463,-4.061610383944181,4.609445141142961,1.1522233483397406,3.8717639079657955,0.3364817023456288,2
1.5600407438480257,0.2600521457778032,-2.473973341634081,-1.679067457443468,1.3099120731589813,0.6121239905585713,1.0246973032842812,0.7818376820444026,-2.7878147654596503,2.197827343756824,-0.3309147252466291,-3.3965842724000948,8.896267099838798,-3.3216900984768385,2.951266813665677,0.6356453619701987,0.8777874420133931,-3.29466744340909,2.364143675914131,1.113817967468556,1
2.9636475396211015,1.03267091007961,0.19709485802303672,0.533229748024648,0.9894676820011227,-1.2987843791115852,1.1442432714968551,1.3903756109536092,1.6429438341827254,-1.5213248657098566,-2.248361717514805,-4.586589496862546,-8.320538367261394,2.6788291734135785,2.1325260491044284,-0.925044515960697,-1.1579533203020278,-0.056059618153476376,2.681099570582486,-2.180749945125743,1
0.5853788972039093,1.2803979943673363,0.033908361092322536,-3.162039757151339,-2.1999583817506334,-5.048462259427789,0.033557202825512444,-0.02524422091857259,2.184498280186017,-0.7354198565360579,0.3806639299390129,-10.292592526848289,-5.09585416324211,5.726039050324942,-2.2567683049150675,-0.9829092044740284,-1.2888305383656682,-1.5580237037658593,1.1996405425255934,2.5048736496261137,2
1.240569528949595,0.47527097675910057,1.0827494710634475,-0.7602614219827699,2.271241817187672,6.026053763019688,1.1597643934367787,-1.756241966728369,-3.9080914655722108,0.19976390817521383,3.6089392023959075,2.5439789428670605,7.833167317178031,-3.490866182894915,-2.2391361857948757,0.38912267602587614,1.3586164015451578,-3.3873714566468234,0.09001242634480322,3.4744052863815584,1
-1.2848442020623507,0.8662553635577348,2.3950500920137365,0.8824427567266713,1.585703981531024,1.0967024975674442,-3.0102677917805503,-2.8023730845767707,-2.545667480372083,-2.5694513409978654,1.0395609530792846,-5.023494963423439,-7.818111570397954,4.370809342561229,-2.4903418406501983,-4.512909402749163,5.277879750056743,-4.290887924970507,-4.807597199768125,-0.7153724599839999,0
0.8143539300561828,-5.249749852034574,-2.4273723982364706,-5.664534535807141,1.368782454882127,-4.892366359862006,2.113686385941839,2.334938074670983,-1.6341506474648364,0.8849138305334237,-0.1314492386974203,-6.0028947948295,3.2193619696337907,1.19135245833585,0.7825493467945324,0.5393991544967136,-3.654400695075359,1.5738360729555883,-2.1971841674660424,1.3106090582668943,0
1.662645718141515,3.046692650512053,-2.041075058348863,-1.0549822800086122,-2.3193423611780384,3.2858944295051855,-3.520228440023751,1.0636131655468901,-6.859488183696332,-2.1285499939471757,-2.6592227564962734,-2.7789880897652015,-0.3624636943965045,-1.2052423830797965,-0.901096974214803,-1.3308091548006988,6.639040787526175,-1.293792216391021,-2.7056450289567517,0.07930434925489616,2
-1.0028833764302116,-0.30105877472467324,0.957178258031364,-0.3652060917349993,5.298370567829865,0.8264228921269762,2.2448483469084524,1.091965510124721,-7.063244342283209,-0.49957970086864645,-1.2540197738070218,-5.116663804655865,-0.7328590347207081,1.6007507813873927,-1.5091234550413546,-3.775758772705647,-1.9636264726798318,-2.1263877122186403,-1.216869885208708,4.915356407899055,0
-2.341158916276705,0.9490709367671744,-4.347157103682905,0.4425101877468185,-0.2309014607976524,-6.505593967462698,-2.9102998472322223,0.6487281319996776,-5.998200531786322,0.5083634708625486,-2.9036919724413153,-7.196303052941421,0.2352898190464496,2.2723017068161493,-1.8841278282826532,-3.1930944642083787,1.9596798867123135,0.6933117034068333,0.6773686855515414,0.4340969586643064,2
1.9568648940154407,0.2353680259166402,-0.22856365150129831,-0.5591402271724916,3.0148799884657453,6.526764003869845,3.019989251274505,-0.8042349988130819,1.2114413387673846,2.356020134455466,0.15655631423967353,-0.2951073329498071,8.096862834060886,-1.2813699417778968,-1.6795560527560331,2.896024685462338,-2.524680034620074,-3.4580358741838157,0.03245702429786479,2.0591906213139755,0
0.31071374182757294,2.497234776321301,0.13873205599717764,0.5096781677918127,-0.044327668909567075,5.767275783929568,1.6675263200025472,3.136411924222463,-0.06939200941574074,0.6541950187746554,0.2538611792079596,0.9761888136377218,0.20939596316453404,-1.0041779972740459,1.4723827091832864,1.0951189026988255,0.07760198734356069,-2.731738747811967,2.183209972751568,-0.2930295051005848,1
2.3803277934968703,8.809670854618778,-1.6304565060680174,-2.38967475778012,0.4327430413225697,9.69820536449917,3.8869674447284543,1.9470444798271034,3.642372019564369,0.22770031789358292,-2.5106261237778575,9.182007319642013,3.406188428639527,-4.215246194077939,1.878726298349587,5.6155389810357415,-2.9090197053263362,3.187849807677834,0.3930653972349103,-1.2051673401182272,0
-4.734884140530809,-1.5969705006550097,2.717476882927949,0.42310503077288475,0.5802164802382738,-6.15999808260309,1.5512540518901907,0.6832172078425497,3.1033231177083285,-0.014244687631911335,-2.6904832818289592,-5.9838589669368805,-9.333967628435014,4.162504526761522,2.9363517504719465,-3.8944310279491576,0.3281844330584638,-1.3362949979924204,-1.664846209397266,0.6042021952031553,0
-5.331170932513981,1.5368986514124052,0.0849658589114689,-1.2473389387671117,0.9801525247202183,-2.003812491290636,2.967286478233156,4.257017619213984,3.434794800470009,-0.3810696059244121,-0.6763344620970831,-2.596159847199976,-7.313380176813287,3.7426619972955857,3.1788994981941845,-0.553140866592168,-1.6805260026128916,-0.7863323168357435,2.2108337773499236,-0.7693292212700953,0
0.5733716805932363,-1.887156621996472,-1.095338111448708,-2.779421343733852,-0.387229481108726,-6.2523671108866035,1.6028342510231774,-4.584792619681925,7.68942756496856,3.5648690133730776,0.8167122751577556,-6.920820048814428,3.550195847146088,1.6742724507087403,-2.3871742622243763,1.2849681037824827,-0.6049225162929788,-0.749654449069007,1.2666638894492421,-1.019458218175838,0
-3.9644863287398437,-0.11934273720530042,-1.831116306956056,-1.1085114012736792,-0.5197672661984354,-12.451999280721415,-0.751102843435273,-2.915491891661311,-0.8865220754941803,-2.1446243145972934,1.9040863858990722,-4.5317555197599395,-3.347607012635255,3.739290860262584,-0.25458812591238056,-3.797654644664472,2.4691177997709186,0.8281464857829891,-0.16605917536476733,1.768908857961074,2
2.7496059222376084,-5.044583208304627,4.027540825323912,-0.5152472171377618,0.6757302232244464,3.748999617392581,-3.9085625682278238,3.6844593502189142,-10.374353804368916,-1.925894545861829,-2.3786994051570165,-3.5228155135408548,-5.399214103798648,-1.4505393402855584,2.669096941568908,-4.908932222015471,2.2631457797773735,-0.7808293970242549,-5.894697058806452,0.5146138758190306,0
-2.601226565439959,-4.744133734140901,3.341616480209311,-1.4795065565174612,2.3631978957533004,-2.1908148169461166,2.824083763591994,1.1447092763305808,4.1778176246389265,2.4994726606689524,1.5188890628686855,-3.562717573550914,-1.5698881758704069,4.898687356577028,2.510950538752084,-0.9972691566881415,-6.965216436763692,-2.4603947011447085,-6.343288493374281,1.908237872211547,0
0.7280513357117046,3.159595781335294,0.8241676544252767,-0.5436724027273734,-0.8244415785189687,-0.30261650131835155,1.4623630500377132,0.7089955295518722,3.1829465972754374,0.8629640112015029,-0.6305294839051379,-7.253634373239963,-9.964054854262294,2.628648328679966,-0.2324554233386631,-2.598929033692822,3.486019896083512,-2.5085810395450623,2.295376425062235,-3.8573630622969066,1
-0.6394584250672799,-1.4995802022111433,-2.5299361954178945,-1.1707378562159623,0.7423417302340031,3.8672055141479844,-0.44931197280786495,-2.88714429975244,-3.58907897714487,0.37532704970414166,2.6139264434347926,4.468857586109041,12.472163404275012,-6.6378929016995665,-1.862931128116367,1.9192149688402467,7.437116916458007,-2.338687665283183,0.5391269073221739,0.18340407116711255,1
1.2776682206245187,4.559668232636982,-0.20475101752070368,-1.9248726891669037,-0.18580258140712913,5.521091466403807,-0.3005679269577266,3.5127938569827193,-2.53029497406126,-1.5534490300065782,-3.296122653209128,-6.694781903846222,-8.819492833920776,1.3144342246647227,-0.09691905800984824,-1.7384812396696137,4.958123604994965,-2.5038755231977676,0.8584323763146156,-2.686847692614828,1
0.4384660395433899,-0.41835028130157204,-2.4151883104345613,0.4996186712049475,-0.296274162025449,-3.386153115385792,-1.6482522545442522,-3.4032014202376573,0.9731948322043673,0.9628885374507838,-1.9584022077594425,1.6861033207622425,8.406296479186405,-2.368404970128492,0.29742584091177493,2.0738216048269944,-0.35084283125845805,1.9614150663349856,0.38653817438382276,0.7821238343016838,0
0.0364852516920795,0.809441824725505,-0.9815656887583929,0.7132641409649331,-0.14634655401023366,-4.70912942937202,-1.3508061605393564,0.4810965763706567,0.20992694256932629,1.2755071320452056,0.7021464599550584,-1.2804218888825905,-0.46696539347706867,4.167674424725698,-1.1482939126364564,-0.33090644209076425,-7.599567452079544,3.002991648549734,-0.45705037346999844,0.8560734810216085,2
-0.30033450426302544,-3.1497189483404213,3.9506233435000313,0.46916127603845603,0.1564141166996168,-2.1302595108470763,0.0009163957829658731,-1.9229355128708425,1.0492450912467672,0.5373552607768761,3.0324133353983442,2.5989896813614317,-0.3191976029726454,-0.13064785370741372,-0.811657306453516,-1.1935714391588097,-3.2826544630087082,1.4977274224201453,-1.047662114383392,2.0538262793524584,1
-1.3201617074972782,-0.962048099484262,0.29863544202829595,-2.2139964145309468,-0.28362760989339075,-3.8779424617769966,2.364513360298691,2.13731882746558,4.4204763820165445,1.8987678247509647,3.6943737411753528,4.774196360874196,-0.6617463382207749,0.4646594203800547,2.638466420236645,1.3748489690881618,-7.042654570939093,4.573929640122584,0.3789971994611483,-1.863340014917675,1
2.640003887888277,0.42804090597875044,-0.11465255347147996,-1.0122716430947285,-0.5886443417186007,4.395268247157411,-2.41598717778731,1.2437246196897704,-9.501965817384688,3.4110913150891995,1.943584474222996,-2.0663233002462675,14.877615747010585,-4.041389097811493,0.24677894454957983,-0.5918045532373317,-2.131669862669387,-4.33095598725322,-1.7017152421379316,6.642565668714179,1
1.7825027494508925,1.6566251326562824,-1.3750815412824553,-0.671731227581756,-1.3888408352682369,-2.453398561977773,-1.2331558857367668,-1.1114722585149228,1.0344240555732287,-0.12492120182373012,-0.47460407515396186,-1.5740941476157877,3.7697213018850757,1.6211025499512082,0.8070527151926004,1.5598226443941154,-3.181576337230045,0.054483008218012774,-1.0442883623675723,2.3442250292626206,2
-2.7001559691898116,-3.4729650082498154,-2.299169280464865,0.06685029991648128,-2.4857252795865503,-10.39603064880908,-0.3420933046377992,-1.1614193031814204,0.8590924212566514,-1.7791585410541595,-3.188498627822554,-7.933122070111664,-5.111300005693861,3.06780529206202,0.6571444043697166,-2.66687439899796,6.388930283675659,-0.9247908069668781,-0.7800673018403058,0.058598592887401324,0
-3.627971420451331,-2.004782086374533,3.5353394431511957,1.4709079378403946,3.8160207953331287,3.4693600579118717,2.2517138384830266,3.612670421806812,-3.5824832668357134,-0.5819835331736196,-0.5462745722982432,-3.82506973839683,-10.511687873946904,1.362794056382568,-0.34852857199473086,-4.915086529298639,3.1615283436480928,-3.1825678969836133,1.4510623539002006,-1.1087911650411746,0
-1.7913880710363377,0.7349823524939876,-0.05133939420856981,1.1621516089269028,-0.47908289940861315,-4.322787894753601,3.4148307097936152,6.304247149903678,12.18816932532818,7.305983145289266,0.15805697405313046,-3.523519485094679,-7.829142056948978,4.167328016184198,8.758398332155823,0.6420433412412101,-8.939283221935941,0.02042909685462746,4.794277836244753,-9.377883806484606,1
2.030701517478724,0.1329325555610631,0.7835208552989512,1.4033945307107907,-6.203227576672757,3.2035442248957504,-4.722158918986521,-0.6851766891703611,0.8560925913866012,-2.7381070175853317,-1.3956309145918078,0.486735683527588,-8.890767445197493,1.9539502596703526,-5.335445352494016,0.12676495481556183,6.520156795696939,1.561048744972965,-3.9320404034999896,-3.629424623745451,2
-0.33968183737871294,2.473548747384567,-5.818782970310633,-1.0675414726926327,3.9112541741290876,4.58531219691111,3.3441086006213574,-0.7185604505424439,1.742081858868711,3.1051235830773924,3.1502392702462454,5.945013732448481,17.58219974377409,-3.7917591429693696,1.378756577160996,6.134782615617259,-2.7105510702224147,-2.6158354758494733,2.8215483567855424,-0.30571857628186727,1
-0.4129587131492751,-5.672955326947814,0.8218979401351723,-0.8676202012219258,1.7449206404179978,-6.540816361553389,-1.0721456064520418,1.8784701272136655,-11.407343454334088,-2.1022599274778937,-3.9180678465093632,-16.985171681739416,-6.4964515478639315,2.5585834258030573,-0.57099234242312,-8.288026039092529,6.200498564813553,-4.751336185245574,0.06150475696912716,4.865731317127722,0
2.2239458636173444,-0.3026632235845703,1.2158772067416241,0.01706580882563924,0.4408959327401458,-7.07839836535923,-0.4347484311204133,-1.535036024687879,1.109417881756225,0.8480999164067062,0.17964164804029492,-2.9850948262821846,-2.8182845294338787,-0.3967287329191893,2.629368068575213,-2.2938837722691447,-2.5822584783687845,2.5092090732508328,4.318072179467496,-1.0622832221056546,2
0.4936156208185558,0.3676872963126281,1.0649348201969229,1.0410170311092064,4.134264489827658,12.675220775882751,0.07895255037162552,-0.7996011260708722,-8.15141122336958,-4.3838570192392154,1.5530435225375558,6.735771332415975,4.18899578706249,-4.92483278292025,-3.383313031287746,0.5875008674501948,6.988445128429697,-3.7151223562491533,-0.2652657907099165,2.347840656129941,1
-5.230011526326465,-1.8223268119120797,2.935772939856098,0.024112736903035614,3.19528712467675,-0.08469799350868212,2.0053537635660827,-1.83706630785223,5.921903907573618,1.2710816730297356,4.373179200301086,-4.441711555868844,-8.542695291404712,7.847085955558327,-4.00964702339593,-2.5591635116128026,-0.4164033714150883,-4.394338808517132,-4.644411052292792,-2.494754658402,0
1.4367195069758059,-2.1979849492136196,-0.348711191939606,-1.9489263950636218,-5.746367242788486,-4.8344613575037005,-0.9513085698192325,1.4254798836471174,0.9576363330359376,2.10338495611052,2.895286044117096,-0.9496376383830422,3.987528876209417,-2.33923405685742,2.748405505623569,0.5821711392644191,0.33980191596853015,0.23640738434613162,1.774545141501609,0.3624396313916147,1
2.750913987387566,3.376103927314934,-6.012738807664853,-3.0777770902243162,-1.136870400558362,0.5823863132249465,-0.12062451641683913,1.8414096482823834,-1.3152412642432636,3.795646978635923,0.1510548474954171,-2.550803891263385,11.464679367170291,-2.192155651810061,1.6463115916650244,3.146596413277831,-1.6611153876475595,-0.9204186505068138,1.5457133422391491,-1.1459960548832402,1
-2.292283396785073,3.2507019903862417,-2.6312381876365207,1.1546401174281664,2.761270658702653,0.43273733707725925,0.19778086887763913,1.6745132551841386,-3.9120901642797064,0.9487000469958707,-1.3630045729200289,-4.558262103013357,0.38296343550412826,0.7820341657805125,1.8222980491334568,-2.433736199863191,2.547460212365774,-4.0081695104002435,1.6938695582764187,-0.9123993361475874,1
0.9794402937865805,1.5349901677227957,-1.7851951120801384,-3.3045644231861044,1.8363363983232763,-3.01454779934296,4.641210269145292,-0.9020850596156311,6.071030091090144,2.9550056583918294,-0.7307623275348272,-1.781625046380902,2.4515260933916068,0.16937147780264228,1.2325033689211748,2.0433206494445564,-4.430668220771873,1.8107151550457528,0.9021401566460266,-1.106697550860135,1
2.262607876812645,5.464763869966641,-1.602365211195285,2.8342685419565026,6.742360993990089,19.28753749586705,1.3145210159339926,2.7420731587893465,0.545924501763731,-1.5946000681806374,-2.0161070594023247,7.949027395723405,4.481271209485816,-1.070480403188094,-0.8931710077679982,7.046120785905217,-3.4827492301378644,-3.0335339764022087,3.24609196523992,-2.789470148591726,1
0.8048162849638354,-0.17484935168626303,-1.1544554095894468,1.831307759578324,1.5769187234020787,-1.1207577102082895,2.831594502940197,-0.359282612297704,5.872102422590496,-2.92867860259005,-0.24372124849774268,3.6387106888637324,-3.42877995018577,0.9001977382310056,2.272698818733393,3.1434488497495736,-1.0998220797727345,1.0516751304722916,5.133780372809477,-2.2852264236691306,1
-0.20465337589218124,1.2755563067823545,-0.8335740979734871,2.4837845966252847,0.5801476755376198,2.941681386759028,-3.0368569251260773,3.34482059774611,-10.526520486466051,-2.485823633576964,-8.033862059986152,-4.605053945843006,-4.21971147396129,-3.436434794398658,-1.9911139906502675,-3.260666202815507,6.442737317063,1.2335354322953929,6.509445995436225,1.138911744942761,2
4.091244083521728,2.6774480941475587,1.864191490843115,2.297847579668297,-0.16603000880825824,9.162567377618535,0.3769960824629235,2.647700682573698,3.1915837375866185,1.4257129516017235,-2.1658446678127223,4.053754278578216,-0.26796992755170806,2.3381695273900833,-2.827634600430509,4.407829167512161,-10.636638709308597,2.3684813303930294,-0.8283621951051536,1.1124674648367272,2
