episode,timestep,reward
1,1,1.0
2,2,1.0
3,3,1.0
4,4,1.0
5,5,1.0
6,6,1.0
7,7,1.0
8,8,1.0
9,9,1.0
10,10,1.0
11,11,1.0
12,12,1.0
13,13,1.0
14,14,1.0
15,15,1.0
16,16,1.0
17,17,0.0
18,18,0.8571428656578064
19,19,1.0
20,20,1.0
21,21,1.0
22,22,1.0
23,23,1.0
24,24,1.0
25,25,1.0
26,26,1.0
27,27,1.0
28,28,1.0
29,29,1.0
30,30,1.0
31,31,0.1428571492433548
32,32,0.0
33,33,0.7142857313156128
34,34,0.4285714328289032
35,35,1.0
36,36,1.0
37,37,1.0
38,38,1.0
39,39,1.0
40,40,0.4285714328289032
41,41,0.8571428656578064
42,42,0.1428571492433548
43,43,1.0
44,44,0.8571428656578064
45,45,0.7142857313156128
46,46,0.0
47,47,0.0
48,48,0.0
49,49,0.1428571492433548
50,50,0.2857142984867096
51,51,0.1428571492433548
52,52,0.5714285969734192
53,53,0.8571428656578064
54,54,1.0
55,55,0.5714285969734192
56,56,0.5714285969734192
57,57,1.0
58,58,0.0
59,59,0.1428571492433548
60,60,0.1428571492433548
61,61,0.7142857313156128
62,62,1.0
63,63,0.1428571492433548
64,64,0.4285714328289032
65,65,0.2857142984867096
66,66,0.1428571492433548
67,67,0.2857142984867096
68,68,0.1428571492433548
69,69,0.1428571492433548
70,70,0.8571428656578064
71,71,0.0
72,72,0.5714285969734192
73,73,0.5714285969734192
74,74,0.8571428656578064
75,75,0.5714285969734192
76,76,0.8571428656578064
77,77,0.8571428656578064
78,78,0.7142857313156128
79,79,0.2857142984867096
80,80,0.8571428656578064
81,81,0.5714285969734192
82,82,1.0
83,83,1.0
84,84,0.5714285969734192
85,85,0.5714285969734192
86,86,1.0
87,87,0.8571428656578064
88,88,1.0
89,89,0.2857142984867096
90,90,0.1428571492433548
91,91,0.5714285969734192
92,92,0.7142857313156128
93,93,0.4285714328289032
94,94,0.4285714328289032
95,95,0.7142857313156128
96,96,0.2857142984867096
97,97,0.1428571492433548
98,98,0.5714285969734192
99,99,0.2857142984867096
100,100,0.8571428656578064
101,101,0.1428571492433548
102,102,0.5714285969734192
103,103,0.5714285969734192
104,104,0.5714285969734192
105,105,1.0
106,106,0.2857142984867096
107,107,0.5714285969734192
108,108,0.1428571492433548
109,109,0.4285714328289032
110,110,0.7142857313156128
111,111,1.0
112,112,0.0
113,113,1.0
114,114,1.0
115,115,1.0
116,116,1.0
117,117,1.0
118,118,1.0
119,119,1.0
120,120,1.0
121,121,1.0
122,122,1.0
123,123,1.0
124,124,1.0
125,125,1.0
126,126,1.0
127,127,0.0
128,128,0.8571428656578064
129,129,1.0
130,130,1.0
131,131,1.0
132,132,1.0
133,133,1.0
134,134,1.0
135,135,1.0
136,136,1.0
137,137,1.0
138,138,1.0
139,139,1.0
140,140,1.0
141,141,0.1428571492433548
142,142,0.1428571492433548
143,143,0.0
144,144,0.2857142984867096
145,145,0.7142857313156128
146,146,1.0
147,147,1.0
148,148,0.2857142984867096
149,149,1.0
150,150,0.0
151,151,0.2857142984867096
152,152,0.1428571492433548
153,153,0.0
154,154,0.7142857313156128
155,155,0.8571428656578064
156,156,0.2857142984867096
157,157,0.0
158,158,0.1428571492433548
159,159,0.2857142984867096
160,160,0.2857142984867096
161,161,0.7142857313156128
162,162,0.7142857313156128
163,163,0.7142857313156128
164,164,0.7142857313156128
165,165,0.1428571492433548
166,166,0.0
167,167,1.0
168,168,0.1428571492433548
169,169,0.4285714328289032
170,170,1.0
171,171,0.5714285969734192
172,172,0.5714285969734192
173,173,0.8571428656578064
174,174,0.4285714328289032
175,175,0.0
176,176,0.0
177,177,0.5714285969734192
178,178,1.0
179,179,1.0
180,180,0.1428571492433548
181,181,1.0
182,182,0.7142857313156128
183,183,0.2857142984867096
184,184,0.8571428656578064
185,185,0.2857142984867096
186,186,0.2857142984867096
187,187,0.1428571492433548
188,188,0.0
189,189,0.7142857313156128
190,190,0.8571428656578064
191,191,0.5714285969734192
192,192,1.0
193,193,1.0
194,194,0.7142857313156128
195,195,0.0
196,196,0.7142857313156128
197,197,0.4285714328289032
198,198,0.5714285969734192
199,199,0.7142857313156128
200,200,0.1428571492433548
201,201,0.8571428656578064
202,202,0.2857142984867096
203,203,0.8571428656578064
204,204,0.5714285969734192
205,205,0.8571428656578064
206,206,0.1428571492433548
207,207,0.5714285969734192
208,208,0.5714285969734192
209,209,0.4285714328289032
210,210,0.4285714328289032
211,211,0.0
212,212,1.0
213,213,0.0
214,214,1.0
215,215,0.4285714328289032
216,216,0.2857142984867096
217,217,0.1428571492433548
218,218,0.7142857313156128
219,219,0.1428571492433548
220,220,0.4285714328289032
221,221,1.0
222,222,1.0
223,223,1.0
224,224,1.0
225,225,1.0
226,226,1.0
227,227,1.0
228,228,1.0
229,229,0.1428571492433548
230,230,1.0
231,231,1.0
232,232,1.0
233,233,1.0
234,234,1.0
235,235,1.0
236,236,1.0
237,237,1.0
238,238,1.0
239,239,1.0
240,240,1.0
241,241,1.0
242,242,1.0
243,243,1.0
244,244,1.0
245,245,1.0
246,246,1.0
247,247,1.0
248,248,1.0
249,249,1.0
250,250,1.0
251,251,0.8571428656578064
252,252,0.7142857313156128
253,253,1.0
254,254,1.0
255,255,0.7142857313156128
256,256,1.0
257,257,0.2857142984867096
258,258,0.1428571492433548
259,259,1.0
260,260,0.4285714328289032
261,261,0.1428571492433548
262,262,0.0
263,263,0.1428571492433548
264,264,0.8571428656578064
265,265,1.0
266,266,0.2857142984867096
267,267,0.8571428656578064
268,268,0.4285714328289032
269,269,0.4285714328289032
270,270,0.8571428656578064
271,271,0.7142857313156128
272,272,0.0
273,273,0.8571428656578064
274,274,0.2857142984867096
275,275,0.0
276,276,0.5714285969734192
277,277,0.2857142984867096
278,278,0.5714285969734192
279,279,0.7142857313156128
280,280,0.0
281,281,0.4285714328289032
282,282,0.5714285969734192
283,283,0.7142857313156128
284,284,0.1428571492433548
285,285,0.0
286,286,0.0
287,287,0.2857142984867096
288,288,1.0
289,289,0.7142857313156128
290,290,0.2857142984867096
291,291,1.0
292,292,0.2857142984867096
293,293,0.2857142984867096
294,294,0.2857142984867096
295,295,0.8571428656578064
296,296,0.2857142984867096
297,297,0.5714285969734192
298,298,1.0
299,299,0.0
300,300,0.1428571492433548
301,301,1.0
302,302,1.0
303,303,1.0
304,304,0.5714285969734192
305,305,0.5714285969734192
306,306,0.7142857313156128
307,307,0.7142857313156128
308,308,0.7142857313156128
309,309,0.4285714328289032
310,310,0.8571428656578064
311,311,0.1428571492433548
312,312,0.8571428656578064
313,313,0.7142857313156128
314,314,0.5714285969734192
315,315,0.4285714328289032
316,316,0.1428571492433548
317,317,0.7142857313156128
318,318,0.0
319,319,0.8571428656578064
320,320,0.8571428656578064
321,321,1.0
322,322,1.0
323,323,0.0
324,324,0.8571428656578064
325,325,0.1428571492433548
326,326,0.2857142984867096
327,327,0.1428571492433548
328,328,0.0
329,329,0.1428571492433548
330,330,0.4285714328289032
331,331,1.0
332,332,1.0
333,333,1.0
334,334,0.1428571492433548
335,335,1.0
336,336,1.0
337,337,1.0
338,338,1.0
339,339,1.0
340,340,1.0
341,341,1.0
342,342,1.0
343,343,1.0
344,344,1.0
345,345,1.0
346,346,1.0
347,347,1.0
348,348,0.8571428656578064
349,349,1.0
350,350,1.0
351,351,1.0
352,352,1.0
353,353,1.0
354,354,1.0
355,355,1.0
356,356,1.0
357,357,1.0
358,358,1.0
359,359,1.0
360,360,1.0
361,361,0.4285714328289032
362,362,1.0
363,363,1.0
364,364,1.0
365,365,0.7142857313156128
366,366,1.0
367,367,1.0
368,368,0.5714285969734192
369,369,0.4285714328289032
370,370,1.0
371,371,0.2857142984867096
372,372,0.8571428656578064
373,373,1.0
374,374,0.8571428656578064
375,375,0.2857142984867096
376,376,1.0
377,377,0.4285714328289032
378,378,0.1428571492433548
379,379,0.4285714328289032
380,380,1.0
381,381,0.8571428656578064
382,382,0.5714285969734192
383,383,0.7142857313156128
384,384,0.0
385,385,0.2857142984867096
386,386,0.8571428656578064
387,387,0.5714285969734192
388,388,0.4285714328289032
389,389,0.2857142984867096
390,390,0.8571428656578064
391,391,0.8571428656578064
392,392,0.0
393,393,1.0
394,394,0.2857142984867096
395,395,0.1428571492433548
396,396,0.1428571492433548
397,397,0.2857142984867096
398,398,0.4285714328289032
399,399,0.8571428656578064
400,400,0.4285714328289032
401,401,0.0
402,402,0.7142857313156128
403,403,0.0
404,404,0.1428571492433548
405,405,0.4285714328289032
406,406,1.0
407,407,0.2857142984867096
408,408,0.2857142984867096
409,409,0.0
410,410,0.4285714328289032
411,411,0.0
412,412,1.0
413,413,1.0
414,414,0.1428571492433548
415,415,0.5714285969734192
416,416,0.7142857313156128
417,417,0.7142857313156128
418,418,0.7142857313156128
419,419,0.8571428656578064
420,420,0.4285714328289032
421,421,0.7142857313156128
422,422,0.5714285969734192
423,423,0.7142857313156128
424,424,0.5714285969734192
425,425,1.0
426,426,0.1428571492433548
427,427,0.8571428656578064
428,428,0.8571428656578064
429,429,0.4285714328289032
430,430,0.1428571492433548
431,431,0.2857142984867096
432,432,0.8571428656578064
433,433,0.7142857313156128
434,434,0.8571428656578064
435,435,0.7142857313156128
436,436,0.7142857313156128
437,437,0.7142857313156128
438,438,0.1428571492433548
439,439,0.7142857313156128
440,440,1.0
441,441,1.0
442,442,1.0
443,443,1.0
444,444,1.0
445,445,1.0
446,446,1.0
447,447,1.0
448,448,1.0
449,449,1.0
450,450,1.0
451,451,1.0
452,452,1.0
453,453,1.0
454,454,1.0
455,455,1.0
456,456,1.0
457,457,0.0
458,458,0.8571428656578064
459,459,1.0
460,460,1.0
461,461,1.0
462,462,1.0
463,463,1.0
464,464,1.0
465,465,1.0
466,466,1.0
467,467,1.0
468,468,1.0
469,469,1.0
470,470,1.0
471,471,0.4285714328289032
472,472,0.0
473,473,0.4285714328289032
474,474,1.0
475,475,0.8571428656578064
476,476,0.4285714328289032
477,477,1.0
478,478,1.0
479,479,0.4285714328289032
480,480,1.0
481,481,0.1428571492433548
482,482,0.0
483,483,0.2857142984867096
484,484,0.8571428656578064
485,485,0.0
486,486,0.0
487,487,0.8571428656578064
488,488,0.7142857313156128
489,489,0.4285714328289032
490,490,0.8571428656578064
491,491,0.1428571492433548
492,492,0.5714285969734192
493,493,0.2857142984867096
494,494,0.7142857313156128
495,495,0.0
496,496,1.0
497,497,0.8571428656578064
498,498,0.1428571492433548
499,499,0.1428571492433548
500,500,1.0
501,501,0.1428571492433548
502,502,0.5714285969734192
503,503,0.7142857313156128
504,504,1.0
505,505,0.1428571492433548
506,506,0.0
507,507,0.5714285969734192
508,508,0.5714285969734192
509,509,0.5714285969734192
510,510,0.4285714328289032
511,511,0.4285714328289032
512,512,0.2857142984867096
513,513,0.0
514,514,0.5714285969734192
515,515,1.0
516,516,0.4285714328289032
517,517,1.0
518,518,0.2857142984867096
519,519,0.5714285969734192
520,520,0.4285714328289032
521,521,0.5714285969734192
522,522,1.0
523,523,1.0
524,524,0.1428571492433548
525,525,1.0
526,526,0.7142857313156128
527,527,0.2857142984867096
528,528,0.7142857313156128
529,529,0.7142857313156128
530,530,0.8571428656578064
531,531,0.1428571492433548
532,532,0.8571428656578064
533,533,1.0
534,534,0.1428571492433548
535,535,1.0
536,536,0.0
537,537,0.1428571492433548
538,538,0.4285714328289032
539,539,0.4285714328289032
540,540,0.4285714328289032
541,541,0.4285714328289032
542,542,1.0
543,543,1.0
544,544,1.0
545,545,0.8571428656578064
546,546,1.0
547,547,0.8571428656578064
548,548,1.0
549,549,0.4285714328289032
550,550,0.5714285969734192
551,551,1.0
552,552,1.0
553,553,1.0
554,554,1.0
555,555,1.0
556,556,1.0
557,557,1.0
558,558,1.0
559,559,1.0
560,560,1.0
561,561,1.0
562,562,1.0
563,563,1.0
564,564,1.0
565,565,1.0
566,566,1.0
567,567,0.0
568,568,0.8571428656578064
569,569,1.0
570,570,1.0
571,571,1.0
572,572,1.0
573,573,1.0
574,574,1.0
575,575,1.0
576,576,1.0
577,577,1.0
578,578,1.0
579,579,1.0
580,580,1.0
581,581,0.1428571492433548
582,582,1.0
583,583,1.0
584,584,1.0
585,585,1.0
586,586,0.4285714328289032
587,587,0.0
588,588,0.5714285969734192
589,589,0.4285714328289032
590,590,0.4285714328289032
591,591,1.0
592,592,0.0
593,593,0.1428571492433548
594,594,0.7142857313156128
595,595,0.8571428656578064
596,596,0.5714285969734192
597,597,0.5714285969734192
598,598,0.1428571492433548
599,599,0.1428571492433548
600,600,0.8571428656578064
601,601,0.7142857313156128
602,602,0.4285714328289032
603,603,0.0
604,604,0.4285714328289032
605,605,0.7142857313156128
606,606,0.5714285969734192
607,607,0.2857142984867096
608,608,0.7142857313156128
609,609,1.0
610,610,0.4285714328289032
611,611,0.5714285969734192
612,612,0.7142857313156128
613,613,0.8571428656578064
614,614,0.7142857313156128
615,615,0.4285714328289032
616,616,0.4285714328289032
617,617,0.2857142984867096
618,618,1.0
619,619,0.5714285969734192
620,620,0.8571428656578064
621,621,0.1428571492433548
622,622,0.4285714328289032
623,623,0.8571428656578064
624,624,0.5714285969734192
625,625,0.5714285969734192
626,626,1.0
627,627,0.2857142984867096
628,628,0.8571428656578064
629,629,0.4285714328289032
630,630,0.1428571492433548
631,631,0.5714285969734192
632,632,1.0
633,633,1.0
634,634,1.0
635,635,1.0
636,636,0.7142857313156128
637,637,0.7142857313156128
638,638,1.0
639,639,0.8571428656578064
640,640,0.4285714328289032
641,641,1.0
642,642,1.0
643,643,0.1428571492433548
644,644,0.7142857313156128
645,645,0.4285714328289032
646,646,0.0
647,647,0.5714285969734192
648,648,0.4285714328289032
649,649,1.0
650,650,0.2857142984867096
651,651,0.2857142984867096
652,652,0.2857142984867096
653,653,0.8571428656578064
654,654,1.0
655,655,0.8571428656578064
656,656,0.2857142984867096
657,657,0.0
658,658,0.1428571492433548
659,659,1.0
660,660,0.1428571492433548
661,661,1.0
662,662,1.0
663,663,1.0
664,664,1.0
665,665,1.0
666,666,1.0
667,667,1.0
668,668,1.0
669,669,0.1428571492433548
670,670,1.0
671,671,1.0
672,672,1.0
673,673,1.0
674,674,1.0
675,675,1.0
676,676,1.0
677,677,1.0
678,678,0.8571428656578064
679,679,1.0
680,680,1.0
681,681,1.0
682,682,1.0
683,683,1.0
684,684,1.0
685,685,1.0
686,686,1.0
687,687,1.0
688,688,1.0
689,689,1.0
690,690,1.0
691,691,0.4285714328289032
692,692,0.8571428656578064
693,693,1.0
694,694,1.0
695,695,0.7142857313156128
696,696,0.1428571492433548
697,697,1.0
698,698,1.0
699,699,0.4285714328289032
700,700,1.0
701,701,0.5714285969734192
702,702,1.0
703,703,1.0
704,704,0.1428571492433548
705,705,1.0
706,706,0.4285714328289032
707,707,0.5714285969734192
708,708,1.0
709,709,0.1428571492433548
710,710,0.8571428656578064
711,711,0.7142857313156128
712,712,0.1428571492433548
713,713,0.8571428656578064
714,714,1.0
715,715,0.2857142984867096
716,716,0.5714285969734192
717,717,0.5714285969734192
718,718,0.0
719,719,0.4285714328289032
720,720,0.5714285969734192
721,721,0.2857142984867096
722,722,0.5714285969734192
723,723,0.2857142984867096
724,724,0.1428571492433548
725,725,0.8571428656578064
726,726,0.8571428656578064
727,727,0.4285714328289032
728,728,0.7142857313156128
729,729,0.4285714328289032
730,730,0.8571428656578064
731,731,0.0
732,732,0.8571428656578064
733,733,0.0
734,734,0.5714285969734192
735,735,0.5714285969734192
736,736,0.7142857313156128
737,737,1.0
738,738,1.0
739,739,0.2857142984867096
740,740,0.2857142984867096
741,741,1.0
742,742,1.0
743,743,1.0
744,744,0.5714285969734192
745,745,1.0
746,746,0.7142857313156128
747,747,0.7142857313156128
748,748,0.4285714328289032
749,749,0.5714285969734192
750,750,0.5714285969734192
751,751,0.8571428656578064
752,752,1.0
753,753,0.4285714328289032
754,754,0.8571428656578064
755,755,0.8571428656578064
756,756,0.0
757,757,0.5714285969734192
758,758,0.0
759,759,0.4285714328289032
760,760,1.0
761,761,0.8571428656578064
762,762,0.8571428656578064
763,763,0.2857142984867096
764,764,0.1428571492433548
765,765,0.5714285969734192
766,766,0.4285714328289032
767,767,0.1428571492433548
768,768,0.2857142984867096
769,769,0.7142857313156128
770,770,0.1428571492433548
771,771,1.0
772,772,1.0
773,773,1.0
774,774,1.0
775,775,1.0
776,776,1.0
777,777,1.0
778,778,1.0
779,779,1.0
780,780,1.0
781,781,1.0
782,782,1.0
783,783,1.0
784,784,1.0
785,785,1.0
786,786,1.0
787,787,1.0
788,788,0.8571428656578064
789,789,1.0
790,790,1.0
791,791,1.0
792,792,1.0
793,793,1.0
794,794,1.0
795,795,1.0
796,796,1.0
797,797,1.0
798,798,1.0
799,799,1.0
800,800,1.0
801,801,0.8571428656578064
802,802,1.0
803,803,1.0
804,804,1.0
805,805,0.0
806,806,1.0
807,807,1.0
808,808,0.5714285969734192
809,809,1.0
810,810,1.0
811,811,0.5714285969734192
812,812,0.4285714328289032
813,813,1.0
814,814,0.1428571492433548
815,815,0.4285714328289032
816,816,0.0
817,817,1.0
818,818,0.2857142984867096
819,819,0.8571428656578064
820,820,1.0
821,821,0.8571428656578064
822,822,0.5714285969734192
823,823,0.1428571492433548
824,824,1.0
825,825,1.0
826,826,1.0
827,827,0.1428571492433548
828,828,0.5714285969734192
829,829,0.8571428656578064
830,830,0.7142857313156128
831,831,0.8571428656578064
832,832,0.1428571492433548
833,833,0.4285714328289032
834,834,0.2857142984867096
835,835,0.0
836,836,0.5714285969734192
837,837,1.0
838,838,0.0
839,839,0.8571428656578064
840,840,0.4285714328289032
841,841,0.8571428656578064
842,842,0.7142857313156128
843,843,0.5714285969734192
844,844,0.7142857313156128
845,845,0.2857142984867096
846,846,1.0
847,847,1.0
848,848,0.7142857313156128
849,849,0.7142857313156128
850,850,0.1428571492433548
851,851,0.5714285969734192
852,852,1.0
853,853,1.0
854,854,0.1428571492433548
855,855,0.5714285969734192
856,856,0.7142857313156128
857,857,0.0
858,858,0.4285714328289032
859,859,0.0
860,860,1.0
861,861,0.1428571492433548
862,862,0.2857142984867096
863,863,0.7142857313156128
864,864,0.5714285969734192
865,865,1.0
866,866,0.5714285969734192
867,867,0.5714285969734192
868,868,0.2857142984867096
869,869,0.7142857313156128
870,870,1.0
871,871,1.0
872,872,0.7142857313156128
873,873,0.7142857313156128
874,874,0.2857142984867096
875,875,0.4285714328289032
876,876,0.5714285969734192
877,877,0.7142857313156128
878,878,0.8571428656578064
879,879,0.1428571492433548
880,880,0.2857142984867096
881,881,1.0
882,882,1.0
883,883,1.0
884,884,1.0
885,885,1.0
886,886,1.0
887,887,1.0
888,888,1.0
889,889,1.0
890,890,1.0
891,891,1.0
892,892,1.0
893,893,1.0
894,894,1.0
895,895,1.0
896,896,1.0
897,897,1.0
898,898,0.8571428656578064
899,899,1.0
900,900,1.0
901,901,1.0
902,902,1.0
903,903,1.0
904,904,1.0
905,905,1.0
906,906,1.0
907,907,1.0
908,908,1.0
909,909,1.0
910,910,1.0
911,911,0.4285714328289032
912,912,0.7142857313156128
913,913,1.0
914,914,0.1428571492433548
915,915,0.8571428656578064
916,916,1.0
917,917,1.0
918,918,1.0
919,919,0.4285714328289032
920,920,1.0
921,921,0.4285714328289032
922,922,0.8571428656578064
923,923,0.4285714328289032
924,924,1.0
925,925,0.2857142984867096
926,926,0.1428571492433548
927,927,0.2857142984867096
928,928,0.2857142984867096
929,929,0.5714285969734192
930,930,1.0
931,931,0.5714285969734192
932,932,0.5714285969734192
933,933,1.0
934,934,0.0
935,935,0.7142857313156128
936,936,1.0
937,937,0.1428571492433548
938,938,0.0
939,939,0.5714285969734192
940,940,0.2857142984867096
941,941,0.5714285969734192
942,942,0.2857142984867096
943,943,0.1428571492433548
944,944,0.8571428656578064
945,945,0.4285714328289032
946,946,0.2857142984867096
947,947,0.7142857313156128
948,948,0.8571428656578064
949,949,0.2857142984867096
950,950,0.5714285969734192
951,951,0.7142857313156128
952,952,0.8571428656578064
953,953,0.8571428656578064
954,954,0.7142857313156128
955,955,0.1428571492433548
956,956,0.7142857313156128
957,957,0.5714285969734192
958,958,0.0
959,959,0.5714285969734192
960,960,1.0
961,961,0.5714285969734192
962,962,1.0
963,963,1.0
964,964,0.7142857313156128
965,965,0.5714285969734192
966,966,0.7142857313156128
967,967,1.0
968,968,1.0
969,969,0.0
970,970,0.2857142984867096
971,971,0.5714285969734192
972,972,0.7142857313156128
973,973,0.8571428656578064
974,974,0.4285714328289032
975,975,1.0
976,976,1.0
977,977,0.7142857313156128
978,978,0.1428571492433548
979,979,1.0
980,980,0.8571428656578064
981,981,0.4285714328289032
982,982,0.5714285969734192
983,983,0.7142857313156128
984,984,0.4285714328289032
985,985,0.2857142984867096
986,986,0.7142857313156128
987,987,0.0
988,988,0.8571428656578064
989,989,0.2857142984867096
990,990,0.2857142984867096
991,991,1.0
992,992,0.0
993,993,1.0
994,994,0.1428571492433548
995,995,1.0
996,996,1.0
997,997,1.0
998,998,1.0
999,999,1.0
1000,1000,1.0
1001,1001,1.0
1002,1002,1.0
1003,1003,1.0
1004,1004,1.0
1005,1005,1.0
1006,1006,1.0
1007,1007,1.0
1008,1008,0.8571428656578064
1009,1009,1.0
1010,1010,1.0
1011,1011,1.0
1012,1012,1.0
1013,1013,1.0
1014,1014,1.0
1015,1015,1.0
1016,1016,1.0
1017,1017,1.0
1018,1018,1.0
1019,1019,1.0
1020,1020,1.0
1021,1021,0.1428571492433548
1022,1022,0.0
1023,1023,0.1428571492433548
1024,1024,0.4285714328289032
1025,1025,0.0
1026,1026,1.0
1027,1027,1.0
1028,1028,1.0
1029,1029,1.0
1030,1030,0.4285714328289032
1031,1031,0.7142857313156128
1032,1032,0.2857142984867096
1033,1033,0.4285714328289032
1034,1034,0.7142857313156128
1035,1035,0.4285714328289032
1036,1036,0.1428571492433548
1037,1037,1.0
1038,1038,0.0
1039,1039,0.2857142984867096
1040,1040,0.4285714328289032
1041,1041,0.8571428656578064
1042,1042,0.8571428656578064
1043,1043,0.8571428656578064
1044,1044,0.5714285969734192
1045,1045,0.8571428656578064
1046,1046,0.7142857313156128
1047,1047,0.5714285969734192
1048,1048,1.0
1049,1049,0.4285714328289032
1050,1050,0.5714285969734192
1051,1051,0.8571428656578064
1052,1052,0.8571428656578064
1053,1053,0.7142857313156128
1054,1054,0.8571428656578064
1055,1055,0.8571428656578064
1056,1056,0.0
1057,1057,1.0
1058,1058,0.8571428656578064
1059,1059,1.0
1060,1060,0.8571428656578064
1061,1061,1.0
1062,1062,1.0
1063,1063,0.7142857313156128
1064,1064,0.1428571492433548
1065,1065,0.4285714328289032
1066,1066,0.8571428656578064
1067,1067,1.0
1068,1068,0.4285714328289032
1069,1069,0.0
1070,1070,0.2857142984867096
1071,1071,0.5714285969734192
1072,1072,1.0
1073,1073,1.0
1074,1074,0.5714285969734192
1075,1075,0.5714285969734192
1076,1076,0.7142857313156128
1077,1077,0.5714285969734192
1078,1078,1.0
1079,1079,0.0
1080,1080,0.5714285969734192
1081,1081,0.0
1082,1082,0.2857142984867096
1083,1083,0.8571428656578064
1084,1084,0.1428571492433548
1085,1085,0.4285714328289032
1086,1086,0.8571428656578064
1087,1087,0.8571428656578064
1088,1088,0.8571428656578064
1089,1089,0.5714285969734192
1090,1090,0.4285714328289032
1091,1091,0.0
1092,1092,0.0
1093,1093,1.0
1094,1094,0.2857142984867096
1095,1095,0.7142857313156128
1096,1096,0.2857142984867096
1097,1097,1.0
1098,1098,1.0
1099,1099,0.7142857313156128
1100,1100,0.4285714328289032
1101,1101,1.0
1102,1102,1.0
1103,1103,1.0
1104,1104,0.1428571492433548
1105,1105,1.0
1106,1106,1.0
1107,1107,1.0
1108,1108,1.0
1109,1109,0.1428571492433548
1110,1110,1.0
1111,1111,1.0
1112,1112,1.0
1113,1113,1.0
1114,1114,1.0
1115,1115,1.0
1116,1116,1.0
1117,1117,0.0
1118,1118,0.8571428656578064
1119,1119,1.0
1120,1120,1.0
1121,1121,1.0
1122,1122,1.0
1123,1123,1.0
1124,1124,1.0
1125,1125,1.0
1126,1126,1.0
1127,1127,1.0
1128,1128,1.0
1129,1129,1.0
1130,1130,1.0
1131,1131,0.4285714328289032
1132,1132,0.7142857313156128
1133,1133,0.4285714328289032
1134,1134,1.0
1135,1135,0.0
1136,1136,1.0
1137,1137,1.0
1138,1138,1.0
1139,1139,1.0
1140,1140,0.4285714328289032
1141,1141,0.4285714328289032
1142,1142,0.8571428656578064
1143,1143,1.0
1144,1144,0.4285714328289032
1145,1145,0.5714285969734192
1146,1146,0.1428571492433548
1147,1147,0.2857142984867096
1148,1148,0.7142857313156128
1149,1149,0.8571428656578064
1150,1150,1.0
1151,1151,0.8571428656578064
1152,1152,0.8571428656578064
1153,1153,0.8571428656578064
1154,1154,0.4285714328289032
1155,1155,0.5714285969734192
1156,1156,0.7142857313156128
1157,1157,1.0
1158,1158,0.7142857313156128
1159,1159,0.0
1160,1160,0.5714285969734192
1161,1161,0.1428571492433548
1162,1162,0.8571428656578064
1163,1163,0.7142857313156128
1164,1164,0.1428571492433548
1165,1165,0.5714285969734192
1166,1166,1.0
1167,1167,1.0
1168,1168,0.8571428656578064
1169,1169,0.7142857313156128
1170,1170,0.0
1171,1171,0.5714285969734192
1172,1172,1.0
1173,1173,0.8571428656578064
1174,1174,0.7142857313156128
1175,1175,0.2857142984867096
1176,1176,0.2857142984867096
1177,1177,0.7142857313156128
1178,1178,0.0
1179,1179,0.7142857313156128
1180,1180,0.8571428656578064
1181,1181,0.5714285969734192
1182,1182,1.0
1183,1183,1.0
1184,1184,0.1428571492433548
1185,1185,0.5714285969734192
1186,1186,1.0
1187,1187,0.5714285969734192
1188,1188,0.4285714328289032
1189,1189,0.1428571492433548
1190,1190,1.0
1191,1191,1.0
1192,1192,1.0
1193,1193,0.7142857313156128
1194,1194,0.1428571492433548
1195,1195,1.0
1196,1196,0.8571428656578064
1197,1197,0.2857142984867096
1198,1198,0.2857142984867096
1199,1199,0.2857142984867096
1200,1200,0.8571428656578064
1201,1201,0.8571428656578064
1202,1202,0.5714285969734192
1203,1203,1.0
1204,1204,0.8571428656578064
1205,1205,0.0
1206,1206,0.0
1207,1207,1.0
1208,1208,0.8571428656578064
1209,1209,1.0
1210,1210,0.7142857313156128
1211,1211,1.0
1212,1212,1.0
1213,1213,1.0
1214,1214,0.1428571492433548
1215,1215,1.0
1216,1216,1.0
1217,1217,1.0
1218,1218,1.0
1219,1219,1.0
1220,1220,1.0
1221,1221,1.0
1222,1222,1.0
1223,1223,1.0
1224,1224,1.0
1225,1225,1.0
1226,1226,1.0
1227,1227,1.0
1228,1228,0.8571428656578064
1229,1229,1.0
1230,1230,1.0
1231,1231,1.0
1232,1232,1.0
1233,1233,1.0
1234,1234,1.0
1235,1235,1.0
1236,1236,1.0
1237,1237,1.0
1238,1238,1.0
1239,1239,1.0
1240,1240,1.0
1241,1241,0.8571428656578064
1242,1242,0.2857142984867096
1243,1243,1.0
1244,1244,1.0
1245,1245,0.0
1246,1246,0.0
1247,1247,1.0
1248,1248,0.2857142984867096
1249,1249,0.4285714328289032
1250,1250,0.4285714328289032
1251,1251,0.4285714328289032
1252,1252,1.0
1253,1253,1.0
1254,1254,0.7142857313156128
1255,1255,0.4285714328289032
1256,1256,0.0
1257,1257,0.8571428656578064
1258,1258,0.0
1259,1259,0.7142857313156128
1260,1260,0.2857142984867096
1261,1261,0.0
1262,1262,0.0
1263,1263,0.7142857313156128
1264,1264,0.8571428656578064
1265,1265,0.8571428656578064
1266,1266,0.5714285969734192
1267,1267,0.8571428656578064
1268,1268,0.8571428656578064
1269,1269,1.0
1270,1270,0.4285714328289032
1271,1271,1.0
1272,1272,0.5714285969734192
1273,1273,0.7142857313156128
1274,1274,0.8571428656578064
1275,1275,0.4285714328289032
1276,1276,1.0
1277,1277,1.0
1278,1278,0.8571428656578064
1279,1279,0.5714285969734192
1280,1280,0.7142857313156128
1281,1281,1.0
1282,1282,0.8571428656578064
1283,1283,0.0
1284,1284,0.5714285969734192
1285,1285,0.1428571492433548
1286,1286,1.0
1287,1287,1.0
1288,1288,1.0
1289,1289,0.8571428656578064
1290,1290,0.2857142984867096
1291,1291,0.5714285969734192
1292,1292,1.0
1293,1293,1.0
1294,1294,0.1428571492433548
1295,1295,0.0
1296,1296,0.7142857313156128
1297,1297,1.0
1298,1298,0.4285714328289032
1299,1299,0.7142857313156128
1300,1300,0.0
1301,1301,0.8571428656578064
1302,1302,0.7142857313156128
1303,1303,0.8571428656578064
1304,1304,0.4285714328289032
1305,1305,0.7142857313156128
1306,1306,0.4285714328289032
1307,1307,0.5714285969734192
1308,1308,0.0
1309,1309,0.4285714328289032
1310,1310,0.1428571492433548
1311,1311,1.0
1312,1312,0.2857142984867096
1313,1313,0.8571428656578064
1314,1314,0.8571428656578064
1315,1315,1.0
1316,1316,0.7142857313156128
1317,1317,0.7142857313156128
1318,1318,1.0
1319,1319,0.1428571492433548
1320,1320,0.5714285969734192
1321,1321,1.0
1322,1322,1.0
1323,1323,1.0
1324,1324,0.1428571492433548
1325,1325,1.0
1326,1326,1.0
1327,1327,1.0
1328,1328,1.0
1329,1329,1.0
1330,1330,1.0
1331,1331,1.0
1332,1332,1.0
1333,1333,1.0
1334,1334,1.0
1335,1335,1.0
1336,1336,1.0
1337,1337,1.0
1338,1338,1.0
1339,1339,1.0
1340,1340,1.0
1341,1341,1.0
1342,1342,1.0
1343,1343,1.0
1344,1344,1.0
1345,1345,1.0
1346,1346,1.0
1347,1347,1.0
1348,1348,1.0
1349,1349,1.0
1350,1350,1.0
1351,1351,0.8571428656578064
1352,1352,1.0
1353,1353,0.7142857313156128
1354,1354,0.4285714328289032
1355,1355,0.7142857313156128
1356,1356,0.4285714328289032
1357,1357,1.0
1358,1358,1.0
1359,1359,1.0
1360,1360,1.0
1361,1361,0.5714285969734192
1362,1362,0.8571428656578064
1363,1363,0.0
1364,1364,0.7142857313156128
1365,1365,0.5714285969734192
1366,1366,1.0
1367,1367,0.0
1368,1368,0.4285714328289032
1369,1369,0.4285714328289032
1370,1370,0.2857142984867096
1371,1371,0.8571428656578064
1372,1372,0.4285714328289032
1373,1373,0.1428571492433548
1374,1374,0.2857142984867096
1375,1375,0.7142857313156128
1376,1376,0.8571428656578064
1377,1377,0.4285714328289032
1378,1378,0.1428571492433548
1379,1379,0.4285714328289032
1380,1380,0.5714285969734192
1381,1381,0.5714285969734192
1382,1382,0.4285714328289032
1383,1383,0.7142857313156128
1384,1384,0.2857142984867096
1385,1385,0.4285714328289032
1386,1386,0.4285714328289032
1387,1387,1.0
1388,1388,0.1428571492433548
1389,1389,0.7142857313156128
1390,1390,0.7142857313156128
1391,1391,1.0
1392,1392,0.5714285969734192
1393,1393,0.5714285969734192
1394,1394,0.2857142984867096
1395,1395,0.4285714328289032
1396,1396,0.5714285969734192
1397,1397,0.5714285969734192
1398,1398,0.7142857313156128
1399,1399,0.7142857313156128
1400,1400,0.5714285969734192
1401,1401,0.5714285969734192
1402,1402,1.0
1403,1403,1.0
1404,1404,0.5714285969734192
1405,1405,0.8571428656578064
1406,1406,0.7142857313156128
1407,1407,1.0
1408,1408,0.0
1409,1409,0.0
1410,1410,0.8571428656578064
1411,1411,0.7142857313156128
1412,1412,0.8571428656578064
1413,1413,0.0
1414,1414,1.0
1415,1415,0.7142857313156128
1416,1416,0.5714285969734192
1417,1417,0.5714285969734192
1418,1418,0.0
1419,1419,0.2857142984867096
1420,1420,0.5714285969734192
1421,1421,0.7142857313156128
1422,1422,1.0
1423,1423,0.0
1424,1424,1.0
1425,1425,0.7142857313156128
1426,1426,0.2857142984867096
1427,1427,0.8571428656578064
1428,1428,0.5714285969734192
1429,1429,0.8571428656578064
1430,1430,0.5714285969734192
1431,1431,1.0
1432,1432,1.0
1433,1433,1.0
1434,1434,0.1428571492433548
1435,1435,1.0
1436,1436,1.0
1437,1437,1.0
1438,1438,1.0
1439,1439,1.0
1440,1440,1.0
1441,1441,1.0
1442,1442,1.0
1443,1443,1.0
1444,1444,1.0
1445,1445,1.0
1446,1446,1.0
1447,1447,1.0
1448,1448,0.8571428656578064
1449,1449,1.0
1450,1450,1.0
1451,1451,1.0
1452,1452,1.0
1453,1453,1.0
1454,1454,1.0
1455,1455,1.0
1456,1456,1.0
1457,1457,1.0
1458,1458,1.0
1459,1459,1.0
1460,1460,1.0
1461,1461,0.8571428656578064
1462,1462,1.0
1463,1463,0.4285714328289032
1464,1464,1.0
1465,1465,0.2857142984867096
1466,1466,1.0
1467,1467,1.0
1468,1468,0.2857142984867096
1469,1469,0.4285714328289032
1470,1470,1.0
1471,1471,0.5714285969734192
1472,1472,0.5714285969734192
1473,1473,0.5714285969734192
1474,1474,0.2857142984867096
1475,1475,0.5714285969734192
1476,1476,0.8571428656578064
1477,1477,0.7142857313156128
1478,1478,0.8571428656578064
1479,1479,0.7142857313156128
1480,1480,0.8571428656578064
1481,1481,0.7142857313156128
1482,1482,0.8571428656578064
1483,1483,0.8571428656578064
1484,1484,0.1428571492433548
1485,1485,0.2857142984867096
1486,1486,0.7142857313156128
1487,1487,0.1428571492433548
1488,1488,0.2857142984867096
1489,1489,1.0
1490,1490,0.5714285969734192
1491,1491,0.7142857313156128
1492,1492,0.7142857313156128
1493,1493,0.2857142984867096
1494,1494,0.8571428656578064
1495,1495,1.0
1496,1496,0.4285714328289032
1497,1497,0.8571428656578064
1498,1498,0.4285714328289032
1499,1499,0.1428571492433548
1500,1500,0.2857142984867096
1501,1501,0.8571428656578064
1502,1502,0.0
1503,1503,1.0
1504,1504,1.0
1505,1505,0.1428571492433548
1506,1506,0.4285714328289032
1507,1507,0.1428571492433548
1508,1508,1.0
1509,1509,0.5714285969734192
1510,1510,0.8571428656578064
1511,1511,1.0
1512,1512,1.0
1513,1513,1.0
1514,1514,0.5714285969734192
1515,1515,0.5714285969734192
1516,1516,0.7142857313156128
1517,1517,0.2857142984867096
1518,1518,0.0
1519,1519,0.1428571492433548
1520,1520,0.5714285969734192
1521,1521,1.0
1522,1522,0.7142857313156128
1523,1523,0.8571428656578064
1524,1524,0.5714285969734192
1525,1525,0.7142857313156128
1526,1526,0.0
1527,1527,0.8571428656578064
1528,1528,1.0
1529,1529,0.7142857313156128
1530,1530,0.8571428656578064
1531,1531,1.0
1532,1532,1.0
1533,1533,0.8571428656578064
1534,1534,0.4285714328289032
1535,1535,0.8571428656578064
1536,1536,0.2857142984867096
1537,1537,0.7142857313156128
1538,1538,0.8571428656578064
1539,1539,0.8571428656578064
1540,1540,0.8571428656578064
1541,1541,1.0
1542,1542,1.0
1543,1543,1.0
1544,1544,1.0
1545,1545,1.0
1546,1546,1.0
1547,1547,1.0
1548,1548,1.0
1549,1549,1.0
1550,1550,1.0
1551,1551,1.0
1552,1552,1.0
1553,1553,1.0
1554,1554,1.0
1555,1555,1.0
1556,1556,1.0
1557,1557,1.0
1558,1558,0.8571428656578064
1559,1559,1.0
1560,1560,1.0
1561,1561,1.0
1562,1562,1.0
1563,1563,1.0
1564,1564,1.0
1565,1565,1.0
1566,1566,1.0
1567,1567,1.0
1568,1568,1.0
1569,1569,1.0
1570,1570,1.0
1571,1571,1.0
1572,1572,0.7142857313156128
1573,1573,0.4285714328289032
1574,1574,1.0
1575,1575,0.1428571492433548
1576,1576,0.4285714328289032
1577,1577,1.0
1578,1578,1.0
1579,1579,1.0
1580,1580,0.0
1581,1581,0.5714285969734192
1582,1582,0.2857142984867096
1583,1583,0.5714285969734192
1584,1584,0.8571428656578064
1585,1585,0.5714285969734192
1586,1586,0.7142857313156128
1587,1587,1.0
1588,1588,0.7142857313156128
1589,1589,0.5714285969734192
1590,1590,0.5714285969734192
1591,1591,0.4285714328289032
1592,1592,0.8571428656578064
1593,1593,0.4285714328289032
1594,1594,0.5714285969734192
1595,1595,1.0
1596,1596,0.5714285969734192
1597,1597,0.7142857313156128
1598,1598,0.2857142984867096
1599,1599,0.8571428656578064
1600,1600,0.8571428656578064
1601,1601,0.5714285969734192
1602,1602,0.7142857313156128
1603,1603,0.7142857313156128
1604,1604,0.4285714328289032
1605,1605,0.4285714328289032
1606,1606,1.0
1607,1607,0.7142857313156128
1608,1608,0.0
1609,1609,0.4285714328289032
1610,1610,0.8571428656578064
1611,1611,0.8571428656578064
1612,1612,0.4285714328289032
1613,1613,0.5714285969734192
1614,1614,0.5714285969734192
1615,1615,0.8571428656578064
1616,1616,0.4285714328289032
1617,1617,0.5714285969734192
1618,1618,0.2857142984867096
1619,1619,0.8571428656578064
1620,1620,0.0
1621,1621,1.0
1622,1622,1.0
1623,1623,1.0
1624,1624,0.7142857313156128
1625,1625,0.5714285969734192
1626,1626,1.0
1627,1627,1.0
1628,1628,0.0
1629,1629,1.0
1630,1630,0.8571428656578064
1631,1631,0.1428571492433548
1632,1632,0.2857142984867096
1633,1633,0.7142857313156128
1634,1634,0.7142857313156128
1635,1635,0.7142857313156128
1636,1636,1.0
1637,1637,1.0
1638,1638,0.1428571492433548
1639,1639,0.2857142984867096
1640,1640,0.8571428656578064
1641,1641,0.4285714328289032
1642,1642,0.5714285969734192
1643,1643,0.5714285969734192
1644,1644,0.8571428656578064
1645,1645,0.8571428656578064
1646,1646,0.7142857313156128
1647,1647,1.0
1648,1648,0.1428571492433548
1649,1649,0.7142857313156128
1650,1650,0.7142857313156128
1651,1651,1.0
1652,1652,1.0
1653,1653,1.0
1654,1654,0.1428571492433548
1655,1655,1.0
1656,1656,1.0
1657,1657,1.0
1658,1658,1.0
1659,1659,1.0
1660,1660,1.0
1661,1661,1.0
1662,1662,1.0
1663,1663,1.0
1664,1664,1.0
1665,1665,1.0
1666,1666,1.0
1667,1667,1.0
1668,1668,0.8571428656578064
1669,1669,1.0
1670,1670,1.0
1671,1671,1.0
1672,1672,1.0
1673,1673,1.0
1674,1674,1.0
1675,1675,1.0
1676,1676,1.0
1677,1677,1.0
1678,1678,1.0
1679,1679,1.0
1680,1680,1.0
1681,1681,0.1428571492433548
1682,1682,0.7142857313156128
1683,1683,0.1428571492433548
1684,1684,1.0
1685,1685,0.1428571492433548
1686,1686,0.4285714328289032
1687,1687,1.0
1688,1688,0.5714285969734192
1689,1689,1.0
1690,1690,1.0
1691,1691,0.4285714328289032
1692,1692,1.0
1693,1693,0.5714285969734192
1694,1694,0.7142857313156128
1695,1695,0.2857142984867096
1696,1696,0.4285714328289032
1697,1697,0.5714285969734192
1698,1698,0.7142857313156128
1699,1699,1.0
1700,1700,0.8571428656578064
1701,1701,0.7142857313156128
1702,1702,1.0
1703,1703,0.1428571492433548
1704,1704,1.0
1705,1705,0.5714285969734192
1706,1706,0.7142857313156128
1707,1707,0.7142857313156128
1708,1708,1.0
1709,1709,1.0
1710,1710,0.7142857313156128
1711,1711,0.8571428656578064
1712,1712,0.1428571492433548
1713,1713,0.7142857313156128
1714,1714,1.0
1715,1715,0.5714285969734192
1716,1716,0.8571428656578064
1717,1717,1.0
1718,1718,1.0
1719,1719,1.0
1720,1720,0.5714285969734192
1721,1721,0.1428571492433548
1722,1722,1.0
1723,1723,0.5714285969734192
1724,1724,1.0
1725,1725,0.2857142984867096
1726,1726,0.7142857313156128
1727,1727,0.4285714328289032
1728,1728,0.7142857313156128
1729,1729,0.2857142984867096
1730,1730,1.0
1731,1731,1.0
1732,1732,1.0
1733,1733,1.0
1734,1734,0.5714285969734192
1735,1735,1.0
1736,1736,1.0
1737,1737,0.7142857313156128
1738,1738,1.0
1739,1739,0.5714285969734192
1740,1740,0.7142857313156128
1741,1741,0.8571428656578064
1742,1742,1.0
1743,1743,0.0
1744,1744,1.0
1745,1745,1.0
1746,1746,0.8571428656578064
1747,1747,0.5714285969734192
1748,1748,1.0
1749,1749,0.5714285969734192
1750,1750,0.4285714328289032
1751,1751,0.0
1752,1752,1.0
1753,1753,0.1428571492433548
1754,1754,0.8571428656578064
1755,1755,1.0
1756,1756,0.8571428656578064
1757,1757,0.8571428656578064
1758,1758,1.0
1759,1759,0.7142857313156128
1760,1760,1.0
1761,1761,1.0
1762,1762,1.0
1763,1763,1.0
1764,1764,1.0
1765,1765,1.0
1766,1766,1.0
1767,1767,1.0
1768,1768,1.0
1769,1769,1.0
1770,1770,1.0
1771,1771,1.0
1772,1772,1.0
1773,1773,1.0
1774,1774,1.0
1775,1775,1.0
1776,1776,1.0
1777,1777,1.0
1778,1778,0.8571428656578064
1779,1779,1.0
1780,1780,1.0
1781,1781,1.0
1782,1782,1.0
1783,1783,1.0
1784,1784,1.0
1785,1785,1.0
1786,1786,1.0
1787,1787,1.0
1788,1788,1.0
1789,1789,1.0
1790,1790,1.0
1791,1791,1.0
1792,1792,1.0
1793,1793,0.1428571492433548
1794,1794,1.0
1795,1795,0.0
1796,1796,1.0
1797,1797,1.0
1798,1798,1.0
1799,1799,1.0
1800,1800,1.0
1801,1801,0.8571428656578064
1802,1802,1.0
1803,1803,1.0
1804,1804,0.7142857313156128
1805,1805,1.0
1806,1806,0.1428571492433548
1807,1807,0.2857142984867096
1808,1808,0.8571428656578064
1809,1809,0.7142857313156128
1810,1810,0.7142857313156128
1811,1811,0.7142857313156128
1812,1812,0.2857142984867096
1813,1813,0.4285714328289032
1814,1814,0.7142857313156128
1815,1815,0.5714285969734192
1816,1816,0.1428571492433548
1817,1817,0.7142857313156128
1818,1818,0.8571428656578064
1819,1819,0.2857142984867096
1820,1820,0.5714285969734192
1821,1821,0.7142857313156128
1822,1822,0.8571428656578064
1823,1823,1.0
1824,1824,0.0
1825,1825,0.2857142984867096
1826,1826,0.8571428656578064
1827,1827,0.5714285969734192
1828,1828,0.8571428656578064
1829,1829,0.4285714328289032
1830,1830,0.7142857313156128
1831,1831,0.7142857313156128
1832,1832,0.4285714328289032
1833,1833,0.0
1834,1834,0.8571428656578064
1835,1835,1.0
1836,1836,0.0
1837,1837,0.7142857313156128
1838,1838,1.0
1839,1839,0.8571428656578064
1840,1840,0.5714285969734192
1841,1841,0.0
1842,1842,1.0
1843,1843,1.0
1844,1844,0.5714285969734192
1845,1845,0.5714285969734192
1846,1846,1.0
1847,1847,1.0
1848,1848,1.0
1849,1849,1.0
1850,1850,1.0
1851,1851,1.0
1852,1852,0.7142857313156128
1853,1853,0.0
1854,1854,0.5714285969734192
1855,1855,0.7142857313156128
1856,1856,0.5714285969734192
1857,1857,0.7142857313156128
1858,1858,0.8571428656578064
1859,1859,0.2857142984867096
1860,1860,0.8571428656578064
1861,1861,1.0
1862,1862,0.2857142984867096
1863,1863,0.8571428656578064
1864,1864,0.8571428656578064
1865,1865,1.0
1866,1866,0.7142857313156128
1867,1867,0.2857142984867096
1868,1868,1.0
1869,1869,0.7142857313156128
1870,1870,0.8571428656578064
1871,1871,1.0
1872,1872,1.0
1873,1873,1.0
1874,1874,1.0
1875,1875,1.0
1876,1876,1.0
1877,1877,1.0
1878,1878,1.0
1879,1879,1.0
1880,1880,1.0
1881,1881,1.0
1882,1882,1.0
1883,1883,1.0
1884,1884,1.0
1885,1885,1.0
1886,1886,1.0
1887,1887,1.0
1888,1888,0.8571428656578064
1889,1889,1.0
1890,1890,1.0
1891,1891,1.0
1892,1892,1.0
1893,1893,1.0
1894,1894,0.0
1895,1895,1.0
1896,1896,1.0
1897,1897,1.0
1898,1898,1.0
1899,1899,1.0
1900,1900,1.0
1901,1901,1.0
1902,1902,1.0
1903,1903,0.1428571492433548
1904,1904,0.0
1905,1905,0.7142857313156128
1906,1906,1.0
1907,1907,1.0
1908,1908,0.2857142984867096
1909,1909,0.4285714328289032
1910,1910,0.4285714328289032
1911,1911,0.8571428656578064
1912,1912,0.0
1913,1913,1.0
1914,1914,0.7142857313156128
1915,1915,0.1428571492433548
1916,1916,1.0
1917,1917,0.7142857313156128
1918,1918,1.0
1919,1919,0.5714285969734192
1920,1920,0.4285714328289032
1921,1921,1.0
1922,1922,0.2857142984867096
1923,1923,1.0
1924,1924,0.7142857313156128
1925,1925,0.2857142984867096
1926,1926,1.0
1927,1927,0.2857142984867096
1928,1928,0.7142857313156128
1929,1929,0.2857142984867096
1930,1930,0.8571428656578064
1931,1931,0.5714285969734192
1932,1932,0.7142857313156128
1933,1933,0.0
1934,1934,0.5714285969734192
1935,1935,1.0
1936,1936,0.5714285969734192
1937,1937,1.0
1938,1938,0.5714285969734192
1939,1939,1.0
1940,1940,0.0
1941,1941,0.4285714328289032
1942,1942,0.0
1943,1943,0.2857142984867096
1944,1944,1.0
1945,1945,0.2857142984867096
1946,1946,0.7142857313156128
1947,1947,0.1428571492433548
1948,1948,0.2857142984867096
1949,1949,0.7142857313156128
1950,1950,1.0
1951,1951,1.0
1952,1952,1.0
1953,1953,1.0
1954,1954,0.5714285969734192
1955,1955,0.5714285969734192
1956,1956,1.0
1957,1957,0.4285714328289032
1958,1958,0.7142857313156128
1959,1959,1.0
1960,1960,1.0
1961,1961,0.8571428656578064
1962,1962,0.7142857313156128
1963,1963,0.5714285969734192
1964,1964,1.0
1965,1965,0.8571428656578064
1966,1966,0.8571428656578064
1967,1967,0.5714285969734192
1968,1968,0.7142857313156128
1969,1969,0.7142857313156128
1970,1970,0.1428571492433548
1971,1971,1.0
1972,1972,0.8571428656578064
1973,1973,0.1428571492433548
1974,1974,0.7142857313156128
1975,1975,0.7142857313156128
1976,1976,0.1428571492433548
1977,1977,0.8571428656578064
1978,1978,0.5714285969734192
1979,1979,0.5714285969734192
1980,1980,0.5714285969734192
1981,1981,1.0
1982,1982,1.0
1983,1983,1.0
1984,1984,1.0
1985,1985,1.0
1986,1986,1.0
1987,1987,1.0
1988,1988,1.0
1989,1989,1.0
1990,1990,1.0
1991,1991,1.0
1992,1992,1.0
1993,1993,1.0
1994,1994,1.0
1995,1995,1.0
1996,1996,1.0
1997,1997,1.0
1998,1998,0.8571428656578064
1999,1999,1.0
2000,2000,1.0
2001,2001,1.0
2002,2002,1.0
2003,2003,1.0
2004,2004,1.0
2005,2005,1.0
2006,2006,1.0
2007,2007,1.0
2008,2008,1.0
2009,2009,1.0
2010,2010,1.0
2011,2011,0.1428571492433548
2012,2012,1.0
2013,2013,0.7142857313156128
2014,2014,0.2857142984867096
2015,2015,0.2857142984867096
2016,2016,0.1428571492433548
2017,2017,0.2857142984867096
2018,2018,1.0
2019,2019,1.0
2020,2020,1.0
2021,2021,0.5714285969734192
2022,2022,1.0
2023,2023,0.2857142984867096
2024,2024,0.2857142984867096
2025,2025,0.4285714328289032
2026,2026,0.8571428656578064
2027,2027,0.2857142984867096
2028,2028,0.8571428656578064
2029,2029,0.5714285969734192
2030,2030,1.0
2031,2031,0.5714285969734192
2032,2032,0.8571428656578064
2033,2033,1.0
2034,2034,1.0
2035,2035,0.5714285969734192
2036,2036,0.8571428656578064
2037,2037,1.0
2038,2038,1.0
2039,2039,0.7142857313156128
2040,2040,0.4285714328289032
2041,2041,0.7142857313156128
2042,2042,0.5714285969734192
2043,2043,0.0
2044,2044,1.0
2045,2045,0.5714285969734192
2046,2046,1.0
2047,2047,0.2857142984867096
2048,2048,0.7142857313156128
2049,2049,0.5714285969734192
2050,2050,0.4285714328289032
2051,2051,1.0
2052,2052,0.7142857313156128
2053,2053,0.8571428656578064
2054,2054,0.2857142984867096
2055,2055,0.5714285969734192
2056,2056,0.8571428656578064
2057,2057,0.7142857313156128
2058,2058,0.7142857313156128
2059,2059,0.8571428656578064
2060,2060,1.0
2061,2061,1.0
2062,2062,1.0
2063,2063,1.0
2064,2064,1.0
2065,2065,0.8571428656578064
2066,2066,1.0
2067,2067,1.0
2068,2068,1.0
2069,2069,1.0
2070,2070,1.0
2071,2071,0.5714285969734192
2072,2072,1.0
2073,2073,0.8571428656578064
2074,2074,0.4285714328289032
2075,2075,0.8571428656578064
2076,2076,1.0
2077,2077,0.8571428656578064
2078,2078,0.4285714328289032
2079,2079,0.4285714328289032
2080,2080,1.0
2081,2081,0.7142857313156128
2082,2082,0.8571428656578064
2083,2083,0.2857142984867096
2084,2084,0.7142857313156128
2085,2085,0.7142857313156128
2086,2086,1.0
2087,2087,0.7142857313156128
2088,2088,0.7142857313156128
2089,2089,0.5714285969734192
2090,2090,0.5714285969734192
2091,2091,1.0
2092,2092,1.0
2093,2093,1.0
2094,2094,1.0
2095,2095,1.0
2096,2096,1.0
2097,2097,1.0
2098,2098,1.0
2099,2099,1.0
2100,2100,1.0
2101,2101,1.0
2102,2102,1.0
2103,2103,1.0
2104,2104,1.0
2105,2105,1.0
2106,2106,1.0
2107,2107,1.0
2108,2108,0.8571428656578064
2109,2109,1.0
2110,2110,1.0
2111,2111,1.0
2112,2112,1.0
2113,2113,1.0
2114,2114,1.0
2115,2115,1.0
2116,2116,1.0
2117,2117,1.0
2118,2118,1.0
2119,2119,1.0
2120,2120,1.0
2121,2121,0.8571428656578064
2122,2122,0.7142857313156128
2123,2123,0.7142857313156128
2124,2124,0.1428571492433548
2125,2125,1.0
2126,2126,1.0
2127,2127,1.0
2128,2128,1.0
2129,2129,1.0
2130,2130,1.0
2131,2131,0.4285714328289032
2132,2132,1.0
2133,2133,1.0
2134,2134,0.2857142984867096
2135,2135,0.5714285969734192
2136,2136,0.8571428656578064
2137,2137,1.0
2138,2138,0.1428571492433548
2139,2139,0.5714285969734192
2140,2140,1.0
2141,2141,0.5714285969734192
2142,2142,0.7142857313156128
2143,2143,0.8571428656578064
2144,2144,0.7142857313156128
2145,2145,0.8571428656578064
2146,2146,0.5714285969734192
2147,2147,0.4285714328289032
2148,2148,0.8571428656578064
2149,2149,0.7142857313156128
2150,2150,1.0
2151,2151,0.1428571492433548
2152,2152,0.5714285969734192
2153,2153,0.8571428656578064
2154,2154,1.0
2155,2155,0.5714285969734192
2156,2156,1.0
2157,2157,0.7142857313156128
2158,2158,0.8571428656578064
2159,2159,0.7142857313156128
2160,2160,0.7142857313156128
2161,2161,0.8571428656578064
2162,2162,0.8571428656578064
2163,2163,1.0
2164,2164,0.1428571492433548
2165,2165,0.5714285969734192
2166,2166,0.7142857313156128
2167,2167,0.8571428656578064
2168,2168,0.7142857313156128
2169,2169,0.4285714328289032
2170,2170,0.5714285969734192
2171,2171,0.5714285969734192
2172,2172,1.0
2173,2173,1.0
2174,2174,0.5714285969734192
2175,2175,1.0
2176,2176,0.7142857313156128
2177,2177,0.0
2178,2178,0.4285714328289032
2179,2179,0.5714285969734192
2180,2180,0.2857142984867096
2181,2181,0.5714285969734192
2182,2182,0.2857142984867096
2183,2183,0.2857142984867096
2184,2184,0.8571428656578064
2185,2185,0.7142857313156128
2186,2186,0.5714285969734192
2187,2187,0.5714285969734192
2188,2188,0.2857142984867096
2189,2189,0.8571428656578064
2190,2190,0.8571428656578064
2191,2191,0.7142857313156128
2192,2192,1.0
2193,2193,1.0
2194,2194,0.8571428656578064
2195,2195,0.7142857313156128
2196,2196,0.7142857313156128
2197,2197,0.7142857313156128
2198,2198,0.2857142984867096
2199,2199,0.7142857313156128
2200,2200,1.0
2201,2201,1.0
2202,2202,1.0
2203,2203,1.0
2204,2204,1.0
2205,2205,1.0
2206,2206,1.0
2207,2207,1.0
2208,2208,1.0
2209,2209,1.0
2210,2210,1.0
2211,2211,1.0
2212,2212,1.0
2213,2213,1.0
2214,2214,1.0
2215,2215,1.0
2216,2216,1.0
2217,2217,1.0
2218,2218,0.8571428656578064
2219,2219,1.0
2220,2220,1.0
2221,2221,1.0
2222,2222,1.0
2223,2223,1.0
2224,2224,1.0
2225,2225,1.0
2226,2226,1.0
2227,2227,1.0
2228,2228,1.0
2229,2229,1.0
2230,2230,1.0
2231,2231,0.8571428656578064
2232,2232,0.8571428656578064
2233,2233,0.4285714328289032
2234,2234,1.0
2235,2235,0.7142857313156128
2236,2236,1.0
2237,2237,1.0
2238,2238,1.0
2239,2239,0.4285714328289032
2240,2240,1.0
2241,2241,0.5714285969734192
2242,2242,0.4285714328289032
2243,2243,0.4285714328289032
2244,2244,0.7142857313156128
2245,2245,0.5714285969734192
2246,2246,0.5714285969734192
2247,2247,0.5714285969734192
2248,2248,0.4285714328289032
2249,2249,1.0
2250,2250,1.0
2251,2251,0.7142857313156128
2252,2252,0.5714285969734192
2253,2253,1.0
2254,2254,0.8571428656578064
2255,2255,0.8571428656578064
2256,2256,0.8571428656578064
2257,2257,0.4285714328289032
2258,2258,0.5714285969734192
2259,2259,0.0
2260,2260,0.7142857313156128
2261,2261,0.4285714328289032
2262,2262,0.7142857313156128
2263,2263,1.0
2264,2264,0.5714285969734192
2265,2265,0.5714285969734192
2266,2266,1.0
2267,2267,0.5714285969734192
2268,2268,0.8571428656578064
2269,2269,0.1428571492433548
2270,2270,1.0
2271,2271,0.8571428656578064
2272,2272,0.7142857313156128
2273,2273,0.7142857313156128
2274,2274,0.0
2275,2275,0.8571428656578064
2276,2276,0.5714285969734192
2277,2277,0.7142857313156128
2278,2278,1.0
2279,2279,0.2857142984867096
2280,2280,0.4285714328289032
2281,2281,0.0
2282,2282,1.0
2283,2283,1.0
2284,2284,0.1428571492433548
2285,2285,0.0
2286,2286,0.7142857313156128
2287,2287,1.0
2288,2288,0.0
2289,2289,0.7142857313156128
2290,2290,0.0
2291,2291,0.7142857313156128
2292,2292,0.8571428656578064
2293,2293,1.0
2294,2294,0.8571428656578064
2295,2295,1.0
2296,2296,0.8571428656578064
2297,2297,0.8571428656578064
2298,2298,0.5714285969734192
2299,2299,1.0
2300,2300,1.0
2301,2301,0.2857142984867096
2302,2302,0.5714285969734192
2303,2303,0.7142857313156128
2304,2304,0.5714285969734192
2305,2305,0.7142857313156128
2306,2306,1.0
2307,2307,0.7142857313156128
2308,2308,0.2857142984867096
2309,2309,0.8571428656578064
2310,2310,0.0
2311,2311,1.0
2312,2312,0.0
2313,2313,1.0
2314,2314,1.0
2315,2315,1.0
2316,2316,1.0
2317,2317,1.0
2318,2318,1.0
2319,2319,1.0
2320,2320,1.0
2321,2321,1.0
2322,2322,1.0
2323,2323,1.0
2324,2324,1.0
2325,2325,1.0
2326,2326,1.0
2327,2327,1.0
2328,2328,0.8571428656578064
2329,2329,1.0
2330,2330,1.0
2331,2331,1.0
2332,2332,1.0
2333,2333,1.0
2334,2334,1.0
2335,2335,1.0
2336,2336,1.0
2337,2337,1.0
2338,2338,1.0
2339,2339,1.0
2340,2340,1.0
2341,2341,0.8571428656578064
2342,2342,0.7142857313156128
2343,2343,0.7142857313156128
2344,2344,1.0
2345,2345,0.8571428656578064
2346,2346,1.0
2347,2347,1.0
2348,2348,0.1428571492433548
2349,2349,1.0
2350,2350,0.4285714328289032
2351,2351,0.4285714328289032
2352,2352,0.2857142984867096
2353,2353,0.5714285969734192
2354,2354,0.7142857313156128
2355,2355,0.5714285969734192
2356,2356,0.7142857313156128
2357,2357,0.5714285969734192
2358,2358,0.7142857313156128
2359,2359,1.0
2360,2360,1.0
2361,2361,1.0
2362,2362,0.7142857313156128
2363,2363,0.4285714328289032
2364,2364,0.8571428656578064
2365,2365,0.5714285969734192
2366,2366,0.5714285969734192
2367,2367,1.0
2368,2368,0.4285714328289032
2369,2369,0.5714285969734192
2370,2370,1.0
2371,2371,1.0
2372,2372,0.5714285969734192
2373,2373,1.0
2374,2374,0.8571428656578064
2375,2375,0.5714285969734192
2376,2376,0.5714285969734192
2377,2377,0.8571428656578064
2378,2378,0.8571428656578064
2379,2379,1.0
2380,2380,0.8571428656578064
2381,2381,0.8571428656578064
2382,2382,0.7142857313156128
2383,2383,0.7142857313156128
2384,2384,0.8571428656578064
2385,2385,0.5714285969734192
2386,2386,0.5714285969734192
2387,2387,0.7142857313156128
2388,2388,0.7142857313156128
2389,2389,1.0
2390,2390,0.8571428656578064
2391,2391,1.0
2392,2392,1.0
2393,2393,1.0
2394,2394,0.8571428656578064
2395,2395,1.0
2396,2396,0.7142857313156128
2397,2397,0.7142857313156128
2398,2398,0.4285714328289032
2399,2399,0.8571428656578064
2400,2400,1.0
2401,2401,0.7142857313156128
2402,2402,1.0
2403,2403,1.0
2404,2404,0.4285714328289032
2405,2405,0.7142857313156128
2406,2406,0.8571428656578064
2407,2407,0.2857142984867096
2408,2408,1.0
2409,2409,0.7142857313156128
2410,2410,0.8571428656578064
2411,2411,0.5714285969734192
2412,2412,0.5714285969734192
2413,2413,0.7142857313156128
2414,2414,0.7142857313156128
2415,2415,1.0
2416,2416,0.5714285969734192
2417,2417,0.5714285969734192
2418,2418,0.8571428656578064
2419,2419,0.5714285969734192
2420,2420,0.5714285969734192
2421,2421,1.0
2422,2422,1.0
2423,2423,1.0
2424,2424,0.1428571492433548
2425,2425,1.0
2426,2426,1.0
2427,2427,1.0
2428,2428,1.0
2429,2429,1.0
2430,2430,1.0
2431,2431,1.0
2432,2432,1.0
2433,2433,1.0
2434,2434,1.0
2435,2435,1.0
2436,2436,1.0
2437,2437,1.0
2438,2438,0.8571428656578064
2439,2439,1.0
2440,2440,1.0
2441,2441,1.0
2442,2442,1.0
2443,2443,1.0
2444,2444,1.0
2445,2445,1.0
2446,2446,1.0
2447,2447,1.0
2448,2448,1.0
2449,2449,1.0
2450,2450,1.0
2451,2451,0.4285714328289032
2452,2452,0.8571428656578064
2453,2453,0.7142857313156128
2454,2454,1.0
2455,2455,0.7142857313156128
2456,2456,1.0
2457,2457,1.0
2458,2458,1.0
2459,2459,1.0
2460,2460,0.4285714328289032
2461,2461,0.2857142984867096
2462,2462,0.8571428656578064
2463,2463,0.5714285969734192
2464,2464,0.2857142984867096
2465,2465,0.1428571492433548
2466,2466,0.8571428656578064
2467,2467,0.4285714328289032
2468,2468,0.1428571492433548
2469,2469,0.4285714328289032
2470,2470,0.8571428656578064
2471,2471,1.0
2472,2472,0.5714285969734192
2473,2473,1.0
2474,2474,0.5714285969734192
2475,2475,0.8571428656578064
2476,2476,0.7142857313156128
2477,2477,0.4285714328289032
2478,2478,1.0
2479,2479,0.4285714328289032
2480,2480,0.5714285969734192
2481,2481,0.2857142984867096
2482,2482,0.7142857313156128
2483,2483,0.2857142984867096
2484,2484,0.2857142984867096
2485,2485,0.8571428656578064
2486,2486,0.8571428656578064
2487,2487,0.8571428656578064
2488,2488,0.7142857313156128
2489,2489,0.1428571492433548
2490,2490,0.7142857313156128
2491,2491,1.0
2492,2492,0.7142857313156128
2493,2493,0.8571428656578064
2494,2494,1.0
2495,2495,0.5714285969734192
2496,2496,1.0
2497,2497,0.2857142984867096
2498,2498,1.0
2499,2499,1.0
2500,2500,0.8571428656578064
2501,2501,1.0
2502,2502,1.0
2503,2503,1.0
2504,2504,0.8571428656578064
2505,2505,0.8571428656578064
2506,2506,0.7142857313156128
2507,2507,1.0
2508,2508,0.4285714328289032
2509,2509,1.0
2510,2510,1.0
2511,2511,1.0
2512,2512,1.0
2513,2513,0.8571428656578064
2514,2514,0.4285714328289032
2515,2515,0.8571428656578064
2516,2516,1.0
2517,2517,0.8571428656578064
2518,2518,0.2857142984867096
2519,2519,0.8571428656578064
2520,2520,1.0
2521,2521,1.0
2522,2522,1.0
2523,2523,1.0
2524,2524,0.8571428656578064
2525,2525,0.7142857313156128
2526,2526,0.5714285969734192
2527,2527,0.7142857313156128
2528,2528,1.0
2529,2529,0.7142857313156128
2530,2530,0.8571428656578064
2531,2531,1.0
2532,2532,1.0
2533,2533,1.0
2534,2534,1.0
2535,2535,1.0
2536,2536,1.0
2537,2537,1.0
2538,2538,1.0
2539,2539,1.0
2540,2540,1.0
2541,2541,1.0
2542,2542,1.0
2543,2543,1.0
2544,2544,1.0
2545,2545,1.0
2546,2546,1.0
2547,2547,1.0
2548,2548,0.8571428656578064
2549,2549,1.0
2550,2550,1.0
2551,2551,1.0
2552,2552,1.0
2553,2553,1.0
2554,2554,1.0
2555,2555,1.0
2556,2556,1.0
2557,2557,1.0
2558,2558,1.0
2559,2559,1.0
2560,2560,1.0
2561,2561,0.8571428656578064
2562,2562,0.8571428656578064
2563,2563,0.4285714328289032
2564,2564,1.0
2565,2565,0.8571428656578064
2566,2566,1.0
2567,2567,0.2857142984867096
2568,2568,1.0
2569,2569,1.0
2570,2570,1.0
2571,2571,1.0
2572,2572,1.0
2573,2573,0.5714285969734192
2574,2574,0.7142857313156128
2575,2575,1.0
2576,2576,1.0
2577,2577,0.7142857313156128
2578,2578,0.8571428656578064
2579,2579,0.7142857313156128
2580,2580,1.0
2581,2581,0.7142857313156128
2582,2582,0.5714285969734192
2583,2583,0.7142857313156128
2584,2584,0.4285714328289032
2585,2585,0.5714285969734192
2586,2586,0.5714285969734192
2587,2587,0.7142857313156128
2588,2588,0.8571428656578064
2589,2589,0.8571428656578064
2590,2590,0.7142857313156128
2591,2591,1.0
2592,2592,0.7142857313156128
2593,2593,1.0
2594,2594,0.4285714328289032
2595,2595,0.8571428656578064
2596,2596,1.0
2597,2597,0.0
2598,2598,1.0
2599,2599,1.0
2600,2600,1.0
2601,2601,0.7142857313156128
2602,2602,1.0
2603,2603,1.0
2604,2604,1.0
2605,2605,0.8571428656578064
2606,2606,0.5714285969734192
2607,2607,0.8571428656578064
2608,2608,0.7142857313156128
2609,2609,0.7142857313156128
2610,2610,0.8571428656578064
2611,2611,1.0
2612,2612,1.0
2613,2613,1.0
2614,2614,1.0
2615,2615,0.5714285969734192
2616,2616,0.7142857313156128
2617,2617,0.4285714328289032
2618,2618,1.0
2619,2619,0.7142857313156128
2620,2620,1.0
2621,2621,0.5714285969734192
2622,2622,0.8571428656578064
2623,2623,1.0
2624,2624,0.4285714328289032
2625,2625,0.7142857313156128
2626,2626,0.8571428656578064
2627,2627,0.8571428656578064
2628,2628,0.8571428656578064
2629,2629,0.7142857313156128
2630,2630,0.8571428656578064
2631,2631,0.7142857313156128
2632,2632,0.8571428656578064
2633,2633,0.7142857313156128
2634,2634,1.0
2635,2635,0.8571428656578064
2636,2636,0.8571428656578064
2637,2637,1.0
2638,2638,0.7142857313156128
2639,2639,1.0
2640,2640,0.8571428656578064
2641,2641,1.0
2642,2642,1.0
2643,2643,1.0
2644,2644,1.0
2645,2645,1.0
2646,2646,1.0
2647,2647,1.0
2648,2648,1.0
2649,2649,0.1428571492433548
2650,2650,1.0
2651,2651,1.0
2652,2652,1.0
2653,2653,1.0
2654,2654,1.0
2655,2655,1.0
2656,2656,1.0
2657,2657,1.0
2658,2658,0.8571428656578064
2659,2659,1.0
2660,2660,1.0
2661,2661,1.0
2662,2662,1.0
2663,2663,1.0
2664,2664,1.0
2665,2665,1.0
2666,2666,1.0
2667,2667,1.0
2668,2668,1.0
2669,2669,1.0
2670,2670,1.0
2671,2671,0.1428571492433548
2672,2672,0.2857142984867096
2673,2673,1.0
2674,2674,1.0
2675,2675,0.7142857313156128
2676,2676,1.0
2677,2677,1.0
2678,2678,0.5714285969734192
2679,2679,0.4285714328289032
2680,2680,1.0
2681,2681,0.5714285969734192
2682,2682,0.5714285969734192
2683,2683,0.5714285969734192
2684,2684,0.7142857313156128
2685,2685,1.0
2686,2686,0.5714285969734192
2687,2687,0.1428571492433548
2688,2688,0.4285714328289032
2689,2689,0.7142857313156128
2690,2690,1.0
2691,2691,0.7142857313156128
2692,2692,0.5714285969734192
2693,2693,0.7142857313156128
2694,2694,0.7142857313156128
2695,2695,1.0
2696,2696,0.8571428656578064
2697,2697,0.2857142984867096
2698,2698,0.8571428656578064
2699,2699,0.4285714328289032
2700,2700,1.0
2701,2701,0.7142857313156128
2702,2702,1.0
2703,2703,1.0
2704,2704,1.0
2705,2705,0.4285714328289032
2706,2706,1.0
2707,2707,0.8571428656578064
2708,2708,0.8571428656578064
2709,2709,1.0
2710,2710,1.0
2711,2711,0.8571428656578064
2712,2712,1.0
2713,2713,1.0
2714,2714,0.5714285969734192
2715,2715,0.5714285969734192
2716,2716,0.8571428656578064
2717,2717,0.7142857313156128
2718,2718,0.8571428656578064
2719,2719,1.0
2720,2720,0.8571428656578064
2721,2721,1.0
2722,2722,1.0
2723,2723,1.0
2724,2724,0.5714285969734192
2725,2725,0.5714285969734192
2726,2726,1.0
2727,2727,0.8571428656578064
2728,2728,1.0
2729,2729,0.7142857313156128
2730,2730,1.0
2731,2731,0.7142857313156128
2732,2732,1.0
2733,2733,0.8571428656578064
2734,2734,0.8571428656578064
2735,2735,1.0
2736,2736,0.8571428656578064
2737,2737,1.0
2738,2738,0.8571428656578064
2739,2739,0.7142857313156128
2740,2740,0.2857142984867096
2741,2741,1.0
2742,2742,0.1428571492433548
2743,2743,0.4285714328289032
2744,2744,0.8571428656578064
2745,2745,0.8571428656578064
2746,2746,0.1428571492433548
2747,2747,1.0
2748,2748,0.0
2749,2749,0.5714285969734192
2750,2750,0.8571428656578064
2751,2751,1.0
2752,2752,1.0
2753,2753,1.0
2754,2754,1.0
2755,2755,1.0
2756,2756,1.0
2757,2757,1.0
2758,2758,1.0
2759,2759,1.0
2760,2760,1.0
2761,2761,1.0
2762,2762,1.0
2763,2763,1.0
2764,2764,1.0
2765,2765,1.0
2766,2766,1.0
2767,2767,1.0
2768,2768,1.0
2769,2769,1.0
2770,2770,1.0
2771,2771,1.0
2772,2772,1.0
2773,2773,1.0
2774,2774,1.0
2775,2775,1.0
2776,2776,1.0
2777,2777,1.0
2778,2778,1.0
2779,2779,1.0
2780,2780,1.0
2781,2781,0.8571428656578064
2782,2782,0.7142857313156128
2783,2783,0.0
2784,2784,1.0
2785,2785,0.7142857313156128
2786,2786,0.4285714328289032
2787,2787,1.0
2788,2788,0.2857142984867096
2789,2789,1.0
2790,2790,1.0
2791,2791,0.5714285969734192
2792,2792,0.8571428656578064
2793,2793,0.5714285969734192
2794,2794,0.7142857313156128
2795,2795,1.0
2796,2796,0.7142857313156128
2797,2797,0.8571428656578064
2798,2798,1.0
2799,2799,1.0
2800,2800,0.8571428656578064
2801,2801,1.0
2802,2802,0.8571428656578064
2803,2803,0.7142857313156128
2804,2804,0.0
2805,2805,1.0
2806,2806,0.5714285969734192
2807,2807,0.5714285969734192
2808,2808,0.0
2809,2809,1.0
2810,2810,0.7142857313156128
2811,2811,0.7142857313156128
2812,2812,0.4285714328289032
2813,2813,0.4285714328289032
2814,2814,0.8571428656578064
2815,2815,0.5714285969734192
2816,2816,0.8571428656578064
2817,2817,1.0
2818,2818,1.0
2819,2819,0.7142857313156128
2820,2820,0.2857142984867096
2821,2821,0.8571428656578064
2822,2822,1.0
2823,2823,0.8571428656578064
2824,2824,1.0
2825,2825,0.5714285969734192
2826,2826,1.0
2827,2827,1.0
2828,2828,0.7142857313156128
2829,2829,1.0
2830,2830,0.8571428656578064
2831,2831,0.5714285969734192
2832,2832,1.0
2833,2833,1.0
2834,2834,0.1428571492433548
2835,2835,0.8571428656578064
2836,2836,0.7142857313156128
2837,2837,0.8571428656578064
2838,2838,1.0
2839,2839,0.5714285969734192
2840,2840,0.7142857313156128
2841,2841,0.7142857313156128
2842,2842,0.8571428656578064
2843,2843,0.5714285969734192
2844,2844,0.4285714328289032
2845,2845,0.7142857313156128
2846,2846,0.5714285969734192
2847,2847,0.0
2848,2848,0.4285714328289032
2849,2849,0.7142857313156128
2850,2850,0.5714285969734192
2851,2851,1.0
2852,2852,0.8571428656578064
2853,2853,0.5714285969734192
2854,2854,1.0
2855,2855,1.0
2856,2856,0.2857142984867096
2857,2857,0.5714285969734192
2858,2858,0.8571428656578064
2859,2859,0.5714285969734192
2860,2860,0.8571428656578064
2861,2861,1.0
2862,2862,1.0
2863,2863,1.0
2864,2864,1.0
2865,2865,1.0
2866,2866,1.0
2867,2867,1.0
2868,2868,1.0
2869,2869,1.0
2870,2870,1.0
2871,2871,1.0
2872,2872,1.0
2873,2873,1.0
2874,2874,1.0
2875,2875,1.0
2876,2876,1.0
2877,2877,1.0
2878,2878,1.0
2879,2879,1.0
2880,2880,1.0
2881,2881,1.0
2882,2882,1.0
2883,2883,1.0
2884,2884,0.0
2885,2885,1.0
2886,2886,1.0
2887,2887,1.0
2888,2888,1.0
2889,2889,1.0
2890,2890,1.0
2891,2891,0.4285714328289032
2892,2892,0.8571428656578064
2893,2893,1.0
2894,2894,1.0
2895,2895,0.8571428656578064
2896,2896,0.4285714328289032
2897,2897,1.0
2898,2898,0.1428571492433548
2899,2899,1.0
2900,2900,0.4285714328289032
2901,2901,0.1428571492433548
2902,2902,1.0
2903,2903,1.0
2904,2904,0.7142857313156128
2905,2905,1.0
2906,2906,0.5714285969734192
2907,2907,0.7142857313156128
2908,2908,0.8571428656578064
2909,2909,0.1428571492433548
2910,2910,0.8571428656578064
2911,2911,0.0
2912,2912,0.5714285969734192
2913,2913,0.1428571492433548
2914,2914,0.8571428656578064
2915,2915,0.8571428656578064
2916,2916,0.7142857313156128
2917,2917,0.0
2918,2918,1.0
2919,2919,1.0
2920,2920,0.7142857313156128
2921,2921,0.7142857313156128
2922,2922,1.0
2923,2923,1.0
2924,2924,0.5714285969734192
2925,2925,0.8571428656578064
2926,2926,0.8571428656578064
2927,2927,0.8571428656578064
2928,2928,1.0
2929,2929,1.0
2930,2930,0.7142857313156128
2931,2931,0.8571428656578064
2932,2932,0.5714285969734192
2933,2933,0.7142857313156128
2934,2934,0.8571428656578064
2935,2935,0.8571428656578064
2936,2936,0.8571428656578064
2937,2937,0.7142857313156128
2938,2938,0.8571428656578064
2939,2939,0.7142857313156128
2940,2940,0.8571428656578064
2941,2941,1.0
2942,2942,1.0
2943,2943,1.0
2944,2944,1.0
2945,2945,0.5714285969734192
2946,2946,0.7142857313156128
2947,2947,0.4285714328289032
2948,2948,1.0
2949,2949,0.8571428656578064
2950,2950,0.8571428656578064
2951,2951,1.0
2952,2952,1.0
2953,2953,1.0
2954,2954,0.1428571492433548
2955,2955,0.8571428656578064
2956,2956,1.0
2957,2957,0.5714285969734192
2958,2958,1.0
2959,2959,0.4285714328289032
2960,2960,0.5714285969734192
2961,2961,0.7142857313156128
2962,2962,0.8571428656578064
2963,2963,0.0
2964,2964,0.8571428656578064
2965,2965,0.7142857313156128
2966,2966,0.8571428656578064
2967,2967,0.7142857313156128
2968,2968,0.8571428656578064
2969,2969,0.8571428656578064
2970,2970,0.7142857313156128
2971,2971,1.0
2972,2972,1.0
2973,2973,1.0
2974,2974,1.0
2975,2975,1.0
2976,2976,1.0
2977,2977,1.0
2978,2978,1.0
2979,2979,1.0
2980,2980,1.0
2981,2981,1.0
2982,2982,1.0
2983,2983,1.0
2984,2984,1.0
2985,2985,1.0
2986,2986,1.0
2987,2987,1.0
2988,2988,0.8571428656578064
2989,2989,1.0
2990,2990,1.0
2991,2991,1.0
2992,2992,1.0
2993,2993,1.0
2994,2994,1.0
2995,2995,1.0
2996,2996,1.0
2997,2997,1.0
2998,2998,1.0
2999,2999,1.0
3000,3000,1.0
3001,3001,0.1428571492433548
3002,3002,0.7142857313156128
3003,3003,0.4285714328289032
3004,3004,0.4285714328289032
3005,3005,0.7142857313156128
3006,3006,1.0
3007,3007,0.0
3008,3008,1.0
3009,3009,1.0
3010,3010,0.4285714328289032
3011,3011,0.7142857313156128
3012,3012,0.8571428656578064
3013,3013,1.0
3014,3014,0.7142857313156128
3015,3015,0.2857142984867096
3016,3016,1.0
3017,3017,0.2857142984867096
3018,3018,1.0
3019,3019,0.8571428656578064
3020,3020,0.8571428656578064
3021,3021,0.0
3022,3022,0.8571428656578064
3023,3023,0.4285714328289032
3024,3024,1.0
3025,3025,1.0
3026,3026,1.0
3027,3027,0.7142857313156128
3028,3028,0.4285714328289032
3029,3029,1.0
3030,3030,0.2857142984867096
3031,3031,0.1428571492433548
3032,3032,1.0
3033,3033,0.7142857313156128
3034,3034,1.0
3035,3035,0.5714285969734192
3036,3036,0.0
3037,3037,0.5714285969734192
3038,3038,0.7142857313156128
3039,3039,0.4285714328289032
3040,3040,1.0
3041,3041,0.7142857313156128
3042,3042,1.0
3043,3043,0.5714285969734192
3044,3044,0.8571428656578064
3045,3045,0.1428571492433548
3046,3046,0.7142857313156128
3047,3047,1.0
3048,3048,0.7142857313156128
3049,3049,0.7142857313156128
3050,3050,0.8571428656578064
3051,3051,0.5714285969734192
3052,3052,1.0
3053,3053,1.0
3054,3054,1.0
3055,3055,0.0
3056,3056,0.7142857313156128
3057,3057,1.0
3058,3058,0.0
3059,3059,0.5714285969734192
3060,3060,0.1428571492433548
3061,3061,0.7142857313156128
3062,3062,0.8571428656578064
3063,3063,0.5714285969734192
3064,3064,1.0
3065,3065,1.0
3066,3066,0.8571428656578064
3067,3067,0.2857142984867096
3068,3068,0.0
3069,3069,0.0
3070,3070,0.4285714328289032
3071,3071,0.7142857313156128
3072,3072,0.5714285969734192
3073,3073,0.4285714328289032
3074,3074,0.4285714328289032
3075,3075,0.7142857313156128
3076,3076,0.7142857313156128
3077,3077,1.0
3078,3078,0.5714285969734192
3079,3079,1.0
3080,3080,1.0
3081,3081,1.0
3082,3082,1.0
3083,3083,1.0
3084,3084,1.0
3085,3085,1.0
3086,3086,1.0
3087,3087,1.0
3088,3088,1.0
3089,3089,1.0
3090,3090,1.0
3091,3091,1.0
3092,3092,1.0
3093,3093,1.0
3094,3094,1.0
3095,3095,1.0
3096,3096,1.0
3097,3097,1.0
3098,3098,0.8571428656578064
3099,3099,1.0
3100,3100,1.0
3101,3101,1.0
3102,3102,1.0
3103,3103,1.0
3104,3104,1.0
3105,3105,1.0
3106,3106,1.0
3107,3107,1.0
3108,3108,1.0
3109,3109,1.0
3110,3110,1.0
3111,3111,0.1428571492433548
3112,3112,0.7142857313156128
3113,3113,0.4285714328289032
3114,3114,1.0
3115,3115,0.8571428656578064
3116,3116,1.0
3117,3117,1.0
3118,3118,0.5714285969734192
3119,3119,0.4285714328289032
3120,3120,0.4285714328289032
3121,3121,0.5714285969734192
3122,3122,0.8571428656578064
3123,3123,0.2857142984867096
3124,3124,0.7142857313156128
3125,3125,1.0
3126,3126,0.7142857313156128
3127,3127,0.4285714328289032
3128,3128,0.8571428656578064
3129,3129,1.0
3130,3130,0.5714285969734192
3131,3131,1.0
3132,3132,1.0
3133,3133,0.7142857313156128
3134,3134,0.7142857313156128
3135,3135,1.0
3136,3136,0.5714285969734192
3137,3137,0.5714285969734192
3138,3138,0.8571428656578064
3139,3139,1.0
3140,3140,0.4285714328289032
3141,3141,1.0
3142,3142,0.7142857313156128
3143,3143,0.2857142984867096
3144,3144,1.0
3145,3145,0.4285714328289032
3146,3146,1.0
3147,3147,0.0
3148,3148,1.0
3149,3149,0.7142857313156128
3150,3150,0.5714285969734192
3151,3151,1.0
3152,3152,0.5714285969734192
3153,3153,1.0
3154,3154,0.1428571492433548
3155,3155,0.4285714328289032
3156,3156,1.0
3157,3157,0.7142857313156128
3158,3158,1.0
3159,3159,1.0
3160,3160,0.0
3161,3161,0.0
3162,3162,1.0
3163,3163,1.0
3164,3164,0.5714285969734192
3165,3165,0.8571428656578064
3166,3166,1.0
3167,3167,0.2857142984867096
3168,3168,1.0
3169,3169,1.0
3170,3170,1.0
3171,3171,0.2857142984867096
3172,3172,0.8571428656578064
3173,3173,0.7142857313156128
3174,3174,0.8571428656578064
3175,3175,0.7142857313156128
3176,3176,1.0
3177,3177,0.0
3178,3178,1.0
3179,3179,0.7142857313156128
3180,3180,0.8571428656578064
3181,3181,0.7142857313156128
3182,3182,1.0
3183,3183,0.5714285969734192
3184,3184,1.0
3185,3185,0.8571428656578064
3186,3186,1.0
3187,3187,1.0
3188,3188,0.8571428656578064
3189,3189,1.0
3190,3190,0.7142857313156128
3191,3191,1.0
3192,3192,1.0
3193,3193,1.0
3194,3194,1.0
3195,3195,1.0
3196,3196,1.0
3197,3197,1.0
3198,3198,1.0
3199,3199,1.0
3200,3200,1.0
3201,3201,1.0
3202,3202,1.0
3203,3203,1.0
3204,3204,1.0
3205,3205,1.0
3206,3206,1.0
3207,3207,1.0
3208,3208,0.8571428656578064
3209,3209,1.0
3210,3210,1.0
3211,3211,1.0
3212,3212,1.0
3213,3213,1.0
3214,3214,1.0
3215,3215,1.0
3216,3216,1.0
3217,3217,1.0
3218,3218,1.0
3219,3219,1.0
3220,3220,1.0
3221,3221,0.4285714328289032
3222,3222,0.1428571492433548
3223,3223,0.7142857313156128
3224,3224,1.0
3225,3225,0.8571428656578064
3226,3226,1.0
3227,3227,1.0
3228,3228,0.0
3229,3229,0.0
3230,3230,1.0
3231,3231,0.8571428656578064
3232,3232,0.0
3233,3233,1.0
3234,3234,0.7142857313156128
3235,3235,1.0
3236,3236,0.7142857313156128
3237,3237,0.5714285969734192
3238,3238,1.0
3239,3239,0.7142857313156128
3240,3240,0.8571428656578064
3241,3241,0.5714285969734192
3242,3242,0.7142857313156128
3243,3243,0.8571428656578064
3244,3244,1.0
3245,3245,0.5714285969734192
3246,3246,1.0
3247,3247,0.4285714328289032
3248,3248,1.0
3249,3249,0.4285714328289032
3250,3250,0.5714285969734192
3251,3251,0.8571428656578064
3252,3252,1.0
3253,3253,1.0
3254,3254,1.0
3255,3255,1.0
3256,3256,0.5714285969734192
3257,3257,0.7142857313156128
3258,3258,0.4285714328289032
3259,3259,1.0
3260,3260,0.8571428656578064
3261,3261,0.5714285969734192
3262,3262,1.0
3263,3263,1.0
3264,3264,0.8571428656578064
3265,3265,1.0
3266,3266,1.0
3267,3267,0.8571428656578064
3268,3268,0.8571428656578064
3269,3269,0.7142857313156128
3270,3270,0.8571428656578064
3271,3271,0.5714285969734192
3272,3272,1.0
3273,3273,1.0
3274,3274,1.0
3275,3275,1.0
3276,3276,0.7142857313156128
3277,3277,0.8571428656578064
3278,3278,1.0
3279,3279,0.7142857313156128
3280,3280,1.0
3281,3281,1.0
3282,3282,1.0
3283,3283,0.8571428656578064
3284,3284,1.0
3285,3285,1.0
3286,3286,0.5714285969734192
3287,3287,0.8571428656578064
3288,3288,0.0
3289,3289,0.7142857313156128
3290,3290,1.0
3291,3291,1.0
3292,3292,1.0
3293,3293,0.7142857313156128
3294,3294,0.8571428656578064
3295,3295,0.8571428656578064
3296,3296,0.8571428656578064
3297,3297,0.8571428656578064
3298,3298,0.8571428656578064
3299,3299,0.8571428656578064
3300,3300,0.2857142984867096
3301,3301,1.0
3302,3302,0.0
3303,3303,1.0
3304,3304,0.1428571492433548
3305,3305,1.0
3306,3306,1.0
3307,3307,1.0
3308,3308,1.0
3309,3309,1.0
3310,3310,1.0
3311,3311,1.0
3312,3312,1.0
3313,3313,1.0
3314,3314,1.0
3315,3315,1.0
3316,3316,1.0
3317,3317,1.0
3318,3318,0.8571428656578064
3319,3319,1.0
3320,3320,1.0
3321,3321,1.0
3322,3322,1.0
3323,3323,1.0
3324,3324,1.0
3325,3325,1.0
3326,3326,1.0
3327,3327,1.0
3328,3328,1.0
3329,3329,1.0
3330,3330,1.0
3331,3331,0.8571428656578064
3332,3332,0.7142857313156128
3333,3333,1.0
3334,3334,0.0
3335,3335,0.7142857313156128
3336,3336,1.0
3337,3337,1.0
3338,3338,1.0
3339,3339,1.0
3340,3340,1.0
3341,3341,0.5714285969734192
3342,3342,0.8571428656578064
3343,3343,0.5714285969734192
3344,3344,0.7142857313156128
3345,3345,0.5714285969734192
3346,3346,1.0
3347,3347,0.7142857313156128
3348,3348,1.0
3349,3349,1.0
3350,3350,0.8571428656578064
3351,3351,0.7142857313156128
3352,3352,1.0
3353,3353,1.0
3354,3354,0.8571428656578064
3355,3355,0.8571428656578064
3356,3356,0.8571428656578064
3357,3357,0.5714285969734192
3358,3358,1.0
3359,3359,0.8571428656578064
3360,3360,1.0
3361,3361,1.0
3362,3362,0.8571428656578064
3363,3363,0.8571428656578064
3364,3364,1.0
3365,3365,0.8571428656578064
3366,3366,0.8571428656578064
3367,3367,0.7142857313156128
3368,3368,0.8571428656578064
3369,3369,0.7142857313156128
3370,3370,0.8571428656578064
3371,3371,1.0
3372,3372,0.8571428656578064
3373,3373,0.2857142984867096
3374,3374,0.5714285969734192
3375,3375,0.8571428656578064
3376,3376,0.8571428656578064
3377,3377,0.7142857313156128
3378,3378,0.7142857313156128
3379,3379,0.8571428656578064
3380,3380,0.8571428656578064
3381,3381,0.5714285969734192
3382,3382,1.0
3383,3383,1.0
3384,3384,0.8571428656578064
3385,3385,0.5714285969734192
3386,3386,1.0
3387,3387,0.2857142984867096
3388,3388,0.4285714328289032
3389,3389,1.0
3390,3390,0.8571428656578064
3391,3391,1.0
3392,3392,0.8571428656578064
3393,3393,0.8571428656578064
3394,3394,0.8571428656578064
3395,3395,0.7142857313156128
3396,3396,1.0
3397,3397,0.2857142984867096
3398,3398,0.8571428656578064
3399,3399,1.0
3400,3400,0.8571428656578064
3401,3401,0.7142857313156128
3402,3402,0.2857142984867096
3403,3403,0.7142857313156128
3404,3404,0.7142857313156128
3405,3405,1.0
3406,3406,1.0
3407,3407,0.7142857313156128
3408,3408,0.7142857313156128
3409,3409,1.0
3410,3410,0.8571428656578064
3411,3411,1.0
3412,3412,1.0
3413,3413,1.0
3414,3414,1.0
3415,3415,1.0
3416,3416,1.0
3417,3417,1.0
3418,3418,1.0
3419,3419,1.0
3420,3420,1.0
3421,3421,1.0
3422,3422,1.0
3423,3423,1.0
3424,3424,1.0
3425,3425,1.0
3426,3426,1.0
3427,3427,1.0
3428,3428,1.0
3429,3429,1.0
3430,3430,1.0
3431,3431,1.0
3432,3432,1.0
3433,3433,1.0
3434,3434,0.0
3435,3435,1.0
3436,3436,1.0
3437,3437,1.0
3438,3438,1.0
3439,3439,1.0
3440,3440,1.0
3441,3441,0.8571428656578064
3442,3442,0.0
3443,3443,1.0
3444,3444,1.0
3445,3445,0.7142857313156128
3446,3446,1.0
3447,3447,1.0
3448,3448,1.0
3449,3449,1.0
3450,3450,0.4285714328289032
3451,3451,0.5714285969734192
3452,3452,0.8571428656578064
3453,3453,0.5714285969734192
3454,3454,0.7142857313156128
3455,3455,1.0
3456,3456,1.0
3457,3457,0.7142857313156128
3458,3458,0.8571428656578064
3459,3459,0.8571428656578064
3460,3460,0.8571428656578064
3461,3461,1.0
3462,3462,0.5714285969734192
3463,3463,0.7142857313156128
3464,3464,0.7142857313156128
3465,3465,0.5714285969734192
3466,3466,0.5714285969734192
3467,3467,0.5714285969734192
3468,3468,0.7142857313156128
3469,3469,1.0
3470,3470,0.7142857313156128
3471,3471,0.5714285969734192
3472,3472,0.1428571492433548
3473,3473,0.8571428656578064
3474,3474,1.0
3475,3475,0.8571428656578064
3476,3476,0.4285714328289032
3477,3477,0.8571428656578064
3478,3478,0.8571428656578064
3479,3479,0.7142857313156128
3480,3480,1.0
3481,3481,0.8571428656578064
3482,3482,0.7142857313156128
3483,3483,1.0
3484,3484,0.8571428656578064
3485,3485,0.8571428656578064
3486,3486,0.8571428656578064
3487,3487,1.0
3488,3488,0.8571428656578064
3489,3489,0.4285714328289032
3490,3490,0.8571428656578064
3491,3491,0.0
3492,3492,1.0
3493,3493,1.0
3494,3494,0.8571428656578064
3495,3495,0.8571428656578064
3496,3496,1.0
3497,3497,0.1428571492433548
3498,3498,1.0
3499,3499,1.0
3500,3500,0.5714285969734192
3501,3501,1.0
3502,3502,1.0
3503,3503,0.7142857313156128
3504,3504,1.0
3505,3505,0.8571428656578064
3506,3506,0.8571428656578064
3507,3507,0.8571428656578064
3508,3508,0.8571428656578064
3509,3509,0.0
3510,3510,0.4285714328289032
3511,3511,1.0
3512,3512,0.2857142984867096
3513,3513,0.8571428656578064
3514,3514,0.8571428656578064
3515,3515,0.7142857313156128
3516,3516,1.0
3517,3517,1.0
3518,3518,0.8571428656578064
3519,3519,1.0
3520,3520,0.2857142984867096
3521,3521,1.0
3522,3522,1.0
3523,3523,1.0
3524,3524,1.0
3525,3525,1.0
3526,3526,1.0
3527,3527,1.0
3528,3528,1.0
3529,3529,1.0
3530,3530,1.0
3531,3531,1.0
3532,3532,1.0
3533,3533,1.0
3534,3534,1.0
3535,3535,1.0
3536,3536,1.0
3537,3537,1.0
3538,3538,1.0
3539,3539,1.0
3540,3540,1.0
3541,3541,1.0
3542,3542,1.0
3543,3543,1.0
3544,3544,1.0
3545,3545,1.0
3546,3546,1.0
3547,3547,1.0
3548,3548,1.0
3549,3549,1.0
3550,3550,1.0
3551,3551,0.8571428656578064
3552,3552,0.2857142984867096
3553,3553,1.0
3554,3554,1.0
3555,3555,0.7142857313156128
3556,3556,1.0
3557,3557,1.0
3558,3558,1.0
3559,3559,1.0
3560,3560,0.4285714328289032
3561,3561,0.5714285969734192
3562,3562,0.5714285969734192
3563,3563,1.0
3564,3564,0.7142857313156128
3565,3565,0.7142857313156128
3566,3566,0.7142857313156128
3567,3567,0.7142857313156128
3568,3568,1.0
3569,3569,1.0
3570,3570,0.5714285969734192
3571,3571,1.0
3572,3572,0.5714285969734192
3573,3573,0.7142857313156128
3574,3574,0.8571428656578064
3575,3575,0.8571428656578064
3576,3576,0.5714285969734192
3577,3577,1.0
3578,3578,1.0
3579,3579,1.0
3580,3580,0.7142857313156128
3581,3581,1.0
3582,3582,0.4285714328289032
3583,3583,0.4285714328289032
3584,3584,0.4285714328289032
3585,3585,0.8571428656578064
3586,3586,1.0
3587,3587,0.8571428656578064
3588,3588,0.4285714328289032
3589,3589,0.7142857313156128
3590,3590,0.8571428656578064
3591,3591,1.0
3592,3592,1.0
3593,3593,1.0
3594,3594,1.0
3595,3595,0.5714285969734192
3596,3596,0.5714285969734192
3597,3597,0.8571428656578064
3598,3598,0.8571428656578064
3599,3599,0.7142857313156128
3600,3600,0.8571428656578064
3601,3601,0.5714285969734192
3602,3602,1.0
3603,3603,1.0
3604,3604,0.5714285969734192
3605,3605,0.8571428656578064
3606,3606,0.7142857313156128
3607,3607,0.2857142984867096
3608,3608,0.7142857313156128
3609,3609,0.1428571492433548
3610,3610,0.7142857313156128
3611,3611,1.0
3612,3612,0.5714285969734192
3613,3613,1.0
3614,3614,0.7142857313156128
3615,3615,0.7142857313156128
3616,3616,0.8571428656578064
3617,3617,0.8571428656578064
3618,3618,1.0
3619,3619,1.0
3620,3620,1.0
3621,3621,1.0
3622,3622,0.8571428656578064
3623,3623,0.4285714328289032
3624,3624,0.5714285969734192
3625,3625,0.7142857313156128
3626,3626,0.0
3627,3627,1.0
3628,3628,0.8571428656578064
3629,3629,0.8571428656578064
3630,3630,0.4285714328289032
3631,3631,1.0
3632,3632,1.0
3633,3633,1.0
3634,3634,1.0
3635,3635,1.0
3636,3636,1.0
3637,3637,1.0
3638,3638,1.0
3639,3639,1.0
3640,3640,1.0
3641,3641,1.0
3642,3642,1.0
3643,3643,1.0
3644,3644,1.0
3645,3645,1.0
3646,3646,1.0
3647,3647,1.0
3648,3648,1.0
3649,3649,1.0
3650,3650,1.0
3651,3651,1.0
3652,3652,1.0
3653,3653,1.0
3654,3654,1.0
3655,3655,1.0
3656,3656,1.0
3657,3657,1.0
3658,3658,1.0
3659,3659,1.0
3660,3660,1.0
3661,3661,0.4285714328289032
3662,3662,0.7142857313156128
3663,3663,1.0
3664,3664,1.0
3665,3665,0.7142857313156128
3666,3666,1.0
3667,3667,1.0
3668,3668,0.2857142984867096
3669,3669,1.0
3670,3670,0.4285714328289032
3671,3671,0.5714285969734192
3672,3672,0.4285714328289032
3673,3673,0.4285714328289032
3674,3674,0.7142857313156128
3675,3675,1.0
3676,3676,0.7142857313156128
3677,3677,0.8571428656578064
3678,3678,1.0
3679,3679,1.0
3680,3680,1.0
3681,3681,0.5714285969734192
3682,3682,1.0
3683,3683,0.4285714328289032
3684,3684,0.4285714328289032
3685,3685,1.0
3686,3686,1.0
3687,3687,0.8571428656578064
3688,3688,1.0
3689,3689,1.0
3690,3690,0.5714285969734192
3691,3691,1.0
3692,3692,1.0
3693,3693,1.0
3694,3694,0.5714285969734192
3695,3695,0.8571428656578064
3696,3696,1.0
3697,3697,1.0
3698,3698,1.0
3699,3699,0.4285714328289032
3700,3700,1.0
3701,3701,1.0
3702,3702,0.8571428656578064
3703,3703,0.7142857313156128
3704,3704,1.0
3705,3705,0.5714285969734192
3706,3706,0.4285714328289032
3707,3707,0.2857142984867096
3708,3708,1.0
3709,3709,1.0
3710,3710,0.8571428656578064
3711,3711,1.0
3712,3712,1.0
3713,3713,1.0
3714,3714,0.8571428656578064
3715,3715,1.0
3716,3716,0.7142857313156128
3717,3717,0.8571428656578064
3718,3718,1.0
3719,3719,1.0
3720,3720,0.8571428656578064
3721,3721,1.0
3722,3722,1.0
3723,3723,0.8571428656578064
3724,3724,1.0
3725,3725,1.0
3726,3726,1.0
3727,3727,0.5714285969734192
3728,3728,0.8571428656578064
3729,3729,0.5714285969734192
3730,3730,0.8571428656578064
3731,3731,1.0
3732,3732,0.8571428656578064
3733,3733,0.1428571492433548
3734,3734,0.8571428656578064
3735,3735,0.8571428656578064
3736,3736,0.5714285969734192
3737,3737,1.0
3738,3738,0.5714285969734192
3739,3739,0.5714285969734192
3740,3740,0.8571428656578064
3741,3741,1.0
3742,3742,1.0
3743,3743,1.0
3744,3744,1.0
3745,3745,1.0
3746,3746,1.0
3747,3747,1.0
3748,3748,1.0
3749,3749,1.0
3750,3750,1.0
3751,3751,1.0
3752,3752,1.0
3753,3753,1.0
3754,3754,1.0
3755,3755,1.0
3756,3756,1.0
3757,3757,1.0
3758,3758,1.0
3759,3759,1.0
3760,3760,1.0
3761,3761,1.0
3762,3762,1.0
3763,3763,1.0
3764,3764,1.0
3765,3765,1.0
3766,3766,1.0
3767,3767,1.0
3768,3768,1.0
3769,3769,1.0
3770,3770,1.0
3771,3771,1.0
3772,3772,1.0
3773,3773,1.0
3774,3774,1.0
3775,3775,0.8571428656578064
3776,3776,1.0
3777,3777,0.2857142984867096
3778,3778,1.0
3779,3779,1.0
3780,3780,1.0
3781,3781,0.5714285969734192
3782,3782,0.8571428656578064
3783,3783,0.5714285969734192
3784,3784,1.0
3785,3785,0.5714285969734192
3786,3786,0.2857142984867096
3787,3787,0.7142857313156128
3788,3788,1.0
3789,3789,0.1428571492433548
3790,3790,0.8571428656578064
3791,3791,0.5714285969734192
3792,3792,0.7142857313156128
3793,3793,0.7142857313156128
3794,3794,0.7142857313156128
3795,3795,1.0
3796,3796,0.5714285969734192
3797,3797,1.0
3798,3798,0.8571428656578064
3799,3799,1.0
3800,3800,1.0
3801,3801,1.0
3802,3802,0.7142857313156128
3803,3803,1.0
3804,3804,1.0
3805,3805,0.8571428656578064
3806,3806,1.0
3807,3807,0.8571428656578064
3808,3808,0.4285714328289032
3809,3809,1.0
3810,3810,0.8571428656578064
3811,3811,0.7142857313156128
3812,3812,1.0
3813,3813,0.8571428656578064
3814,3814,0.8571428656578064
3815,3815,0.4285714328289032
3816,3816,0.8571428656578064
3817,3817,0.4285714328289032
3818,3818,0.8571428656578064
3819,3819,0.7142857313156128
3820,3820,0.8571428656578064
3821,3821,0.5714285969734192
3822,3822,1.0
3823,3823,1.0
3824,3824,1.0
3825,3825,0.5714285969734192
3826,3826,1.0
3827,3827,0.7142857313156128
3828,3828,1.0
3829,3829,1.0
3830,3830,0.7142857313156128
3831,3831,0.7142857313156128
3832,3832,1.0
3833,3833,1.0
3834,3834,0.8571428656578064
3835,3835,0.4285714328289032
3836,3836,0.8571428656578064
3837,3837,0.8571428656578064
3838,3838,0.7142857313156128
3839,3839,0.8571428656578064
3840,3840,0.8571428656578064
3841,3841,0.7142857313156128
3842,3842,1.0
3843,3843,0.5714285969734192
3844,3844,0.8571428656578064
3845,3845,0.8571428656578064
3846,3846,0.8571428656578064
3847,3847,1.0
3848,3848,0.8571428656578064
3849,3849,1.0
3850,3850,0.7142857313156128
3851,3851,1.0
3852,3852,1.0
3853,3853,1.0
3854,3854,1.0
3855,3855,1.0
3856,3856,1.0
3857,3857,1.0
3858,3858,1.0
3859,3859,1.0
3860,3860,1.0
3861,3861,1.0
3862,3862,1.0
3863,3863,1.0
3864,3864,1.0
3865,3865,1.0
3866,3866,1.0
3867,3867,1.0
3868,3868,0.8571428656578064
3869,3869,1.0
3870,3870,1.0
3871,3871,1.0
3872,3872,1.0
3873,3873,1.0
3874,3874,1.0
3875,3875,1.0
3876,3876,1.0
3877,3877,1.0
3878,3878,1.0
3879,3879,1.0
3880,3880,1.0
3881,3881,0.8571428656578064
3882,3882,0.7142857313156128
3883,3883,0.7142857313156128
3884,3884,1.0
3885,3885,0.7142857313156128
3886,3886,1.0
3887,3887,1.0
3888,3888,0.5714285969734192
3889,3889,1.0
3890,3890,1.0
3891,3891,0.5714285969734192
3892,3892,0.8571428656578064
3893,3893,0.5714285969734192
3894,3894,1.0
3895,3895,0.5714285969734192
3896,3896,1.0
3897,3897,0.8571428656578064
3898,3898,0.8571428656578064
3899,3899,1.0
3900,3900,1.0
3901,3901,0.7142857313156128
3902,3902,0.7142857313156128
3903,3903,0.7142857313156128
3904,3904,0.7142857313156128
3905,3905,1.0
3906,3906,1.0
3907,3907,0.5714285969734192
3908,3908,0.8571428656578064
3909,3909,1.0
3910,3910,1.0
3911,3911,1.0
3912,3912,0.7142857313156128
3913,3913,0.8571428656578064
3914,3914,0.5714285969734192
3915,3915,0.4285714328289032
3916,3916,0.4285714328289032
3917,3917,1.0
3918,3918,0.4285714328289032
3919,3919,0.4285714328289032
3920,3920,0.4285714328289032
3921,3921,0.8571428656578064
3922,3922,0.8571428656578064
3923,3923,0.7142857313156128
3924,3924,0.5714285969734192
3925,3925,1.0
3926,3926,0.7142857313156128
3927,3927,0.4285714328289032
3928,3928,0.8571428656578064
3929,3929,1.0
3930,3930,0.8571428656578064
3931,3931,0.5714285969734192
3932,3932,1.0
3933,3933,1.0
3934,3934,1.0
3935,3935,1.0
3936,3936,0.7142857313156128
3937,3937,0.5714285969734192
3938,3938,1.0
3939,3939,0.5714285969734192
3940,3940,1.0
3941,3941,0.5714285969734192
3942,3942,0.8571428656578064
3943,3943,0.8571428656578064
3944,3944,0.8571428656578064
3945,3945,0.0
3946,3946,0.1428571492433548
3947,3947,0.5714285969734192
3948,3948,0.1428571492433548
3949,3949,0.7142857313156128
3950,3950,1.0
3951,3951,0.8571428656578064
3952,3952,1.0
3953,3953,0.7142857313156128
3954,3954,0.8571428656578064
3955,3955,0.7142857313156128
3956,3956,0.5714285969734192
3957,3957,0.7142857313156128
3958,3958,0.7142857313156128
3959,3959,0.8571428656578064
3960,3960,1.0
3961,3961,1.0
3962,3962,1.0
3963,3963,1.0
3964,3964,1.0
3965,3965,1.0
3966,3966,1.0
3967,3967,1.0
3968,3968,1.0
3969,3969,1.0
3970,3970,1.0
3971,3971,1.0
3972,3972,1.0
3973,3973,1.0
3974,3974,1.0
3975,3975,1.0
3976,3976,1.0
3977,3977,1.0
3978,3978,0.8571428656578064
3979,3979,1.0
3980,3980,1.0
3981,3981,1.0
3982,3982,1.0
3983,3983,1.0
3984,3984,1.0
3985,3985,1.0
3986,3986,1.0
3987,3987,1.0
3988,3988,1.0
3989,3989,1.0
3990,3990,1.0
3991,3991,0.4285714328289032
3992,3992,0.7142857313156128
3993,3993,1.0
3994,3994,0.0
3995,3995,0.7142857313156128
3996,3996,1.0
3997,3997,1.0
3998,3998,1.0
3999,3999,0.4285714328289032
4000,4000,1.0
4001,4001,0.4285714328289032
4002,4002,0.8571428656578064
4003,4003,1.0
4004,4004,0.7142857313156128
4005,4005,1.0
4006,4006,1.0
4007,4007,0.8571428656578064
4008,4008,0.8571428656578064
4009,4009,0.5714285969734192
4010,4010,1.0
4011,4011,0.7142857313156128
4012,4012,1.0
4013,4013,0.7142857313156128
4014,4014,0.7142857313156128
4015,4015,1.0
4016,4016,1.0
4017,4017,0.7142857313156128
4018,4018,0.8571428656578064
4019,4019,1.0
4020,4020,1.0
4021,4021,1.0
4022,4022,0.8571428656578064
4023,4023,1.0
4024,4024,1.0
4025,4025,0.8571428656578064
4026,4026,0.8571428656578064
4027,4027,1.0
4028,4028,1.0
4029,4029,0.7142857313156128
4030,4030,1.0
4031,4031,1.0
4032,4032,0.5714285969734192
4033,4033,1.0
4034,4034,0.8571428656578064
4035,4035,1.0
4036,4036,0.7142857313156128
4037,4037,1.0
4038,4038,0.8571428656578064
4039,4039,0.8571428656578064
4040,4040,0.8571428656578064
4041,4041,0.5714285969734192
4042,4042,1.0
4043,4043,1.0
4044,4044,1.0
4045,4045,1.0
4046,4046,1.0
4047,4047,0.7142857313156128
4048,4048,0.5714285969734192
4049,4049,1.0
4050,4050,0.8571428656578064
4051,4051,0.7142857313156128
4052,4052,0.8571428656578064
4053,4053,1.0
4054,4054,0.8571428656578064
4055,4055,0.8571428656578064
4056,4056,1.0
4057,4057,0.1428571492433548
4058,4058,0.8571428656578064
4059,4059,0.7142857313156128
4060,4060,1.0
4061,4061,0.7142857313156128
4062,4062,1.0
4063,4063,0.5714285969734192
4064,4064,0.1428571492433548
4065,4065,0.8571428656578064
4066,4066,0.8571428656578064
4067,4067,0.7142857313156128
4068,4068,0.8571428656578064
4069,4069,0.8571428656578064
4070,4070,1.0
4071,4071,1.0
4072,4072,1.0
4073,4073,1.0
4074,4074,0.1428571492433548
4075,4075,1.0
4076,4076,1.0
4077,4077,1.0
4078,4078,1.0
4079,4079,1.0
4080,4080,1.0
4081,4081,1.0
4082,4082,1.0
4083,4083,1.0
4084,4084,1.0
4085,4085,1.0
4086,4086,1.0
4087,4087,1.0
4088,4088,1.0
4089,4089,1.0
4090,4090,1.0
4091,4091,1.0
4092,4092,1.0
4093,4093,1.0
4094,4094,1.0
4095,4095,1.0
4096,4096,1.0
4097,4097,1.0
4098,4098,1.0
4099,4099,1.0
4100,4100,1.0
4101,4101,0.8571428656578064
4102,4102,0.8571428656578064
4103,4103,0.4285714328289032
4104,4104,1.0
4105,4105,0.7142857313156128
4106,4106,1.0
4107,4107,1.0
4108,4108,1.0
4109,4109,1.0
4110,4110,0.4285714328289032
4111,4111,0.5714285969734192
4112,4112,0.8571428656578064
4113,4113,0.5714285969734192
4114,4114,0.2857142984867096
4115,4115,1.0
4116,4116,1.0
4117,4117,0.7142857313156128
4118,4118,1.0
4119,4119,0.8571428656578064
4120,4120,0.8571428656578064
4121,4121,1.0
4122,4122,0.8571428656578064
4123,4123,1.0
4124,4124,0.2857142984867096
4125,4125,1.0
4126,4126,0.7142857313156128
4127,4127,1.0
4128,4128,0.8571428656578064
4129,4129,1.0
4130,4130,1.0
4131,4131,1.0
4132,4132,1.0
4133,4133,1.0
4134,4134,1.0
4135,4135,0.5714285969734192
4136,4136,1.0
4137,4137,1.0
4138,4138,0.8571428656578064
4139,4139,1.0
4140,4140,1.0
4141,4141,0.7142857313156128
4142,4142,0.7142857313156128
4143,4143,0.8571428656578064
4144,4144,1.0
4145,4145,1.0
4146,4146,0.8571428656578064
4147,4147,0.7142857313156128
4148,4148,0.8571428656578064
4149,4149,1.0
4150,4150,0.8571428656578064
4151,4151,0.5714285969734192
4152,4152,1.0
4153,4153,1.0
4154,4154,1.0
4155,4155,0.5714285969734192
4156,4156,0.7142857313156128
4157,4157,1.0
4158,4158,1.0
4159,4159,1.0
4160,4160,0.7142857313156128
4161,4161,1.0
4162,4162,1.0
4163,4163,1.0
4164,4164,1.0
4165,4165,0.4285714328289032
4166,4166,1.0
4167,4167,0.5714285969734192
4168,4168,0.2857142984867096
4169,4169,1.0
4170,4170,0.8571428656578064
4171,4171,0.5714285969734192
4172,4172,1.0
4173,4173,0.5714285969734192
4174,4174,0.5714285969734192
4175,4175,1.0
4176,4176,1.0
4177,4177,1.0
4178,4178,0.8571428656578064
4179,4179,0.8571428656578064
4180,4180,0.8571428656578064
4181,4181,1.0
4182,4182,1.0
4183,4183,1.0
4184,4184,1.0
4185,4185,1.0
4186,4186,1.0
4187,4187,1.0
4188,4188,1.0
4189,4189,1.0
4190,4190,1.0
4191,4191,1.0
4192,4192,1.0
4193,4193,1.0
4194,4194,1.0
4195,4195,1.0
4196,4196,1.0
4197,4197,1.0
4198,4198,0.8571428656578064
4199,4199,1.0
4200,4200,1.0
4201,4201,1.0
4202,4202,1.0
4203,4203,1.0
4204,4204,1.0
4205,4205,1.0
4206,4206,1.0
4207,4207,1.0
4208,4208,1.0
4209,4209,1.0
4210,4210,1.0
4211,4211,0.8571428656578064
4212,4212,1.0
4213,4213,0.7142857313156128
4214,4214,0.4285714328289032
4215,4215,0.7142857313156128
4216,4216,0.1428571492433548
4217,4217,1.0
4218,4218,1.0
4219,4219,0.4285714328289032
4220,4220,0.4285714328289032
4221,4221,0.7142857313156128
4222,4222,0.5714285969734192
4223,4223,1.0
4224,4224,0.7142857313156128
4225,4225,0.5714285969734192
4226,4226,0.7142857313156128
4227,4227,0.4285714328289032
4228,4228,1.0
4229,4229,1.0
4230,4230,1.0
4231,4231,1.0
4232,4232,0.8571428656578064
4233,4233,0.7142857313156128
4234,4234,0.8571428656578064
4235,4235,0.7142857313156128
4236,4236,0.5714285969734192
4237,4237,0.7142857313156128
4238,4238,1.0
4239,4239,1.0
4240,4240,1.0
4241,4241,1.0
4242,4242,1.0
4243,4243,1.0
4244,4244,1.0
4245,4245,0.5714285969734192
4246,4246,0.8571428656578064
4247,4247,0.8571428656578064
4248,4248,1.0
4249,4249,1.0
4250,4250,1.0
4251,4251,0.8571428656578064
4252,4252,0.5714285969734192
4253,4253,0.7142857313156128
4254,4254,0.8571428656578064
4255,4255,0.5714285969734192
4256,4256,0.1428571492433548
4257,4257,0.8571428656578064
4258,4258,0.8571428656578064
4259,4259,0.8571428656578064
4260,4260,1.0
4261,4261,0.5714285969734192
4262,4262,1.0
4263,4263,1.0
4264,4264,1.0
4265,4265,1.0
4266,4266,1.0
4267,4267,1.0
4268,4268,1.0
4269,4269,0.5714285969734192
4270,4270,0.8571428656578064
4271,4271,0.8571428656578064
4272,4272,0.8571428656578064
4273,4273,1.0
4274,4274,0.7142857313156128
4275,4275,0.2857142984867096
4276,4276,0.5714285969734192
4277,4277,1.0
4278,4278,0.1428571492433548
4279,4279,0.0
4280,4280,1.0
4281,4281,0.7142857313156128
4282,4282,0.8571428656578064
4283,4283,0.7142857313156128
4284,4284,1.0
4285,4285,0.7142857313156128
4286,4286,1.0
4287,4287,1.0
4288,4288,0.8571428656578064
4289,4289,1.0
4290,4290,1.0
4291,4291,1.0
4292,4292,1.0
4293,4293,1.0
4294,4294,1.0
4295,4295,1.0
4296,4296,1.0
4297,4297,1.0
4298,4298,1.0
4299,4299,1.0
4300,4300,1.0
4301,4301,1.0
4302,4302,1.0
4303,4303,1.0
4304,4304,1.0
4305,4305,1.0
4306,4306,1.0
4307,4307,1.0
4308,4308,0.8571428656578064
4309,4309,1.0
4310,4310,1.0
4311,4311,1.0
4312,4312,1.0
4313,4313,1.0
4314,4314,1.0
4315,4315,1.0
4316,4316,1.0
4317,4317,1.0
4318,4318,1.0
4319,4319,1.0
4320,4320,1.0
4321,4321,0.8571428656578064
4322,4322,0.0
4323,4323,1.0
4324,4324,1.0
4325,4325,0.7142857313156128
4326,4326,0.0
4327,4327,1.0
4328,4328,1.0
4329,4329,1.0
4330,4330,1.0
4331,4331,0.5714285969734192
4332,4332,0.5714285969734192
4333,4333,0.5714285969734192
4334,4334,0.7142857313156128
4335,4335,0.7142857313156128
4336,4336,1.0
4337,4337,0.7142857313156128
4338,4338,0.2857142984867096
4339,4339,0.7142857313156128
4340,4340,0.8571428656578064
4341,4341,0.5714285969734192
4342,4342,0.8571428656578064
4343,4343,0.7142857313156128
4344,4344,0.8571428656578064
4345,4345,0.7142857313156128
4346,4346,1.0
4347,4347,1.0
4348,4348,0.7142857313156128
4349,4349,0.7142857313156128
4350,4350,1.0
4351,4351,1.0
4352,4352,1.0
4353,4353,0.8571428656578064
4354,4354,1.0
4355,4355,0.8571428656578064
4356,4356,1.0
4357,4357,0.8571428656578064
4358,4358,1.0
4359,4359,0.7142857313156128
4360,4360,1.0
4361,4361,1.0
4362,4362,1.0
4363,4363,1.0
4364,4364,0.5714285969734192
4365,4365,1.0
4366,4366,1.0
4367,4367,0.8571428656578064
4368,4368,1.0
4369,4369,1.0
4370,4370,1.0
4371,4371,1.0
4372,4372,1.0
4373,4373,1.0
4374,4374,1.0
4375,4375,0.5714285969734192
4376,4376,0.7142857313156128
4377,4377,1.0
4378,4378,1.0
4379,4379,1.0
4380,4380,1.0
4381,4381,0.8571428656578064
4382,4382,1.0
4383,4383,1.0
4384,4384,1.0
4385,4385,1.0
4386,4386,0.8571428656578064
4387,4387,0.5714285969734192
4388,4388,0.5714285969734192
4389,4389,0.5714285969734192
4390,4390,0.8571428656578064
4391,4391,0.7142857313156128
4392,4392,0.7142857313156128
4393,4393,0.7142857313156128
4394,4394,0.8571428656578064
4395,4395,0.5714285969734192
4396,4396,1.0
4397,4397,1.0
4398,4398,0.2857142984867096
4399,4399,0.8571428656578064
4400,4400,0.8571428656578064
4401,4401,1.0
4402,4402,1.0
4403,4403,1.0
4404,4404,1.0
4405,4405,1.0
4406,4406,1.0
4407,4407,1.0
4408,4408,1.0
4409,4409,1.0
4410,4410,1.0
4411,4411,1.0
4412,4412,1.0
4413,4413,1.0
4414,4414,1.0
4415,4415,1.0
4416,4416,1.0
4417,4417,1.0
4418,4418,0.8571428656578064
4419,4419,1.0
4420,4420,1.0
4421,4421,1.0
4422,4422,1.0
4423,4423,1.0
4424,4424,1.0
4425,4425,1.0
4426,4426,1.0
4427,4427,1.0
4428,4428,1.0
4429,4429,1.0
4430,4430,1.0
4431,4431,1.0
4432,4432,0.7142857313156128
4433,4433,0.4285714328289032
4434,4434,1.0
4435,4435,0.8571428656578064
4436,4436,0.4285714328289032
4437,4437,1.0
4438,4438,1.0
4439,4439,1.0
4440,4440,1.0
4441,4441,0.8571428656578064
4442,4442,0.8571428656578064
4443,4443,0.2857142984867096
4444,4444,0.7142857313156128
4445,4445,1.0
4446,4446,0.1428571492433548
4447,4447,0.8571428656578064
4448,4448,1.0
4449,4449,1.0
4450,4450,1.0
4451,4451,1.0
4452,4452,0.8571428656578064
4453,4453,0.4285714328289032
4454,4454,0.8571428656578064
4455,4455,0.5714285969734192
4456,4456,0.5714285969734192
4457,4457,1.0
4458,4458,0.7142857313156128
4459,4459,1.0
4460,4460,1.0
4461,4461,0.7142857313156128
4462,4462,0.5714285969734192
4463,4463,0.8571428656578064
4464,4464,0.8571428656578064
4465,4465,0.8571428656578064
4466,4466,1.0
4467,4467,0.2857142984867096
4468,4468,1.0
4469,4469,0.4285714328289032
4470,4470,0.4285714328289032
4471,4471,0.5714285969734192
4472,4472,1.0
4473,4473,0.7142857313156128
4474,4474,0.5714285969734192
4475,4475,0.8571428656578064
4476,4476,1.0
4477,4477,0.1428571492433548
4478,4478,0.7142857313156128
4479,4479,0.7142857313156128
4480,4480,0.8571428656578064
4481,4481,1.0
4482,4482,1.0
4483,4483,1.0
4484,4484,0.5714285969734192
4485,4485,0.8571428656578064
4486,4486,1.0
4487,4487,1.0
4488,4488,1.0
4489,4489,1.0
4490,4490,0.8571428656578064
4491,4491,1.0
4492,4492,0.7142857313156128
4493,4493,0.8571428656578064
4494,4494,1.0
4495,4495,1.0
4496,4496,1.0
4497,4497,0.8571428656578064
4498,4498,0.8571428656578064
4499,4499,0.7142857313156128
4500,4500,0.5714285969734192
4501,4501,0.8571428656578064
4502,4502,0.8571428656578064
4503,4503,0.7142857313156128
4504,4504,0.8571428656578064
4505,4505,0.8571428656578064
4506,4506,1.0
4507,4507,0.7142857313156128
4508,4508,0.8571428656578064
4509,4509,1.0
4510,4510,0.8571428656578064
4511,4511,1.0
4512,4512,1.0
4513,4513,1.0
4514,4514,1.0
4515,4515,1.0
4516,4516,1.0
4517,4517,1.0
4518,4518,1.0
4519,4519,1.0
4520,4520,1.0
4521,4521,1.0
4522,4522,1.0
4523,4523,1.0
4524,4524,1.0
4525,4525,1.0
4526,4526,1.0
4527,4527,1.0
4528,4528,0.8571428656578064
4529,4529,1.0
4530,4530,1.0
4531,4531,1.0
4532,4532,1.0
4533,4533,1.0
4534,4534,1.0
4535,4535,1.0
4536,4536,1.0
4537,4537,1.0
4538,4538,1.0
4539,4539,1.0
4540,4540,1.0
4541,4541,1.0
4542,4542,1.0
4543,4543,0.7142857313156128
4544,4544,1.0
4545,4545,0.1428571492433548
4546,4546,1.0
4547,4547,1.0
4548,4548,1.0
4549,4549,0.0
4550,4550,1.0
4551,4551,0.5714285969734192
4552,4552,0.5714285969734192
4553,4553,0.4285714328289032
4554,4554,1.0
4555,4555,0.5714285969734192
4556,4556,1.0
4557,4557,0.8571428656578064
4558,4558,1.0
4559,4559,1.0
4560,4560,0.8571428656578064
4561,4561,1.0
4562,4562,0.8571428656578064
4563,4563,0.7142857313156128
4564,4564,0.7142857313156128
4565,4565,1.0
4566,4566,1.0
4567,4567,1.0
4568,4568,1.0
4569,4569,1.0
4570,4570,1.0
4571,4571,0.7142857313156128
4572,4572,1.0
4573,4573,0.8571428656578064
4574,4574,1.0
4575,4575,0.8571428656578064
4576,4576,0.8571428656578064
4577,4577,0.8571428656578064
4578,4578,1.0
4579,4579,1.0
4580,4580,1.0
4581,4581,0.7142857313156128
4582,4582,0.2857142984867096
4583,4583,1.0
4584,4584,1.0
4585,4585,0.8571428656578064
4586,4586,0.7142857313156128
4587,4587,1.0
4588,4588,0.1428571492433548
4589,4589,0.8571428656578064
4590,4590,0.8571428656578064
4591,4591,0.5714285969734192
4592,4592,1.0
4593,4593,1.0
4594,4594,1.0
4595,4595,0.5714285969734192
4596,4596,0.7142857313156128
4597,4597,0.8571428656578064
4598,4598,0.4285714328289032
4599,4599,1.0
4600,4600,1.0
4601,4601,1.0
4602,4602,1.0
4603,4603,0.8571428656578064
4604,4604,0.0
4605,4605,1.0
4606,4606,1.0
4607,4607,0.5714285969734192
4608,4608,1.0
4609,4609,0.7142857313156128
4610,4610,0.8571428656578064
4611,4611,0.7142857313156128
4612,4612,1.0
4613,4613,0.7142857313156128
4614,4614,0.8571428656578064
4615,4615,0.8571428656578064
4616,4616,1.0
4617,4617,1.0
4618,4618,0.8571428656578064
4619,4619,1.0
4620,4620,0.8571428656578064
4621,4621,1.0
4622,4622,1.0
4623,4623,1.0
4624,4624,0.1428571492433548
4625,4625,1.0
4626,4626,1.0
4627,4627,1.0
4628,4628,1.0
4629,4629,0.1428571492433548
4630,4630,1.0
4631,4631,1.0
4632,4632,1.0
4633,4633,1.0
4634,4634,1.0
4635,4635,1.0
4636,4636,1.0
4637,4637,0.0
4638,4638,0.8571428656578064
4639,4639,1.0
4640,4640,1.0
4641,4641,1.0
4642,4642,1.0
4643,4643,1.0
4644,4644,1.0
4645,4645,1.0
4646,4646,1.0
4647,4647,1.0
4648,4648,1.0
4649,4649,1.0
4650,4650,1.0
4651,4651,0.1428571492433548
4652,4652,0.7142857313156128
4653,4653,0.7142857313156128
4654,4654,1.0
4655,4655,0.7142857313156128
4656,4656,1.0
4657,4657,1.0
4658,4658,1.0
4659,4659,1.0
4660,4660,1.0
4661,4661,0.8571428656578064
4662,4662,0.8571428656578064
4663,4663,1.0
4664,4664,0.7142857313156128
4665,4665,1.0
4666,4666,1.0
4667,4667,0.7142857313156128
4668,4668,1.0
4669,4669,1.0
4670,4670,0.8571428656578064
4671,4671,1.0
4672,4672,0.8571428656578064
4673,4673,0.7142857313156128
4674,4674,0.8571428656578064
4675,4675,0.5714285969734192
4676,4676,0.5714285969734192
4677,4677,1.0
4678,4678,1.0
4679,4679,1.0
4680,4680,1.0
4681,4681,1.0
4682,4682,1.0
4683,4683,0.8571428656578064
4684,4684,1.0
4685,4685,0.1428571492433548
4686,4686,1.0
4687,4687,1.0
4688,4688,1.0
4689,4689,1.0
4690,4690,1.0
4691,4691,1.0
4692,4692,0.8571428656578064
4693,4693,1.0
4694,4694,0.5714285969734192
4695,4695,1.0
4696,4696,0.7142857313156128
4697,4697,0.7142857313156128
4698,4698,0.4285714328289032
4699,4699,1.0
4700,4700,1.0
4701,4701,1.0
4702,4702,1.0
4703,4703,1.0
4704,4704,0.5714285969734192
4705,4705,1.0
4706,4706,0.7142857313156128
4707,4707,0.1428571492433548
4708,4708,0.4285714328289032
4709,4709,0.7142857313156128
4710,4710,0.8571428656578064
4711,4711,0.7142857313156128
4712,4712,1.0
4713,4713,1.0
4714,4714,1.0
4715,4715,1.0
4716,4716,0.8571428656578064
4717,4717,0.8571428656578064
4718,4718,0.8571428656578064
4719,4719,0.7142857313156128
4720,4720,0.4285714328289032
4721,4721,0.4285714328289032
4722,4722,1.0
4723,4723,0.7142857313156128
4724,4724,0.8571428656578064
4725,4725,0.8571428656578064
4726,4726,1.0
4727,4727,1.0
4728,4728,0.8571428656578064
4729,4729,1.0
4730,4730,0.8571428656578064
4731,4731,1.0
4732,4732,1.0
4733,4733,1.0
4734,4734,1.0
4735,4735,1.0
4736,4736,1.0
4737,4737,1.0
4738,4738,1.0
4739,4739,1.0
4740,4740,1.0
4741,4741,1.0
4742,4742,1.0
4743,4743,1.0
4744,4744,1.0
4745,4745,1.0
4746,4746,1.0
4747,4747,1.0
4748,4748,0.8571428656578064
4749,4749,1.0
4750,4750,1.0
4751,4751,1.0
4752,4752,1.0
4753,4753,1.0
4754,4754,1.0
4755,4755,1.0
4756,4756,1.0
4757,4757,1.0
4758,4758,1.0
4759,4759,1.0
4760,4760,1.0
4761,4761,0.8571428656578064
4762,4762,0.7142857313156128
4763,4763,1.0
4764,4764,1.0
4765,4765,0.8571428656578064
4766,4766,1.0
4767,4767,1.0
4768,4768,1.0
4769,4769,0.4285714328289032
4770,4770,1.0
4771,4771,0.8571428656578064
4772,4772,0.8571428656578064
4773,4773,1.0
4774,4774,0.4285714328289032
4775,4775,0.2857142984867096
4776,4776,0.7142857313156128
4777,4777,0.7142857313156128
4778,4778,1.0
4779,4779,1.0
4780,4780,1.0
4781,4781,0.8571428656578064
4782,4782,0.8571428656578064
4783,4783,0.7142857313156128
4784,4784,1.0
4785,4785,1.0
4786,4786,1.0
4787,4787,1.0
4788,4788,1.0
4789,4789,1.0
4790,4790,1.0
4791,4791,1.0
4792,4792,0.0
4793,4793,1.0
4794,4794,1.0
4795,4795,0.4285714328289032
4796,4796,1.0
4797,4797,0.8571428656578064
4798,4798,1.0
4799,4799,1.0
4800,4800,1.0
4801,4801,0.2857142984867096
4802,4802,0.5714285969734192
4803,4803,0.5714285969734192
4804,4804,1.0
4805,4805,0.8571428656578064
4806,4806,0.7142857313156128
4807,4807,0.7142857313156128
4808,4808,0.7142857313156128
4809,4809,0.8571428656578064
4810,4810,1.0
4811,4811,1.0
4812,4812,1.0
4813,4813,1.0
4814,4814,0.1428571492433548
4815,4815,0.5714285969734192
4816,4816,0.7142857313156128
4817,4817,1.0
4818,4818,0.0
4819,4819,0.1428571492433548
4820,4820,0.0
4821,4821,1.0
4822,4822,1.0
4823,4823,1.0
4824,4824,1.0
4825,4825,1.0
4826,4826,1.0
4827,4827,0.5714285969734192
4828,4828,1.0
4829,4829,0.7142857313156128
4830,4830,1.0
4831,4831,0.7142857313156128
4832,4832,0.2857142984867096
4833,4833,0.7142857313156128
4834,4834,1.0
4835,4835,0.8571428656578064
4836,4836,0.5714285969734192
4837,4837,1.0
4838,4838,0.8571428656578064
4839,4839,0.8571428656578064
4840,4840,0.8571428656578064
4841,4841,1.0
4842,4842,1.0
4843,4843,1.0
4844,4844,1.0
4845,4845,1.0
4846,4846,1.0
4847,4847,1.0
4848,4848,1.0
4849,4849,1.0
4850,4850,1.0
4851,4851,1.0
4852,4852,1.0
4853,4853,1.0
4854,4854,1.0
4855,4855,1.0
4856,4856,1.0
4857,4857,1.0
4858,4858,0.8571428656578064
4859,4859,1.0
4860,4860,1.0
4861,4861,1.0
4862,4862,1.0
4863,4863,1.0
4864,4864,1.0
4865,4865,1.0
4866,4866,1.0
4867,4867,1.0
4868,4868,1.0
4869,4869,1.0
4870,4870,1.0
4871,4871,0.8571428656578064
4872,4872,1.0
4873,4873,0.7142857313156128
4874,4874,1.0
4875,4875,0.8571428656578064
4876,4876,0.1428571492433548
4877,4877,1.0
4878,4878,1.0
4879,4879,1.0
4880,4880,1.0
4881,4881,0.8571428656578064
4882,4882,0.2857142984867096
4883,4883,1.0
4884,4884,0.1428571492433548
4885,4885,1.0
4886,4886,0.5714285969734192
4887,4887,0.7142857313156128
4888,4888,0.8571428656578064
4889,4889,1.0
4890,4890,1.0
4891,4891,0.5714285969734192
4892,4892,0.8571428656578064
4893,4893,0.7142857313156128
4894,4894,0.8571428656578064
4895,4895,1.0
4896,4896,1.0
4897,4897,1.0
4898,4898,1.0
4899,4899,1.0
4900,4900,1.0
4901,4901,1.0
4902,4902,1.0
4903,4903,1.0
4904,4904,1.0
4905,4905,0.5714285969734192
4906,4906,0.8571428656578064
4907,4907,0.8571428656578064
4908,4908,1.0
4909,4909,0.7142857313156128
4910,4910,1.0
4911,4911,0.7142857313156128
4912,4912,0.7142857313156128
4913,4913,0.7142857313156128
4914,4914,0.5714285969734192
4915,4915,0.5714285969734192
4916,4916,0.8571428656578064
4917,4917,0.7142857313156128
4918,4918,0.7142857313156128
4919,4919,1.0
4920,4920,0.8571428656578064
4921,4921,1.0
4922,4922,1.0
4923,4923,1.0
4924,4924,0.1428571492433548
4925,4925,1.0
4926,4926,0.7142857313156128
4927,4927,0.7142857313156128
4928,4928,1.0
4929,4929,0.8571428656578064
4930,4930,1.0
4931,4931,0.7142857313156128
4932,4932,1.0
4933,4933,0.8571428656578064
4934,4934,1.0
4935,4935,1.0
4936,4936,0.8571428656578064
4937,4937,0.5714285969734192
4938,4938,0.8571428656578064
4939,4939,1.0
4940,4940,0.8571428656578064
4941,4941,0.7142857313156128
4942,4942,0.7142857313156128
4943,4943,0.7142857313156128
4944,4944,0.8571428656578064
4945,4945,0.8571428656578064
4946,4946,0.7142857313156128
4947,4947,0.5714285969734192
4948,4948,0.8571428656578064
4949,4949,0.5714285969734192
4950,4950,0.8571428656578064
4951,4951,1.0
4952,4952,1.0
4953,4953,1.0
4954,4954,1.0
4955,4955,1.0
4956,4956,1.0
4957,4957,1.0
4958,4958,1.0
4959,4959,1.0
4960,4960,1.0
4961,4961,1.0
4962,4962,1.0
4963,4963,1.0
4964,4964,1.0
4965,4965,1.0
4966,4966,1.0
4967,4967,1.0
4968,4968,1.0
4969,4969,1.0
4970,4970,1.0
4971,4971,1.0
4972,4972,1.0
4973,4973,1.0
4974,4974,1.0
4975,4975,1.0
4976,4976,1.0
4977,4977,1.0
4978,4978,1.0
4979,4979,1.0
4980,4980,1.0
4981,4981,0.8571428656578064
4982,4982,0.7142857313156128
4983,4983,1.0
4984,4984,1.0
4985,4985,0.7142857313156128
4986,4986,1.0
4987,4987,1.0
4988,4988,0.2857142984867096
4989,4989,0.4285714328289032
4990,4990,1.0
4991,4991,0.8571428656578064
4992,4992,0.8571428656578064
4993,4993,1.0
4994,4994,0.7142857313156128
4995,4995,1.0
4996,4996,1.0
4997,4997,0.8571428656578064
4998,4998,0.1428571492433548
4999,4999,0.7142857313156128
5000,5000,0.8571428656578064
5001,5001,1.0
5002,5002,0.8571428656578064
5003,5003,1.0
5004,5004,0.8571428656578064
5005,5005,1.0
5006,5006,1.0
5007,5007,1.0
5008,5008,1.0
5009,5009,1.0
5010,5010,1.0
5011,5011,1.0
5012,5012,1.0
5013,5013,0.8571428656578064
5014,5014,0.8571428656578064
5015,5015,0.8571428656578064
5016,5016,1.0
5017,5017,0.8571428656578064
5018,5018,1.0
5019,5019,1.0
5020,5020,1.0
5021,5021,1.0
5022,5022,0.8571428656578064
5023,5023,0.2857142984867096
5024,5024,0.5714285969734192
5025,5025,0.8571428656578064
5026,5026,0.8571428656578064
5027,5027,0.7142857313156128
5028,5028,0.8571428656578064
5029,5029,0.7142857313156128
5030,5030,1.0
5031,5031,0.5714285969734192
5032,5032,1.0
5033,5033,1.0
5034,5034,0.8571428656578064
5035,5035,0.0
5036,5036,0.7142857313156128
5037,5037,1.0
5038,5038,0.0
5039,5039,1.0
5040,5040,0.8571428656578064
5041,5041,1.0
5042,5042,0.8571428656578064
5043,5043,1.0
5044,5044,0.7142857313156128
5045,5045,1.0
5046,5046,1.0
5047,5047,0.5714285969734192
5048,5048,0.8571428656578064
5049,5049,0.7142857313156128
5050,5050,0.8571428656578064
5051,5051,0.0
5052,5052,0.0
5053,5053,0.2857142984867096
5054,5054,0.5714285969734192
5055,5055,0.5714285969734192
5056,5056,1.0
5057,5057,1.0
5058,5058,0.7142857313156128
5059,5059,0.1428571492433548
5060,5060,0.8571428656578064
5061,5061,1.0
5062,5062,1.0
5063,5063,1.0
5064,5064,1.0
5065,5065,1.0
5066,5066,1.0
5067,5067,1.0
5068,5068,1.0
5069,5069,0.1428571492433548
5070,5070,1.0
5071,5071,1.0
5072,5072,1.0
5073,5073,1.0
5074,5074,1.0
5075,5075,1.0
5076,5076,1.0
5077,5077,1.0
5078,5078,0.8571428656578064
5079,5079,1.0
5080,5080,1.0
5081,5081,1.0
5082,5082,1.0
5083,5083,1.0
5084,5084,0.0
5085,5085,1.0
5086,5086,1.0
5087,5087,1.0
5088,5088,1.0
5089,5089,1.0
5090,5090,1.0
5091,5091,0.8571428656578064
5092,5092,0.8571428656578064
5093,5093,0.7142857313156128
5094,5094,1.0
5095,5095,0.7142857313156128
5096,5096,1.0
5097,5097,0.2857142984867096
5098,5098,0.5714285969734192
5099,5099,1.0
5100,5100,0.0
5101,5101,0.8571428656578064
5102,5102,0.8571428656578064
5103,5103,0.5714285969734192
5104,5104,0.7142857313156128
5105,5105,1.0
5106,5106,1.0
5107,5107,0.7142857313156128
5108,5108,0.4285714328289032
5109,5109,1.0
5110,5110,0.8571428656578064
5111,5111,0.1428571492433548
5112,5112,1.0
5113,5113,0.7142857313156128
5114,5114,0.8571428656578064
5115,5115,0.8571428656578064
5116,5116,1.0
5117,5117,0.0
5118,5118,1.0
5119,5119,1.0
5120,5120,1.0
5121,5121,1.0
5122,5122,1.0
5123,5123,1.0
5124,5124,1.0
5125,5125,0.8571428656578064
5126,5126,1.0
5127,5127,0.8571428656578064
5128,5128,1.0
5129,5129,1.0
5130,5130,0.8571428656578064
5131,5131,1.0
5132,5132,1.0
5133,5133,0.7142857313156128
5134,5134,0.5714285969734192
5135,5135,1.0
5136,5136,0.4285714328289032
5137,5137,0.7142857313156128
5138,5138,0.7142857313156128
5139,5139,0.8571428656578064
5140,5140,1.0
5141,5141,0.5714285969734192
5142,5142,1.0
5143,5143,1.0
5144,5144,0.8571428656578064
5145,5145,1.0
5146,5146,1.0
5147,5147,1.0
5148,5148,1.0
5149,5149,0.8571428656578064
5150,5150,0.8571428656578064
5151,5151,0.5714285969734192
5152,5152,1.0
5153,5153,1.0
5154,5154,1.0
5155,5155,1.0
5156,5156,1.0
5157,5157,0.5714285969734192
5158,5158,0.5714285969734192
5159,5159,0.7142857313156128
5160,5160,1.0
5161,5161,0.7142857313156128
5162,5162,1.0
5163,5163,0.8571428656578064
5164,5164,1.0
5165,5165,0.8571428656578064
5166,5166,0.7142857313156128
5167,5167,0.8571428656578064
5168,5168,0.1428571492433548
5169,5169,1.0
5170,5170,0.8571428656578064
5171,5171,1.0
5172,5172,1.0
5173,5173,1.0
5174,5174,0.1428571492433548
5175,5175,1.0
5176,5176,1.0
5177,5177,1.0
5178,5178,1.0
5179,5179,1.0
5180,5180,1.0
5181,5181,1.0
5182,5182,1.0
5183,5183,1.0
5184,5184,1.0
5185,5185,1.0
5186,5186,1.0
5187,5187,1.0
5188,5188,0.8571428656578064
5189,5189,1.0
5190,5190,1.0
5191,5191,1.0
5192,5192,1.0
5193,5193,1.0
5194,5194,1.0
5195,5195,1.0
5196,5196,1.0
5197,5197,1.0
5198,5198,1.0
5199,5199,1.0
5200,5200,1.0
5201,5201,0.8571428656578064
5202,5202,0.0
5203,5203,1.0
5204,5204,1.0
5205,5205,0.7142857313156128
5206,5206,0.1428571492433548
5207,5207,1.0
5208,5208,1.0
5209,5209,1.0
5210,5210,0.4285714328289032
5211,5211,0.5714285969734192
5212,5212,0.8571428656578064
5213,5213,0.0
5214,5214,0.7142857313156128
5215,5215,0.5714285969734192
5216,5216,1.0
5217,5217,0.7142857313156128
5218,5218,1.0
5219,5219,1.0
5220,5220,0.8571428656578064
5221,5221,0.5714285969734192
5222,5222,0.8571428656578064
5223,5223,0.7142857313156128
5224,5224,0.1428571492433548
5225,5225,0.8571428656578064
5226,5226,1.0
5227,5227,1.0
5228,5228,1.0
5229,5229,1.0
5230,5230,1.0
5231,5231,1.0
5232,5232,1.0
5233,5233,1.0
5234,5234,1.0
5235,5235,0.8571428656578064
5236,5236,1.0
5237,5237,0.5714285969734192
5238,5238,1.0
5239,5239,1.0
5240,5240,1.0
5241,5241,0.8571428656578064
5242,5242,1.0
5243,5243,0.8571428656578064
5244,5244,0.5714285969734192
5245,5245,1.0
5246,5246,1.0
5247,5247,0.8571428656578064
5248,5248,1.0
5249,5249,0.7142857313156128
5250,5250,0.8571428656578064
5251,5251,0.5714285969734192
5252,5252,1.0
5253,5253,1.0
5254,5254,1.0
5255,5255,0.8571428656578064
5256,5256,1.0
5257,5257,1.0
5258,5258,1.0
5259,5259,0.4285714328289032
5260,5260,0.7142857313156128
5261,5261,0.7142857313156128
5262,5262,1.0
5263,5263,0.5714285969734192
5264,5264,1.0
5265,5265,1.0
5266,5266,0.8571428656578064
5267,5267,0.5714285969734192
5268,5268,0.2857142984867096
5269,5269,0.0
5270,5270,0.2857142984867096
5271,5271,0.7142857313156128
5272,5272,1.0
5273,5273,0.7142857313156128
5274,5274,0.8571428656578064
5275,5275,0.8571428656578064
5276,5276,0.7142857313156128
5277,5277,0.7142857313156128
5278,5278,0.7142857313156128
5279,5279,0.7142857313156128
5280,5280,0.5714285969734192
5281,5281,1.0
5282,5282,1.0
5283,5283,1.0
5284,5284,1.0
5285,5285,1.0
5286,5286,1.0
5287,5287,1.0
5288,5288,1.0
5289,5289,1.0
5290,5290,1.0
5291,5291,1.0
5292,5292,1.0
5293,5293,1.0
5294,5294,1.0
5295,5295,1.0
5296,5296,1.0
5297,5297,1.0
5298,5298,0.8571428656578064
5299,5299,1.0
5300,5300,1.0
5301,5301,1.0
5302,5302,1.0
5303,5303,1.0
5304,5304,1.0
5305,5305,1.0
5306,5306,1.0
5307,5307,1.0
5308,5308,1.0
5309,5309,1.0
5310,5310,1.0
5311,5311,0.8571428656578064
5312,5312,0.0
5313,5313,0.7142857313156128
5314,5314,1.0
5315,5315,1.0
5316,5316,1.0
5317,5317,1.0
5318,5318,1.0
5319,5319,1.0
5320,5320,1.0
5321,5321,0.8571428656578064
5322,5322,0.8571428656578064
5323,5323,1.0
5324,5324,0.7142857313156128
5325,5325,1.0
5326,5326,0.5714285969734192
5327,5327,0.7142857313156128
5328,5328,1.0
5329,5329,1.0
5330,5330,0.8571428656578064
5331,5331,1.0
5332,5332,0.5714285969734192
5333,5333,0.7142857313156128
5334,5334,0.8571428656578064
5335,5335,0.8571428656578064
5336,5336,0.5714285969734192
5337,5337,0.7142857313156128
5338,5338,0.8571428656578064
5339,5339,1.0
5340,5340,1.0
5341,5341,1.0
5342,5342,1.0
5343,5343,0.2857142984867096
5344,5344,1.0
5345,5345,0.8571428656578064
5346,5346,0.5714285969734192
5347,5347,0.8571428656578064
5348,5348,1.0
5349,5349,0.5714285969734192
5350,5350,1.0
5351,5351,1.0
5352,5352,0.8571428656578064
5353,5353,1.0
5354,5354,0.8571428656578064
5355,5355,0.1428571492433548
5356,5356,1.0
5357,5357,0.8571428656578064
5358,5358,0.7142857313156128
5359,5359,1.0
5360,5360,0.0
5361,5361,0.5714285969734192
5362,5362,1.0
5363,5363,1.0
5364,5364,0.5714285969734192
5365,5365,0.8571428656578064
5366,5366,1.0
5367,5367,1.0
5368,5368,0.4285714328289032
5369,5369,1.0
5370,5370,0.8571428656578064
5371,5371,1.0
5372,5372,1.0
5373,5373,1.0
5374,5374,1.0
5375,5375,1.0
5376,5376,1.0
5377,5377,0.5714285969734192
5378,5378,1.0
5379,5379,0.7142857313156128
5380,5380,0.8571428656578064
5381,5381,0.0
5382,5382,1.0
5383,5383,0.7142857313156128
5384,5384,0.8571428656578064
5385,5385,1.0
5386,5386,1.0
5387,5387,1.0
5388,5388,1.0
5389,5389,1.0
5390,5390,0.8571428656578064
5391,5391,1.0
5392,5392,1.0
5393,5393,1.0
5394,5394,1.0
5395,5395,1.0
5396,5396,1.0
5397,5397,1.0
5398,5398,1.0
5399,5399,0.1428571492433548
5400,5400,1.0
5401,5401,1.0
5402,5402,1.0
5403,5403,1.0
5404,5404,1.0
5405,5405,1.0
5406,5406,1.0
5407,5407,1.0
5408,5408,0.8571428656578064
5409,5409,1.0
5410,5410,1.0
5411,5411,1.0
5412,5412,1.0
5413,5413,1.0
5414,5414,1.0
5415,5415,1.0
5416,5416,1.0
5417,5417,1.0
5418,5418,1.0
5419,5419,1.0
5420,5420,1.0
5421,5421,1.0
5422,5422,1.0
5423,5423,0.4285714328289032
5424,5424,1.0
5425,5425,0.7142857313156128
5426,5426,1.0
5427,5427,1.0
5428,5428,1.0
5429,5429,1.0
5430,5430,1.0
5431,5431,0.4285714328289032
5432,5432,0.8571428656578064
5433,5433,1.0
5434,5434,0.2857142984867096
5435,5435,0.2857142984867096
5436,5436,1.0
5437,5437,0.7142857313156128
5438,5438,1.0
5439,5439,1.0
5440,5440,0.2857142984867096
5441,5441,0.8571428656578064
5442,5442,0.5714285969734192
5443,5443,0.7142857313156128
5444,5444,0.8571428656578064
5445,5445,0.5714285969734192
5446,5446,1.0
5447,5447,1.0
5448,5448,1.0
5449,5449,1.0
5450,5450,1.0
5451,5451,1.0
5452,5452,1.0
5453,5453,1.0
5454,5454,1.0
5455,5455,0.8571428656578064
5456,5456,1.0
5457,5457,0.8571428656578064
5458,5458,1.0
5459,5459,0.7142857313156128
5460,5460,1.0
5461,5461,0.7142857313156128
5462,5462,0.8571428656578064
5463,5463,1.0
5464,5464,0.8571428656578064
5465,5465,0.8571428656578064
5466,5466,0.4285714328289032
5467,5467,0.8571428656578064
5468,5468,0.8571428656578064
5469,5469,1.0
5470,5470,1.0
5471,5471,0.5714285969734192
5472,5472,1.0
5473,5473,1.0
5474,5474,1.0
5475,5475,1.0
5476,5476,0.7142857313156128
5477,5477,0.0
5478,5478,1.0
5479,5479,1.0
5480,5480,0.8571428656578064
5481,5481,1.0
5482,5482,0.8571428656578064
5483,5483,0.8571428656578064
5484,5484,1.0
5485,5485,1.0
5486,5486,0.4285714328289032
5487,5487,0.5714285969734192
5488,5488,0.2857142984867096
5489,5489,0.7142857313156128
5490,5490,0.8571428656578064
5491,5491,0.7142857313156128
5492,5492,1.0
5493,5493,0.5714285969734192
5494,5494,0.1428571492433548
5495,5495,0.8571428656578064
5496,5496,1.0
5497,5497,1.0
5498,5498,0.7142857313156128
5499,5499,0.8571428656578064
5500,5500,0.8571428656578064
5501,5501,1.0
5502,5502,1.0
5503,5503,1.0
5504,5504,0.1428571492433548
5505,5505,1.0
5506,5506,1.0
5507,5507,1.0
5508,5508,1.0
5509,5509,1.0
5510,5510,1.0
5511,5511,1.0
5512,5512,1.0
5513,5513,1.0
5514,5514,1.0
5515,5515,1.0
5516,5516,1.0
5517,5517,1.0
5518,5518,0.8571428656578064
5519,5519,1.0
5520,5520,1.0
5521,5521,1.0
5522,5522,1.0
5523,5523,1.0
5524,5524,1.0
5525,5525,1.0
5526,5526,1.0
5527,5527,1.0
5528,5528,1.0
5529,5529,1.0
5530,5530,1.0
5531,5531,1.0
5532,5532,0.1428571492433548
5533,5533,1.0
5534,5534,1.0
5535,5535,0.8571428656578064
5536,5536,1.0
5537,5537,1.0
5538,5538,1.0
5539,5539,1.0
5540,5540,1.0
5541,5541,0.8571428656578064
5542,5542,0.5714285969734192
5543,5543,1.0
5544,5544,0.7142857313156128
5545,5545,0.5714285969734192
5546,5546,1.0
5547,5547,0.7142857313156128
5548,5548,0.8571428656578064
5549,5549,1.0
5550,5550,0.8571428656578064
5551,5551,1.0
5552,5552,0.8571428656578064
5553,5553,0.7142857313156128
5554,5554,0.8571428656578064
5555,5555,1.0
5556,5556,1.0
5557,5557,1.0
5558,5558,1.0
5559,5559,1.0
5560,5560,0.8571428656578064
5561,5561,1.0
5562,5562,0.8571428656578064
5563,5563,0.7142857313156128
5564,5564,1.0
5565,5565,0.8571428656578064
5566,5566,1.0
5567,5567,0.8571428656578064
5568,5568,1.0
5569,5569,1.0
5570,5570,1.0
5571,5571,0.0
5572,5572,1.0
5573,5573,0.8571428656578064
5574,5574,1.0
5575,5575,1.0
5576,5576,1.0
5577,5577,1.0
5578,5578,0.7142857313156128
5579,5579,0.8571428656578064
5580,5580,0.8571428656578064
5581,5581,0.5714285969734192
5582,5582,1.0
5583,5583,1.0
5584,5584,0.5714285969734192
5585,5585,0.5714285969734192
5586,5586,1.0
5587,5587,1.0
5588,5588,1.0
5589,5589,0.7142857313156128
5590,5590,0.0
5591,5591,0.7142857313156128
5592,5592,1.0
5593,5593,1.0
5594,5594,1.0
5595,5595,0.8571428656578064
5596,5596,1.0
5597,5597,0.5714285969734192
5598,5598,0.8571428656578064
5599,5599,0.0
5600,5600,0.8571428656578064
5601,5601,0.5714285969734192
5602,5602,1.0
5603,5603,0.7142857313156128
5604,5604,0.7142857313156128
5605,5605,1.0
5606,5606,0.7142857313156128
5607,5607,1.0
5608,5608,0.8571428656578064
5609,5609,1.0
5610,5610,0.5714285969734192
5611,5611,1.0
5612,5612,1.0
5613,5613,1.0
5614,5614,1.0
5615,5615,1.0
5616,5616,1.0
5617,5617,1.0
5618,5618,1.0
5619,5619,1.0
5620,5620,1.0
5621,5621,1.0
5622,5622,1.0
5623,5623,1.0
5624,5624,1.0
5625,5625,1.0
5626,5626,1.0
5627,5627,1.0
5628,5628,0.8571428656578064
5629,5629,1.0
5630,5630,1.0
5631,5631,1.0
5632,5632,1.0
5633,5633,1.0
5634,5634,1.0
5635,5635,1.0
5636,5636,1.0
5637,5637,1.0
5638,5638,1.0
5639,5639,1.0
5640,5640,1.0
5641,5641,0.8571428656578064
5642,5642,1.0
5643,5643,0.7142857313156128
5644,5644,0.1428571492433548
5645,5645,0.8571428656578064
5646,5646,1.0
5647,5647,1.0
5648,5648,1.0
5649,5649,1.0
5650,5650,1.0
5651,5651,0.8571428656578064
5652,5652,0.8571428656578064
5653,5653,1.0
5654,5654,0.0
5655,5655,1.0
5656,5656,0.0
5657,5657,0.7142857313156128
5658,5658,0.7142857313156128
5659,5659,1.0
5660,5660,1.0
5661,5661,1.0
5662,5662,0.8571428656578064
5663,5663,0.7142857313156128
5664,5664,0.8571428656578064
5665,5665,0.8571428656578064
5666,5666,1.0
5667,5667,0.4285714328289032
5668,5668,0.8571428656578064
5669,5669,1.0
5670,5670,0.8571428656578064
5671,5671,1.0
5672,5672,1.0
5673,5673,1.0
5674,5674,1.0
5675,5675,0.5714285969734192
5676,5676,1.0
5677,5677,0.8571428656578064
5678,5678,1.0
5679,5679,0.5714285969734192
5680,5680,1.0
5681,5681,0.7142857313156128
5682,5682,0.5714285969734192
5683,5683,1.0
5684,5684,0.5714285969734192
5685,5685,0.5714285969734192
5686,5686,0.8571428656578064
5687,5687,0.1428571492433548
5688,5688,0.7142857313156128
5689,5689,0.7142857313156128
5690,5690,1.0
5691,5691,1.0
5692,5692,1.0
5693,5693,1.0
5694,5694,1.0
5695,5695,0.8571428656578064
5696,5696,0.7142857313156128
5697,5697,1.0
5698,5698,1.0
5699,5699,1.0
5700,5700,0.8571428656578064
5701,5701,1.0
5702,5702,1.0
5703,5703,1.0
5704,5704,1.0
5705,5705,1.0
5706,5706,1.0
5707,5707,0.8571428656578064
5708,5708,0.5714285969734192
5709,5709,0.7142857313156128
5710,5710,0.8571428656578064
5711,5711,1.0
5712,5712,1.0
5713,5713,0.7142857313156128
5714,5714,0.8571428656578064
5715,5715,0.8571428656578064
5716,5716,0.5714285969734192
5717,5717,0.7142857313156128
5718,5718,0.8571428656578064
5719,5719,1.0
5720,5720,0.8571428656578064
5721,5721,1.0
5722,5722,1.0
5723,5723,1.0
5724,5724,0.1428571492433548
5725,5725,1.0
5726,5726,1.0
5727,5727,1.0
5728,5728,1.0
5729,5729,1.0
5730,5730,1.0
5731,5731,1.0
5732,5732,1.0
5733,5733,1.0
5734,5734,1.0
5735,5735,1.0
5736,5736,1.0
5737,5737,1.0
5738,5738,0.8571428656578064
5739,5739,1.0
5740,5740,1.0
5741,5741,1.0
5742,5742,1.0
5743,5743,1.0
5744,5744,0.0
5745,5745,1.0
5746,5746,1.0
5747,5747,1.0
5748,5748,1.0
5749,5749,1.0
5750,5750,1.0
5751,5751,0.8571428656578064
5752,5752,0.8571428656578064
5753,5753,0.7142857313156128
5754,5754,1.0
5755,5755,0.8571428656578064
5756,5756,1.0
5757,5757,1.0
5758,5758,0.2857142984867096
5759,5759,0.4285714328289032
5760,5760,1.0
5761,5761,0.8571428656578064
5762,5762,0.8571428656578064
5763,5763,0.5714285969734192
5764,5764,0.7142857313156128
5765,5765,1.0
5766,5766,1.0
5767,5767,0.8571428656578064
5768,5768,1.0
5769,5769,1.0
5770,5770,1.0
5771,5771,1.0
5772,5772,0.8571428656578064
5773,5773,0.7142857313156128
5774,5774,0.8571428656578064
5775,5775,1.0
5776,5776,1.0
5777,5777,1.0
5778,5778,1.0
5779,5779,0.8571428656578064
5780,5780,1.0
5781,5781,1.0
5782,5782,1.0
5783,5783,1.0
5784,5784,0.4285714328289032
5785,5785,1.0
5786,5786,1.0
5787,5787,0.8571428656578064
5788,5788,1.0
5789,5789,0.7142857313156128
5790,5790,0.8571428656578064
5791,5791,1.0
5792,5792,0.8571428656578064
5793,5793,1.0
5794,5794,0.8571428656578064
5795,5795,1.0
5796,5796,0.7142857313156128
5797,5797,0.8571428656578064
5798,5798,1.0
5799,5799,0.7142857313156128
5800,5800,0.8571428656578064
5801,5801,0.5714285969734192
5802,5802,1.0
5803,5803,1.0
5804,5804,1.0
5805,5805,0.8571428656578064
5806,5806,0.7142857313156128
5807,5807,1.0
5808,5808,1.0
5809,5809,1.0
5810,5810,0.8571428656578064
5811,5811,0.5714285969734192
5812,5812,1.0
5813,5813,1.0
5814,5814,1.0
5815,5815,1.0
5816,5816,1.0
5817,5817,0.5714285969734192
5818,5818,0.8571428656578064
5819,5819,0.7142857313156128
5820,5820,1.0
5821,5821,0.7142857313156128
5822,5822,1.0
5823,5823,1.0
5824,5824,0.5714285969734192
5825,5825,0.7142857313156128
5826,5826,0.1428571492433548
5827,5827,0.7142857313156128
5828,5828,0.1428571492433548
5829,5829,1.0
5830,5830,0.7142857313156128
5831,5831,1.0
5832,5832,1.0
5833,5833,1.0
5834,5834,0.1428571492433548
5835,5835,1.0
5836,5836,1.0
5837,5837,1.0
5838,5838,1.0
5839,5839,1.0
5840,5840,1.0
5841,5841,1.0
5842,5842,1.0
5843,5843,1.0
5844,5844,1.0
5845,5845,1.0
5846,5846,1.0
5847,5847,1.0
5848,5848,0.8571428656578064
5849,5849,1.0
5850,5850,1.0
5851,5851,1.0
5852,5852,1.0
5853,5853,1.0
5854,5854,1.0
5855,5855,1.0
5856,5856,1.0
5857,5857,1.0
5858,5858,1.0
5859,5859,1.0
5860,5860,1.0
5861,5861,0.8571428656578064
5862,5862,0.7142857313156128
5863,5863,0.4285714328289032
5864,5864,0.4285714328289032
5865,5865,0.8571428656578064
5866,5866,1.0
5867,5867,1.0
5868,5868,1.0
5869,5869,1.0
5870,5870,1.0
5871,5871,0.8571428656578064
5872,5872,0.8571428656578064
5873,5873,0.5714285969734192
5874,5874,0.7142857313156128
5875,5875,1.0
5876,5876,0.7142857313156128
5877,5877,0.7142857313156128
5878,5878,1.0
5879,5879,1.0
5880,5880,1.0
5881,5881,0.7142857313156128
5882,5882,1.0
5883,5883,1.0
5884,5884,0.8571428656578064
5885,5885,1.0
5886,5886,1.0
5887,5887,1.0
5888,5888,0.5714285969734192
5889,5889,1.0
5890,5890,1.0
5891,5891,0.2857142984867096
5892,5892,1.0
5893,5893,1.0
5894,5894,1.0
5895,5895,0.8571428656578064
5896,5896,1.0
5897,5897,0.8571428656578064
5898,5898,0.8571428656578064
5899,5899,1.0
5900,5900,1.0
5901,5901,1.0
5902,5902,0.8571428656578064
5903,5903,1.0
5904,5904,0.5714285969734192
5905,5905,1.0
5906,5906,0.8571428656578064
5907,5907,0.4285714328289032
5908,5908,0.7142857313156128
5909,5909,1.0
5910,5910,0.8571428656578064
5911,5911,0.5714285969734192
5912,5912,1.0
5913,5913,1.0
5914,5914,1.0
5915,5915,1.0
5916,5916,0.7142857313156128
5917,5917,1.0
5918,5918,1.0
5919,5919,1.0
5920,5920,0.7142857313156128
5921,5921,1.0
5922,5922,1.0
5923,5923,0.5714285969734192
5924,5924,1.0
5925,5925,1.0
5926,5926,1.0
5927,5927,0.5714285969734192
5928,5928,0.5714285969734192
5929,5929,0.5714285969734192
5930,5930,0.8571428656578064
5931,5931,1.0
5932,5932,0.8571428656578064
5933,5933,0.7142857313156128
5934,5934,0.8571428656578064
5935,5935,0.8571428656578064
5936,5936,0.8571428656578064
5937,5937,0.5714285969734192
5938,5938,0.1428571492433548
5939,5939,1.0
5940,5940,0.8571428656578064
5941,5941,1.0
5942,5942,1.0
5943,5943,1.0
5944,5944,0.1428571492433548
5945,5945,1.0
5946,5946,1.0
5947,5947,1.0
5948,5948,1.0
5949,5949,1.0
5950,5950,1.0
5951,5951,1.0
5952,5952,1.0
5953,5953,1.0
5954,5954,1.0
5955,5955,1.0
5956,5956,1.0
5957,5957,1.0
5958,5958,0.8571428656578064
5959,5959,1.0
5960,5960,1.0
5961,5961,1.0
5962,5962,1.0
5963,5963,1.0
5964,5964,1.0
5965,5965,1.0
5966,5966,1.0
5967,5967,1.0
5968,5968,1.0
5969,5969,1.0
5970,5970,1.0
5971,5971,0.4285714328289032
5972,5972,1.0
5973,5973,1.0
5974,5974,1.0
5975,5975,0.7142857313156128
5976,5976,1.0
5977,5977,1.0
5978,5978,1.0
5979,5979,1.0
5980,5980,1.0
5981,5981,0.5714285969734192
5982,5982,0.8571428656578064
5983,5983,0.5714285969734192
5984,5984,0.7142857313156128
5985,5985,1.0
5986,5986,1.0
5987,5987,0.7142857313156128
5988,5988,0.8571428656578064
5989,5989,0.8571428656578064
5990,5990,1.0
5991,5991,1.0
5992,5992,0.8571428656578064
5993,5993,0.7142857313156128
5994,5994,0.8571428656578064
5995,5995,1.0
5996,5996,1.0
5997,5997,1.0
5998,5998,1.0
5999,5999,1.0
6000,6000,1.0
6001,6001,0.7142857313156128
6002,6002,1.0
6003,6003,1.0
6004,6004,1.0
6005,6005,0.8571428656578064
6006,6006,0.8571428656578064
6007,6007,0.8571428656578064
6008,6008,1.0
6009,6009,0.2857142984867096
6010,6010,1.0
6011,6011,0.7142857313156128
6012,6012,0.8571428656578064
6013,6013,0.7142857313156128
6014,6014,1.0
6015,6015,1.0
6016,6016,1.0
6017,6017,0.4285714328289032
6018,6018,0.8571428656578064
6019,6019,0.8571428656578064
6020,6020,0.8571428656578064
6021,6021,0.5714285969734192
6022,6022,1.0
6023,6023,1.0
6024,6024,1.0
6025,6025,1.0
6026,6026,0.7142857313156128
6027,6027,1.0
6028,6028,1.0
6029,6029,0.5714285969734192
6030,6030,0.8571428656578064
6031,6031,1.0
6032,6032,1.0
6033,6033,1.0
6034,6034,1.0
6035,6035,1.0
6036,6036,0.5714285969734192
6037,6037,0.5714285969734192
6038,6038,0.8571428656578064
6039,6039,0.7142857313156128
6040,6040,1.0
6041,6041,0.7142857313156128
6042,6042,1.0
6043,6043,0.7142857313156128
6044,6044,1.0
6045,6045,0.8571428656578064
6046,6046,0.0
6047,6047,0.7142857313156128
6048,6048,0.8571428656578064
6049,6049,0.5714285969734192
6050,6050,0.8571428656578064
6051,6051,1.0
6052,6052,1.0
6053,6053,1.0
6054,6054,1.0
6055,6055,1.0
6056,6056,1.0
6057,6057,1.0
6058,6058,1.0
6059,6059,1.0
6060,6060,1.0
6061,6061,1.0
6062,6062,1.0
6063,6063,1.0
6064,6064,1.0
6065,6065,1.0
6066,6066,1.0
6067,6067,1.0
6068,6068,0.8571428656578064
6069,6069,1.0
6070,6070,1.0
6071,6071,1.0
6072,6072,1.0
6073,6073,1.0
6074,6074,1.0
6075,6075,1.0
6076,6076,1.0
6077,6077,1.0
6078,6078,1.0
6079,6079,1.0
6080,6080,1.0
6081,6081,1.0
6082,6082,1.0
6083,6083,0.7142857313156128
6084,6084,1.0
6085,6085,0.8571428656578064
6086,6086,1.0
6087,6087,1.0
6088,6088,1.0
6089,6089,1.0
6090,6090,0.4285714328289032
6091,6091,0.8571428656578064
6092,6092,0.8571428656578064
6093,6093,1.0
6094,6094,0.7142857313156128
6095,6095,1.0
6096,6096,1.0
6097,6097,0.7142857313156128
6098,6098,1.0
6099,6099,1.0
6100,6100,1.0
6101,6101,1.0
6102,6102,0.4285714328289032
6103,6103,1.0
6104,6104,0.8571428656578064
6105,6105,0.8571428656578064
6106,6106,1.0
6107,6107,1.0
6108,6108,1.0
6109,6109,1.0
6110,6110,1.0
6111,6111,1.0
6112,6112,1.0
6113,6113,1.0
6114,6114,1.0
6115,6115,0.1428571492433548
6116,6116,1.0
6117,6117,0.8571428656578064
6118,6118,0.4285714328289032
6119,6119,1.0
6120,6120,1.0
6121,6121,1.0
6122,6122,1.0
6123,6123,0.5714285969734192
6124,6124,1.0
6125,6125,1.0
6126,6126,0.8571428656578064
6127,6127,0.4285714328289032
6128,6128,1.0
6129,6129,0.7142857313156128
6130,6130,0.0
6131,6131,0.5714285969734192
6132,6132,1.0
6133,6133,1.0
6134,6134,1.0
6135,6135,0.8571428656578064
6136,6136,0.7142857313156128
6137,6137,1.0
6138,6138,0.0
6139,6139,1.0
6140,6140,0.8571428656578064
6141,6141,1.0
6142,6142,0.5714285969734192
6143,6143,1.0
6144,6144,1.0
6145,6145,1.0
6146,6146,1.0
6147,6147,0.5714285969734192
6148,6148,0.8571428656578064
6149,6149,1.0
6150,6150,0.8571428656578064
6151,6151,1.0
6152,6152,1.0
6153,6153,1.0
6154,6154,1.0
6155,6155,1.0
6156,6156,1.0
6157,6157,1.0
6158,6158,0.7142857313156128
6159,6159,1.0
6160,6160,0.5714285969734192
6161,6161,1.0
6162,6162,1.0
6163,6163,1.0
6164,6164,0.1428571492433548
6165,6165,1.0
6166,6166,1.0
6167,6167,1.0
6168,6168,1.0
6169,6169,1.0
6170,6170,1.0
6171,6171,1.0
6172,6172,1.0
6173,6173,1.0
6174,6174,1.0
6175,6175,1.0
6176,6176,1.0
6177,6177,1.0
6178,6178,0.8571428656578064
6179,6179,1.0
6180,6180,1.0
6181,6181,1.0
6182,6182,1.0
6183,6183,1.0
6184,6184,1.0
6185,6185,1.0
6186,6186,1.0
6187,6187,1.0
6188,6188,1.0
6189,6189,1.0
6190,6190,1.0
6191,6191,1.0
6192,6192,0.0
6193,6193,1.0
6194,6194,0.4285714328289032
6195,6195,0.7142857313156128
6196,6196,1.0
6197,6197,1.0
6198,6198,1.0
6199,6199,1.0
6200,6200,1.0
6201,6201,0.8571428656578064
6202,6202,0.8571428656578064
6203,6203,1.0
6204,6204,0.7142857313156128
6205,6205,0.5714285969734192
6206,6206,0.1428571492433548
6207,6207,0.7142857313156128
6208,6208,1.0
6209,6209,1.0
6210,6210,1.0
6211,6211,0.7142857313156128
6212,6212,0.8571428656578064
6213,6213,1.0
6214,6214,1.0
6215,6215,1.0
6216,6216,1.0
6217,6217,1.0
6218,6218,1.0
6219,6219,1.0
6220,6220,1.0
6221,6221,1.0
6222,6222,1.0
6223,6223,1.0
6224,6224,1.0
6225,6225,0.8571428656578064
6226,6226,1.0
6227,6227,0.8571428656578064
6228,6228,1.0
6229,6229,1.0
6230,6230,0.8571428656578064
6231,6231,0.7142857313156128
6232,6232,0.8571428656578064
6233,6233,0.7142857313156128
6234,6234,0.7142857313156128
6235,6235,1.0
6236,6236,1.0
6237,6237,0.8571428656578064
6238,6238,0.7142857313156128
6239,6239,0.7142857313156128
6240,6240,0.2857142984867096
6241,6241,1.0
6242,6242,1.0
6243,6243,1.0
6244,6244,1.0
6245,6245,1.0
6246,6246,1.0
6247,6247,1.0
6248,6248,0.7142857313156128
6249,6249,1.0
6250,6250,0.8571428656578064
6251,6251,1.0
6252,6252,1.0
6253,6253,1.0
6254,6254,0.8571428656578064
6255,6255,0.7142857313156128
6256,6256,1.0
6257,6257,1.0
6258,6258,0.8571428656578064
6259,6259,1.0
6260,6260,0.8571428656578064
6261,6261,0.7142857313156128
6262,6262,1.0
6263,6263,0.5714285969734192
6264,6264,0.4285714328289032
6265,6265,0.8571428656578064
6266,6266,1.0
6267,6267,0.7142857313156128
6268,6268,0.4285714328289032
6269,6269,1.0
6270,6270,0.8571428656578064
6271,6271,1.0
6272,6272,1.0
6273,6273,1.0
6274,6274,1.0
6275,6275,1.0
6276,6276,1.0
6277,6277,1.0
6278,6278,1.0
6279,6279,1.0
6280,6280,1.0
6281,6281,1.0
6282,6282,1.0
6283,6283,1.0
6284,6284,1.0
6285,6285,1.0
6286,6286,1.0
6287,6287,1.0
6288,6288,1.0
6289,6289,1.0
6290,6290,1.0
6291,6291,1.0
6292,6292,1.0
6293,6293,1.0
6294,6294,1.0
6295,6295,1.0
6296,6296,1.0
6297,6297,1.0
6298,6298,1.0
6299,6299,1.0
6300,6300,1.0
6301,6301,1.0
6302,6302,0.7142857313156128
6303,6303,0.4285714328289032
6304,6304,0.4285714328289032
6305,6305,0.7142857313156128
6306,6306,1.0
6307,6307,1.0
6308,6308,1.0
6309,6309,1.0
6310,6310,1.0
6311,6311,1.0
6312,6312,0.5714285969734192
6313,6313,0.2857142984867096
6314,6314,0.7142857313156128
6315,6315,1.0
6316,6316,0.5714285969734192
6317,6317,0.7142857313156128
6318,6318,0.8571428656578064
6319,6319,0.7142857313156128
6320,6320,0.8571428656578064
6321,6321,1.0
6322,6322,0.1428571492433548
6323,6323,0.7142857313156128
6324,6324,0.8571428656578064
6325,6325,1.0
6326,6326,1.0
6327,6327,1.0
6328,6328,0.7142857313156128
6329,6329,0.7142857313156128
6330,6330,0.5714285969734192
6331,6331,1.0
6332,6332,1.0
6333,6333,1.0
6334,6334,1.0
6335,6335,0.8571428656578064
6336,6336,1.0
6337,6337,0.8571428656578064
6338,6338,1.0
6339,6339,1.0
6340,6340,1.0
6341,6341,0.1428571492433548
6342,6342,0.8571428656578064
6343,6343,1.0
6344,6344,0.5714285969734192
6345,6345,0.2857142984867096
6346,6346,1.0
6347,6347,0.8571428656578064
6348,6348,0.1428571492433548
6349,6349,0.7142857313156128
6350,6350,1.0
6351,6351,1.0
6352,6352,1.0
6353,6353,1.0
6354,6354,0.8571428656578064
6355,6355,1.0
6356,6356,0.7142857313156128
6357,6357,0.8571428656578064
6358,6358,1.0
6359,6359,1.0
6360,6360,0.8571428656578064
6361,6361,0.7142857313156128
6362,6362,1.0
6363,6363,1.0
6364,6364,1.0
6365,6365,1.0
6366,6366,1.0
6367,6367,0.8571428656578064
6368,6368,0.8571428656578064
6369,6369,0.7142857313156128
6370,6370,0.8571428656578064
6371,6371,0.7142857313156128
6372,6372,1.0
6373,6373,0.7142857313156128
6374,6374,0.1428571492433548
6375,6375,1.0
6376,6376,1.0
6377,6377,1.0
6378,6378,0.8571428656578064
6379,6379,1.0
6380,6380,0.8571428656578064
6381,6381,1.0
6382,6382,1.0
6383,6383,1.0
6384,6384,0.1428571492433548
6385,6385,1.0
6386,6386,1.0
6387,6387,1.0
6388,6388,1.0
6389,6389,0.1428571492433548
6390,6390,1.0
6391,6391,1.0
6392,6392,1.0
6393,6393,1.0
6394,6394,1.0
6395,6395,1.0
6396,6396,1.0
6397,6397,1.0
6398,6398,0.8571428656578064
6399,6399,1.0
6400,6400,1.0
6401,6401,1.0
6402,6402,1.0
6403,6403,1.0
6404,6404,1.0
6405,6405,1.0
6406,6406,1.0
6407,6407,1.0
6408,6408,1.0
6409,6409,1.0
6410,6410,1.0
6411,6411,0.8571428656578064
6412,6412,1.0
6413,6413,1.0
6414,6414,1.0
6415,6415,1.0
6416,6416,1.0
6417,6417,1.0
6418,6418,1.0
6419,6419,0.4285714328289032
6420,6420,1.0
6421,6421,0.8571428656578064
6422,6422,0.8571428656578064
6423,6423,0.5714285969734192
6424,6424,0.7142857313156128
6425,6425,1.0
6426,6426,1.0
6427,6427,0.7142857313156128
6428,6428,1.0
6429,6429,1.0
6430,6430,1.0
6431,6431,1.0
6432,6432,0.8571428656578064
6433,6433,0.7142857313156128
6434,6434,0.8571428656578064
6435,6435,1.0
6436,6436,1.0
6437,6437,0.0
6438,6438,1.0
6439,6439,1.0
6440,6440,1.0
6441,6441,1.0
6442,6442,0.5714285969734192
6443,6443,1.0
6444,6444,1.0
6445,6445,0.8571428656578064
6446,6446,1.0
6447,6447,0.8571428656578064
6448,6448,1.0
6449,6449,1.0
6450,6450,1.0
6451,6451,1.0
6452,6452,0.8571428656578064
6453,6453,0.8571428656578064
6454,6454,0.5714285969734192
6455,6455,1.0
6456,6456,0.7142857313156128
6457,6457,0.4285714328289032
6458,6458,0.8571428656578064
6459,6459,0.8571428656578064
6460,6460,1.0
6461,6461,1.0
6462,6462,1.0
6463,6463,1.0
6464,6464,1.0
6465,6465,0.8571428656578064
6466,6466,1.0
6467,6467,0.1428571492433548
6468,6468,1.0
6469,6469,1.0
6470,6470,0.8571428656578064
6471,6471,1.0
6472,6472,1.0
6473,6473,1.0
6474,6474,1.0
6475,6475,1.0
6476,6476,1.0
6477,6477,0.5714285969734192
6478,6478,0.8571428656578064
6479,6479,0.7142857313156128
6480,6480,0.8571428656578064
6481,6481,1.0
6482,6482,0.5714285969734192
6483,6483,0.1428571492433548
6484,6484,0.8571428656578064
6485,6485,0.8571428656578064
6486,6486,1.0
6487,6487,1.0
6488,6488,0.8571428656578064
6489,6489,0.5714285969734192
6490,6490,0.8571428656578064
6491,6491,1.0
6492,6492,1.0
6493,6493,1.0
6494,6494,1.0
6495,6495,1.0
6496,6496,1.0
6497,6497,1.0
6498,6498,1.0
6499,6499,1.0
6500,6500,1.0
6501,6501,1.0
6502,6502,1.0
6503,6503,1.0
6504,6504,1.0
6505,6505,1.0
6506,6506,1.0
6507,6507,1.0
6508,6508,0.8571428656578064
6509,6509,1.0
6510,6510,1.0
6511,6511,1.0
6512,6512,1.0
6513,6513,1.0
6514,6514,1.0
6515,6515,1.0
6516,6516,1.0
6517,6517,1.0
6518,6518,1.0
6519,6519,1.0
6520,6520,1.0
6521,6521,0.8571428656578064
6522,6522,0.7142857313156128
6523,6523,1.0
6524,6524,1.0
6525,6525,1.0
6526,6526,0.4285714328289032
6527,6527,1.0
6528,6528,1.0
6529,6529,1.0
6530,6530,1.0
6531,6531,0.8571428656578064
6532,6532,0.8571428656578064
6533,6533,1.0
6534,6534,0.2857142984867096
6535,6535,1.0
6536,6536,1.0
6537,6537,0.7142857313156128
6538,6538,1.0
6539,6539,1.0
6540,6540,1.0
6541,6541,0.8571428656578064
6542,6542,0.8571428656578064
6543,6543,0.7142857313156128
6544,6544,0.8571428656578064
6545,6545,1.0
6546,6546,1.0
6547,6547,1.0
6548,6548,0.8571428656578064
6549,6549,1.0
6550,6550,1.0
6551,6551,1.0
6552,6552,1.0
6553,6553,1.0
6554,6554,0.4285714328289032
6555,6555,0.8571428656578064
6556,6556,1.0
6557,6557,0.8571428656578064
6558,6558,0.8571428656578064
6559,6559,1.0
6560,6560,0.8571428656578064
6561,6561,0.8571428656578064
6562,6562,0.1428571492433548
6563,6563,0.7142857313156128
6564,6564,0.5714285969734192
6565,6565,1.0
6566,6566,0.8571428656578064
6567,6567,0.4285714328289032
6568,6568,1.0
6569,6569,0.7142857313156128
6570,6570,1.0
6571,6571,1.0
6572,6572,1.0
6573,6573,1.0
6574,6574,1.0
6575,6575,0.8571428656578064
6576,6576,1.0
6577,6577,1.0
6578,6578,1.0
6579,6579,1.0
6580,6580,0.8571428656578064
6581,6581,1.0
6582,6582,1.0
6583,6583,1.0
6584,6584,1.0
6585,6585,1.0
6586,6586,1.0
6587,6587,0.5714285969734192
6588,6588,0.8571428656578064
6589,6589,0.0
6590,6590,0.8571428656578064
6591,6591,1.0
6592,6592,1.0
6593,6593,0.5714285969734192
6594,6594,1.0
6595,6595,0.8571428656578064
6596,6596,0.7142857313156128
6597,6597,0.5714285969734192
6598,6598,0.8571428656578064
6599,6599,0.5714285969734192
6600,6600,0.8571428656578064
6601,6601,1.0
6602,6602,1.0
6603,6603,1.0
6604,6604,1.0
6605,6605,1.0
6606,6606,1.0
6607,6607,1.0
6608,6608,1.0
6609,6609,1.0
6610,6610,1.0
6611,6611,1.0
6612,6612,1.0
6613,6613,1.0
6614,6614,1.0
6615,6615,1.0
6616,6616,1.0
6617,6617,1.0
6618,6618,0.8571428656578064
6619,6619,1.0
6620,6620,1.0
6621,6621,1.0
6622,6622,1.0
6623,6623,1.0
6624,6624,1.0
6625,6625,1.0
6626,6626,1.0
6627,6627,1.0
6628,6628,1.0
6629,6629,1.0
6630,6630,1.0
6631,6631,0.8571428656578064
6632,6632,1.0
6633,6633,0.4285714328289032
6634,6634,1.0
6635,6635,0.7142857313156128
6636,6636,1.0
6637,6637,1.0
6638,6638,1.0
6639,6639,1.0
6640,6640,1.0
6641,6641,0.2857142984867096
6642,6642,0.8571428656578064
6643,6643,1.0
6644,6644,0.7142857313156128
6645,6645,1.0
6646,6646,0.5714285969734192
6647,6647,0.7142857313156128
6648,6648,1.0
6649,6649,0.7142857313156128
6650,6650,1.0
6651,6651,1.0
6652,6652,0.8571428656578064
6653,6653,0.7142857313156128
6654,6654,0.8571428656578064
6655,6655,0.7142857313156128
6656,6656,1.0
6657,6657,1.0
6658,6658,1.0
6659,6659,1.0
6660,6660,1.0
6661,6661,1.0
6662,6662,1.0
6663,6663,1.0
6664,6664,0.5714285969734192
6665,6665,0.8571428656578064
6666,6666,0.8571428656578064
6667,6667,0.8571428656578064
6668,6668,1.0
6669,6669,1.0
6670,6670,1.0
6671,6671,1.0
6672,6672,0.8571428656578064
6673,6673,1.0
6674,6674,1.0
6675,6675,1.0
6676,6676,0.7142857313156128
6677,6677,0.4285714328289032
6678,6678,0.8571428656578064
6679,6679,1.0
6680,6680,1.0
6681,6681,1.0
6682,6682,1.0
6683,6683,1.0
6684,6684,1.0
6685,6685,1.0
6686,6686,0.7142857313156128
6687,6687,1.0
6688,6688,1.0
6689,6689,1.0
6690,6690,0.8571428656578064
6691,6691,0.7142857313156128
6692,6692,0.8571428656578064
6693,6693,0.8571428656578064
6694,6694,1.0
6695,6695,1.0
6696,6696,1.0
6697,6697,0.5714285969734192
6698,6698,0.7142857313156128
6699,6699,0.8571428656578064
6700,6700,0.8571428656578064
6701,6701,0.5714285969734192
6702,6702,1.0
6703,6703,0.7142857313156128
6704,6704,0.8571428656578064
6705,6705,1.0
6706,6706,1.0
6707,6707,1.0
6708,6708,1.0
6709,6709,0.8571428656578064
6710,6710,0.8571428656578064
6711,6711,1.0
6712,6712,1.0
6713,6713,1.0
6714,6714,1.0
6715,6715,1.0
6716,6716,1.0
6717,6717,1.0
6718,6718,1.0
6719,6719,1.0
6720,6720,1.0
6721,6721,1.0
6722,6722,1.0
6723,6723,1.0
6724,6724,1.0
6725,6725,1.0
6726,6726,1.0
6727,6727,1.0
6728,6728,1.0
6729,6729,1.0
6730,6730,1.0
6731,6731,1.0
6732,6732,1.0
6733,6733,1.0
6734,6734,1.0
6735,6735,1.0
6736,6736,1.0
6737,6737,1.0
6738,6738,1.0
6739,6739,1.0
6740,6740,1.0
6741,6741,1.0
6742,6742,0.8571428656578064
6743,6743,0.7142857313156128
6744,6744,1.0
6745,6745,0.8571428656578064
6746,6746,1.0
6747,6747,1.0
6748,6748,1.0
6749,6749,1.0
6750,6750,1.0
6751,6751,0.8571428656578064
6752,6752,0.8571428656578064
6753,6753,1.0
6754,6754,0.7142857313156128
6755,6755,1.0
6756,6756,0.7142857313156128
6757,6757,0.8571428656578064
6758,6758,1.0
6759,6759,1.0
6760,6760,0.8571428656578064
6761,6761,1.0
6762,6762,0.8571428656578064
6763,6763,0.7142857313156128
6764,6764,0.7142857313156128
6765,6765,1.0
6766,6766,1.0
6767,6767,0.7142857313156128
6768,6768,1.0
6769,6769,1.0
6770,6770,1.0
6771,6771,1.0
6772,6772,0.5714285969734192
6773,6773,1.0
6774,6774,1.0
6775,6775,0.8571428656578064
6776,6776,1.0
6777,6777,0.8571428656578064
6778,6778,1.0
6779,6779,1.0
6780,6780,1.0
6781,6781,0.8571428656578064
6782,6782,0.8571428656578064
6783,6783,1.0
6784,6784,1.0
6785,6785,0.5714285969734192
6786,6786,1.0
6787,6787,0.7142857313156128
6788,6788,0.2857142984867096
6789,6789,1.0
6790,6790,1.0
6791,6791,1.0
6792,6792,1.0
6793,6793,1.0
6794,6794,1.0
6795,6795,0.8571428656578064
6796,6796,0.7142857313156128
6797,6797,0.7142857313156128
6798,6798,1.0
6799,6799,1.0
6800,6800,0.8571428656578064
6801,6801,1.0
6802,6802,1.0
6803,6803,1.0
6804,6804,1.0
6805,6805,1.0
6806,6806,1.0
6807,6807,0.5714285969734192
6808,6808,0.4285714328289032
6809,6809,0.7142857313156128
6810,6810,0.8571428656578064
6811,6811,1.0
6812,6812,1.0
6813,6813,0.7142857313156128
6814,6814,0.4285714328289032
6815,6815,1.0
6816,6816,0.7142857313156128
6817,6817,1.0
6818,6818,0.8571428656578064
6819,6819,0.8571428656578064
6820,6820,0.8571428656578064
6821,6821,1.0
6822,6822,1.0
6823,6823,1.0
6824,6824,1.0
6825,6825,1.0
6826,6826,1.0
6827,6827,1.0
6828,6828,1.0
6829,6829,1.0
6830,6830,1.0
6831,6831,1.0
6832,6832,1.0
6833,6833,1.0
6834,6834,1.0
6835,6835,1.0
6836,6836,1.0
6837,6837,1.0
6838,6838,1.0
6839,6839,1.0
6840,6840,1.0
6841,6841,1.0
6842,6842,1.0
6843,6843,1.0
6844,6844,1.0
6845,6845,1.0
6846,6846,1.0
6847,6847,1.0
6848,6848,1.0
6849,6849,1.0
6850,6850,1.0
6851,6851,0.8571428656578064
6852,6852,0.7142857313156128
6853,6853,0.7142857313156128
6854,6854,1.0
6855,6855,0.7142857313156128
6856,6856,1.0
6857,6857,1.0
6858,6858,1.0
6859,6859,1.0
6860,6860,1.0
6861,6861,0.8571428656578064
6862,6862,0.8571428656578064
6863,6863,1.0
6864,6864,1.0
6865,6865,1.0
6866,6866,1.0
6867,6867,0.7142857313156128
6868,6868,1.0
6869,6869,1.0
6870,6870,0.2857142984867096
6871,6871,1.0
6872,6872,0.5714285969734192
6873,6873,0.7142857313156128
6874,6874,0.8571428656578064
6875,6875,1.0
6876,6876,1.0
6877,6877,1.0
6878,6878,1.0
6879,6879,0.7142857313156128
6880,6880,1.0
6881,6881,0.7142857313156128
6882,6882,1.0
6883,6883,1.0
6884,6884,1.0
6885,6885,1.0
6886,6886,1.0
6887,6887,0.8571428656578064
6888,6888,1.0
6889,6889,0.7142857313156128
6890,6890,1.0
6891,6891,0.7142857313156128
6892,6892,0.8571428656578064
6893,6893,0.7142857313156128
6894,6894,0.5714285969734192
6895,6895,0.8571428656578064
6896,6896,0.7142857313156128
6897,6897,0.8571428656578064
6898,6898,0.7142857313156128
6899,6899,0.8571428656578064
6900,6900,1.0
6901,6901,0.5714285969734192
6902,6902,1.0
6903,6903,1.0
6904,6904,1.0
6905,6905,0.8571428656578064
6906,6906,1.0
6907,6907,1.0
6908,6908,1.0
6909,6909,1.0
6910,6910,0.8571428656578064
6911,6911,1.0
6912,6912,1.0
6913,6913,1.0
6914,6914,1.0
6915,6915,1.0
6916,6916,1.0
6917,6917,0.8571428656578064
6918,6918,0.8571428656578064
6919,6919,0.7142857313156128
6920,6920,0.8571428656578064
6921,6921,0.7142857313156128
6922,6922,1.0
6923,6923,0.7142857313156128
6924,6924,1.0
6925,6925,0.4285714328289032
6926,6926,0.2857142984867096
6927,6927,0.0
6928,6928,0.8571428656578064
6929,6929,0.8571428656578064
6930,6930,0.5714285969734192
6931,6931,1.0
6932,6932,1.0
6933,6933,1.0
6934,6934,1.0
6935,6935,1.0
6936,6936,1.0
6937,6937,1.0
6938,6938,1.0
6939,6939,0.1428571492433548
6940,6940,1.0
6941,6941,1.0
6942,6942,1.0
6943,6943,1.0
6944,6944,1.0
6945,6945,1.0
6946,6946,1.0
6947,6947,1.0
6948,6948,0.8571428656578064
6949,6949,1.0
6950,6950,1.0
6951,6951,1.0
6952,6952,1.0
6953,6953,1.0
6954,6954,1.0
6955,6955,1.0
6956,6956,1.0
6957,6957,1.0
6958,6958,1.0
6959,6959,1.0
6960,6960,1.0
6961,6961,1.0
6962,6962,1.0
6963,6963,0.7142857313156128
6964,6964,1.0
6965,6965,0.0
6966,6966,1.0
6967,6967,1.0
6968,6968,1.0
6969,6969,1.0
6970,6970,1.0
6971,6971,0.7142857313156128
6972,6972,0.8571428656578064
6973,6973,1.0
6974,6974,0.2857142984867096
6975,6975,1.0
6976,6976,1.0
6977,6977,0.8571428656578064
6978,6978,1.0
6979,6979,1.0
6980,6980,1.0
6981,6981,1.0
6982,6982,0.8571428656578064
6983,6983,0.7142857313156128
6984,6984,0.8571428656578064
6985,6985,1.0
6986,6986,1.0
6987,6987,1.0
6988,6988,1.0
6989,6989,1.0
6990,6990,0.7142857313156128
6991,6991,1.0
6992,6992,0.7142857313156128
6993,6993,1.0
6994,6994,1.0
6995,6995,0.8571428656578064
6996,6996,1.0
6997,6997,1.0
6998,6998,1.0
6999,6999,1.0
7000,7000,1.0
7001,7001,1.0
7002,7002,0.8571428656578064
7003,7003,1.0
7004,7004,0.5714285969734192
7005,7005,1.0
7006,7006,0.8571428656578064
7007,7007,0.4285714328289032
7008,7008,1.0
7009,7009,1.0
7010,7010,0.8571428656578064
7011,7011,1.0
7012,7012,1.0
7013,7013,1.0
7014,7014,1.0
7015,7015,0.8571428656578064
7016,7016,0.7142857313156128
7017,7017,0.8571428656578064
7018,7018,1.0
7019,7019,1.0
7020,7020,0.8571428656578064
7021,7021,1.0
7022,7022,1.0
7023,7023,1.0
7024,7024,1.0
7025,7025,1.0
7026,7026,1.0
7027,7027,0.8571428656578064
7028,7028,0.8571428656578064
7029,7029,0.0
7030,7030,1.0
7031,7031,0.5714285969734192
7032,7032,1.0
7033,7033,0.2857142984867096
7034,7034,1.0
7035,7035,0.8571428656578064
7036,7036,0.8571428656578064
7037,7037,1.0
7038,7038,0.8571428656578064
7039,7039,1.0
7040,7040,0.8571428656578064
7041,7041,1.0
7042,7042,1.0
7043,7043,1.0
7044,7044,1.0
7045,7045,1.0
7046,7046,1.0
7047,7047,1.0
7048,7048,1.0
7049,7049,1.0
7050,7050,1.0
7051,7051,1.0
7052,7052,1.0
7053,7053,1.0
7054,7054,1.0
7055,7055,1.0
7056,7056,1.0
7057,7057,1.0
7058,7058,0.8571428656578064
7059,7059,1.0
7060,7060,1.0
7061,7061,1.0
7062,7062,1.0
7063,7063,1.0
7064,7064,1.0
7065,7065,1.0
7066,7066,1.0
7067,7067,1.0
7068,7068,1.0
7069,7069,1.0
7070,7070,1.0
7071,7071,0.8571428656578064
7072,7072,0.7142857313156128
7073,7073,1.0
7074,7074,1.0
7075,7075,1.0
7076,7076,1.0
7077,7077,1.0
7078,7078,1.0
7079,7079,1.0
7080,7080,1.0
7081,7081,0.8571428656578064
7082,7082,0.8571428656578064
7083,7083,1.0
7084,7084,0.7142857313156128
7085,7085,1.0
7086,7086,1.0
7087,7087,0.4285714328289032
7088,7088,1.0
7089,7089,0.7142857313156128
7090,7090,1.0
7091,7091,1.0
7092,7092,0.8571428656578064
7093,7093,0.7142857313156128
7094,7094,0.8571428656578064
7095,7095,0.0
7096,7096,0.5714285969734192
7097,7097,1.0
7098,7098,0.4285714328289032
7099,7099,1.0
7100,7100,1.0
7101,7101,1.0
7102,7102,1.0
7103,7103,0.2857142984867096
7104,7104,1.0
7105,7105,0.8571428656578064
7106,7106,0.8571428656578064
7107,7107,0.8571428656578064
7108,7108,1.0
7109,7109,0.1428571492433548
7110,7110,1.0
7111,7111,0.7142857313156128
7112,7112,0.8571428656578064
7113,7113,1.0
7114,7114,0.5714285969734192
7115,7115,1.0
7116,7116,0.7142857313156128
7117,7117,0.7142857313156128
7118,7118,0.8571428656578064
7119,7119,0.7142857313156128
7120,7120,0.8571428656578064
7121,7121,1.0
7122,7122,1.0
7123,7123,1.0
7124,7124,1.0
7125,7125,0.8571428656578064
7126,7126,1.0
7127,7127,1.0
7128,7128,1.0
7129,7129,1.0
7130,7130,0.8571428656578064
7131,7131,0.7142857313156128
7132,7132,1.0
7133,7133,1.0
7134,7134,1.0
7135,7135,0.8571428656578064
7136,7136,1.0
7137,7137,0.8571428656578064
7138,7138,0.8571428656578064
7139,7139,0.8571428656578064
7140,7140,1.0
7141,7141,1.0
7142,7142,1.0
7143,7143,0.7142857313156128
7144,7144,0.4285714328289032
7145,7145,0.8571428656578064
7146,7146,0.4285714328289032
7147,7147,1.0
7148,7148,0.7142857313156128
7149,7149,1.0
7150,7150,0.8571428656578064
7151,7151,1.0
7152,7152,1.0
7153,7153,1.0
7154,7154,1.0
7155,7155,1.0
7156,7156,1.0
7157,7157,1.0
7158,7158,1.0
7159,7159,1.0
7160,7160,1.0
7161,7161,1.0
7162,7162,1.0
7163,7163,1.0
7164,7164,1.0
7165,7165,1.0
7166,7166,1.0
7167,7167,1.0
7168,7168,0.8571428656578064
7169,7169,1.0
7170,7170,1.0
7171,7171,1.0
7172,7172,1.0
7173,7173,1.0
7174,7174,1.0
7175,7175,1.0
7176,7176,1.0
7177,7177,1.0
7178,7178,1.0
7179,7179,1.0
7180,7180,1.0
7181,7181,0.8571428656578064
7182,7182,0.7142857313156128
7183,7183,1.0
7184,7184,1.0
7185,7185,0.8571428656578064
7186,7186,1.0
7187,7187,1.0
7188,7188,1.0
7189,7189,1.0
7190,7190,1.0
7191,7191,0.8571428656578064
7192,7192,0.8571428656578064
7193,7193,1.0
7194,7194,0.7142857313156128
7195,7195,0.5714285969734192
7196,7196,1.0
7197,7197,0.7142857313156128
7198,7198,0.8571428656578064
7199,7199,1.0
7200,7200,1.0
7201,7201,1.0
7202,7202,0.7142857313156128
7203,7203,1.0
7204,7204,0.8571428656578064
7205,7205,0.8571428656578064
7206,7206,1.0
7207,7207,1.0
7208,7208,0.4285714328289032
7209,7209,1.0
7210,7210,1.0
7211,7211,1.0
7212,7212,0.2857142984867096
7213,7213,1.0
7214,7214,1.0
7215,7215,0.8571428656578064
7216,7216,1.0
7217,7217,0.8571428656578064
7218,7218,0.4285714328289032
7219,7219,1.0
7220,7220,1.0
7221,7221,1.0
7222,7222,1.0
7223,7223,1.0
7224,7224,0.8571428656578064
7225,7225,1.0
7226,7226,0.7142857313156128
7227,7227,0.7142857313156128
7228,7228,0.7142857313156128
7229,7229,1.0
7230,7230,0.8571428656578064
7231,7231,0.5714285969734192
7232,7232,1.0
7233,7233,1.0
7234,7234,1.0
7235,7235,0.5714285969734192
7236,7236,0.7142857313156128
7237,7237,1.0
7238,7238,1.0
7239,7239,1.0
7240,7240,0.8571428656578064
7241,7241,1.0
7242,7242,0.5714285969734192
7243,7243,1.0
7244,7244,0.7142857313156128
7245,7245,1.0
7246,7246,0.8571428656578064
7247,7247,0.5714285969734192
7248,7248,0.2857142984867096
7249,7249,1.0
7250,7250,0.8571428656578064
7251,7251,1.0
7252,7252,1.0
7253,7253,0.8571428656578064
7254,7254,0.5714285969734192
7255,7255,0.4285714328289032
7256,7256,1.0
7257,7257,1.0
7258,7258,0.8571428656578064
7259,7259,1.0
7260,7260,0.8571428656578064
7261,7261,1.0
7262,7262,1.0
7263,7263,1.0
7264,7264,0.1428571492433548
7265,7265,1.0
7266,7266,1.0
7267,7267,1.0
7268,7268,1.0
7269,7269,1.0
7270,7270,1.0
7271,7271,1.0
7272,7272,1.0
7273,7273,1.0
7274,7274,1.0
7275,7275,1.0
7276,7276,1.0
7277,7277,1.0
7278,7278,0.8571428656578064
7279,7279,1.0
7280,7280,1.0
7281,7281,1.0
7282,7282,1.0
7283,7283,1.0
7284,7284,1.0
7285,7285,1.0
7286,7286,1.0
7287,7287,1.0
7288,7288,1.0
7289,7289,1.0
7290,7290,1.0
7291,7291,1.0
7292,7292,1.0
7293,7293,0.1428571492433548
7294,7294,1.0
7295,7295,0.8571428656578064
7296,7296,1.0
7297,7297,1.0
7298,7298,1.0
7299,7299,1.0
7300,7300,1.0
7301,7301,0.8571428656578064
7302,7302,0.8571428656578064
7303,7303,1.0
7304,7304,0.7142857313156128
7305,7305,0.2857142984867096
7306,7306,0.5714285969734192
7307,7307,0.7142857313156128
7308,7308,1.0
7309,7309,0.7142857313156128
7310,7310,1.0
7311,7311,1.0
7312,7312,0.8571428656578064
7313,7313,0.7142857313156128
7314,7314,0.7142857313156128
7315,7315,1.0
7316,7316,1.0
7317,7317,0.4285714328289032
7318,7318,1.0
7319,7319,1.0
7320,7320,0.5714285969734192
7321,7321,1.0
7322,7322,0.7142857313156128
7323,7323,1.0
7324,7324,1.0
7325,7325,0.5714285969734192
7326,7326,1.0
7327,7327,0.8571428656578064
7328,7328,0.0
7329,7329,1.0
7330,7330,1.0
7331,7331,0.7142857313156128
7332,7332,0.8571428656578064
7333,7333,1.0
7334,7334,0.5714285969734192
7335,7335,0.5714285969734192
7336,7336,1.0
7337,7337,0.8571428656578064
7338,7338,1.0
7339,7339,1.0
7340,7340,0.8571428656578064
7341,7341,0.5714285969734192
7342,7342,1.0
7343,7343,1.0
7344,7344,1.0
7345,7345,1.0
7346,7346,0.7142857313156128
7347,7347,1.0
7348,7348,1.0
7349,7349,1.0
7350,7350,1.0
7351,7351,1.0
7352,7352,1.0
7353,7353,1.0
7354,7354,1.0
7355,7355,1.0
7356,7356,1.0
7357,7357,0.8571428656578064
7358,7358,0.8571428656578064
7359,7359,1.0
7360,7360,0.8571428656578064
7361,7361,1.0
7362,7362,1.0
7363,7363,0.5714285969734192
7364,7364,0.8571428656578064
7365,7365,1.0
7366,7366,1.0
7367,7367,1.0
7368,7368,0.8571428656578064
7369,7369,1.0
7370,7370,0.8571428656578064
7371,7371,1.0
7372,7372,1.0
7373,7373,1.0
7374,7374,1.0
7375,7375,1.0
7376,7376,1.0
7377,7377,1.0
7378,7378,1.0
7379,7379,1.0
7380,7380,1.0
7381,7381,1.0
7382,7382,1.0
7383,7383,1.0
7384,7384,1.0
7385,7385,1.0
7386,7386,1.0
7387,7387,1.0
7388,7388,0.8571428656578064
7389,7389,1.0
7390,7390,1.0
7391,7391,1.0
7392,7392,1.0
7393,7393,1.0
7394,7394,1.0
7395,7395,1.0
7396,7396,1.0
7397,7397,1.0
7398,7398,1.0
7399,7399,1.0
7400,7400,1.0
7401,7401,0.4285714328289032
7402,7402,0.8571428656578064
7403,7403,0.7142857313156128
7404,7404,0.1428571492433548
7405,7405,0.1428571492433548
7406,7406,1.0
7407,7407,1.0
7408,7408,1.0
7409,7409,1.0
7410,7410,1.0
7411,7411,0.5714285969734192
7412,7412,1.0
7413,7413,1.0
7414,7414,0.2857142984867096
7415,7415,1.0
7416,7416,0.7142857313156128
7417,7417,0.8571428656578064
7418,7418,1.0
7419,7419,1.0
7420,7420,1.0
7421,7421,1.0
7422,7422,0.5714285969734192
7423,7423,0.7142857313156128
7424,7424,0.8571428656578064
7425,7425,1.0
7426,7426,1.0
7427,7427,1.0
7428,7428,0.7142857313156128
7429,7429,1.0
7430,7430,1.0
7431,7431,1.0
7432,7432,1.0
7433,7433,1.0
7434,7434,1.0
7435,7435,0.8571428656578064
7436,7436,1.0
7437,7437,0.8571428656578064
7438,7438,1.0
7439,7439,1.0
7440,7440,1.0
7441,7441,1.0
7442,7442,1.0
7443,7443,1.0
7444,7444,1.0
7445,7445,1.0
7446,7446,0.7142857313156128
7447,7447,0.8571428656578064
7448,7448,1.0
7449,7449,1.0
7450,7450,1.0
7451,7451,1.0
7452,7452,1.0
7453,7453,1.0
7454,7454,0.1428571492433548
7455,7455,0.5714285969734192
7456,7456,0.7142857313156128
7457,7457,0.2857142984867096
7458,7458,1.0
7459,7459,1.0
7460,7460,0.8571428656578064
7461,7461,1.0
7462,7462,0.5714285969734192
7463,7463,0.7142857313156128
7464,7464,1.0
7465,7465,1.0
7466,7466,1.0
7467,7467,0.8571428656578064
7468,7468,1.0
7469,7469,0.7142857313156128
7470,7470,0.8571428656578064
7471,7471,0.7142857313156128
7472,7472,0.8571428656578064
7473,7473,0.4285714328289032
7474,7474,0.7142857313156128
7475,7475,1.0
7476,7476,1.0
7477,7477,1.0
7478,7478,0.8571428656578064
7479,7479,0.8571428656578064
7480,7480,0.8571428656578064
7481,7481,1.0
7482,7482,1.0
7483,7483,1.0
7484,7484,1.0
7485,7485,1.0
7486,7486,1.0
7487,7487,1.0
7488,7488,1.0
7489,7489,1.0
7490,7490,1.0
7491,7491,1.0
7492,7492,1.0
7493,7493,1.0
7494,7494,1.0
7495,7495,1.0
7496,7496,1.0
7497,7497,1.0
7498,7498,0.8571428656578064
7499,7499,1.0
7500,7500,1.0
7501,7501,1.0
7502,7502,1.0
7503,7503,1.0
7504,7504,1.0
7505,7505,1.0
7506,7506,1.0
7507,7507,1.0
7508,7508,1.0
7509,7509,1.0
7510,7510,1.0
7511,7511,1.0
7512,7512,0.7142857313156128
7513,7513,0.7142857313156128
7514,7514,0.4285714328289032
7515,7515,0.7142857313156128
7516,7516,1.0
7517,7517,1.0
7518,7518,1.0
7519,7519,1.0
7520,7520,1.0
7521,7521,0.8571428656578064
7522,7522,0.8571428656578064
7523,7523,0.5714285969734192
7524,7524,0.7142857313156128
7525,7525,1.0
7526,7526,1.0
7527,7527,0.8571428656578064
7528,7528,1.0
7529,7529,1.0
7530,7530,0.8571428656578064
7531,7531,1.0
7532,7532,0.8571428656578064
7533,7533,0.7142857313156128
7534,7534,0.8571428656578064
7535,7535,1.0
7536,7536,1.0
7537,7537,1.0
7538,7538,1.0
7539,7539,1.0
7540,7540,0.5714285969734192
7541,7541,1.0
7542,7542,1.0
7543,7543,1.0
7544,7544,0.5714285969734192
7545,7545,0.8571428656578064
7546,7546,1.0
7547,7547,0.8571428656578064
7548,7548,0.4285714328289032
7549,7549,1.0
7550,7550,1.0
7551,7551,1.0
7552,7552,0.7142857313156128
7553,7553,1.0
7554,7554,1.0
7555,7555,1.0
7556,7556,0.7142857313156128
7557,7557,0.7142857313156128
7558,7558,0.7142857313156128
7559,7559,1.0
7560,7560,1.0
7561,7561,1.0
7562,7562,1.0
7563,7563,1.0
7564,7564,1.0
7565,7565,0.5714285969734192
7566,7566,0.7142857313156128
7567,7567,0.8571428656578064
7568,7568,1.0
7569,7569,1.0
7570,7570,0.0
7571,7571,1.0
7572,7572,1.0
7573,7573,1.0
7574,7574,1.0
7575,7575,1.0
7576,7576,1.0
7577,7577,0.5714285969734192
7578,7578,0.7142857313156128
7579,7579,0.7142857313156128
7580,7580,1.0
7581,7581,0.7142857313156128
7582,7582,0.8571428656578064
7583,7583,0.5714285969734192
7584,7584,1.0
7585,7585,0.8571428656578064
7586,7586,1.0
7587,7587,1.0
7588,7588,0.8571428656578064
7589,7589,1.0
7590,7590,0.8571428656578064
7591,7591,1.0
7592,7592,1.0
7593,7593,1.0
7594,7594,1.0
7595,7595,1.0
7596,7596,1.0
7597,7597,1.0
7598,7598,1.0
7599,7599,1.0
7600,7600,1.0
7601,7601,1.0
7602,7602,1.0
7603,7603,1.0
7604,7604,1.0
7605,7605,1.0
7606,7606,1.0
7607,7607,1.0
7608,7608,0.8571428656578064
7609,7609,1.0
7610,7610,1.0
7611,7611,1.0
7612,7612,1.0
7613,7613,1.0
7614,7614,1.0
7615,7615,1.0
7616,7616,1.0
7617,7617,1.0
7618,7618,1.0
7619,7619,1.0
7620,7620,1.0
7621,7621,0.8571428656578064
7622,7622,0.2857142984867096
7623,7623,0.7142857313156128
7624,7624,0.2857142984867096
7625,7625,0.7142857313156128
7626,7626,1.0
7627,7627,1.0
7628,7628,1.0
7629,7629,1.0
7630,7630,1.0
7631,7631,0.8571428656578064
7632,7632,0.8571428656578064
7633,7633,1.0
7634,7634,0.7142857313156128
7635,7635,1.0
7636,7636,1.0
7637,7637,0.7142857313156128
7638,7638,1.0
7639,7639,0.7142857313156128
7640,7640,0.8571428656578064
7641,7641,1.0
7642,7642,0.8571428656578064
7643,7643,0.7142857313156128
7644,7644,0.8571428656578064
7645,7645,1.0
7646,7646,1.0
7647,7647,1.0
7648,7648,1.0
7649,7649,1.0
7650,7650,0.1428571492433548
7651,7651,1.0
7652,7652,1.0
7653,7653,0.8571428656578064
7654,7654,1.0
7655,7655,0.8571428656578064
7656,7656,1.0
7657,7657,0.8571428656578064
7658,7658,1.0
7659,7659,1.0
7660,7660,1.0
7661,7661,1.0
7662,7662,0.8571428656578064
7663,7663,1.0
7664,7664,0.8571428656578064
7665,7665,1.0
7666,7666,1.0
7667,7667,0.8571428656578064
7668,7668,1.0
7669,7669,0.8571428656578064
7670,7670,1.0
7671,7671,1.0
7672,7672,1.0
7673,7673,1.0
7674,7674,1.0
7675,7675,0.8571428656578064
7676,7676,0.7142857313156128
7677,7677,1.0
7678,7678,1.0
7679,7679,1.0
7680,7680,0.1428571492433548
7681,7681,1.0
7682,7682,1.0
7683,7683,1.0
7684,7684,1.0
7685,7685,1.0
7686,7686,1.0
7687,7687,0.8571428656578064
7688,7688,0.2857142984867096
7689,7689,0.7142857313156128
7690,7690,0.8571428656578064
7691,7691,0.5714285969734192
7692,7692,1.0
7693,7693,0.8571428656578064
7694,7694,0.8571428656578064
7695,7695,0.8571428656578064
7696,7696,1.0
7697,7697,1.0
7698,7698,0.8571428656578064
7699,7699,1.0
7700,7700,0.8571428656578064
7701,7701,1.0
7702,7702,1.0
7703,7703,1.0
7704,7704,1.0
7705,7705,1.0
7706,7706,1.0
7707,7707,1.0
7708,7708,1.0
7709,7709,1.0
7710,7710,1.0
7711,7711,1.0
7712,7712,1.0
7713,7713,1.0
7714,7714,1.0
7715,7715,1.0
7716,7716,1.0
7717,7717,1.0
7718,7718,0.8571428656578064
7719,7719,1.0
7720,7720,1.0
7721,7721,1.0
7722,7722,1.0
7723,7723,1.0
7724,7724,1.0
7725,7725,1.0
7726,7726,1.0
7727,7727,1.0
7728,7728,1.0
7729,7729,1.0
7730,7730,1.0
7731,7731,0.8571428656578064
7732,7732,0.7142857313156128
7733,7733,1.0
7734,7734,1.0
7735,7735,0.8571428656578064
7736,7736,1.0
7737,7737,1.0
7738,7738,1.0
7739,7739,1.0
7740,7740,1.0
7741,7741,0.8571428656578064
7742,7742,0.8571428656578064
7743,7743,0.5714285969734192
7744,7744,0.7142857313156128
7745,7745,1.0
7746,7746,0.7142857313156128
7747,7747,0.7142857313156128
7748,7748,1.0
7749,7749,1.0
7750,7750,1.0
7751,7751,1.0
7752,7752,0.5714285969734192
7753,7753,0.7142857313156128
7754,7754,0.8571428656578064
7755,7755,0.5714285969734192
7756,7756,1.0
7757,7757,1.0
7758,7758,1.0
7759,7759,1.0
7760,7760,0.7142857313156128
7761,7761,1.0
7762,7762,1.0
7763,7763,1.0
7764,7764,1.0
7765,7765,1.0
7766,7766,1.0
7767,7767,0.8571428656578064
7768,7768,1.0
7769,7769,1.0
7770,7770,0.2857142984867096
7771,7771,0.8571428656578064
7772,7772,1.0
7773,7773,1.0
7774,7774,0.5714285969734192
7775,7775,1.0
7776,7776,0.8571428656578064
7777,7777,0.7142857313156128
7778,7778,0.7142857313156128
7779,7779,0.2857142984867096
7780,7780,1.0
7781,7781,0.5714285969734192
7782,7782,1.0
7783,7783,1.0
7784,7784,1.0
7785,7785,0.5714285969734192
7786,7786,1.0
7787,7787,1.0
7788,7788,1.0
7789,7789,1.0
7790,7790,0.8571428656578064
7791,7791,1.0
7792,7792,1.0
7793,7793,1.0
7794,7794,1.0
7795,7795,1.0
7796,7796,1.0
7797,7797,0.5714285969734192
7798,7798,1.0
7799,7799,0.7142857313156128
7800,7800,1.0
7801,7801,0.7142857313156128
7802,7802,1.0
7803,7803,0.7142857313156128
7804,7804,1.0
7805,7805,0.8571428656578064
7806,7806,1.0
7807,7807,1.0
7808,7808,0.8571428656578064
7809,7809,1.0
7810,7810,0.7142857313156128
7811,7811,1.0
7812,7812,1.0
7813,7813,1.0
7814,7814,1.0
7815,7815,1.0
7816,7816,1.0
7817,7817,1.0
7818,7818,1.0
7819,7819,1.0
7820,7820,1.0
7821,7821,1.0
7822,7822,1.0
7823,7823,1.0
7824,7824,1.0
7825,7825,1.0
7826,7826,1.0
7827,7827,1.0
7828,7828,0.8571428656578064
7829,7829,1.0
7830,7830,1.0
7831,7831,1.0
7832,7832,1.0
7833,7833,1.0
7834,7834,1.0
7835,7835,1.0
7836,7836,1.0
7837,7837,1.0
7838,7838,1.0
7839,7839,1.0
7840,7840,1.0
7841,7841,1.0
7842,7842,0.7142857313156128
7843,7843,0.0
7844,7844,1.0
7845,7845,0.7142857313156128
7846,7846,1.0
7847,7847,1.0
7848,7848,1.0
7849,7849,1.0
7850,7850,1.0
7851,7851,0.8571428656578064
7852,7852,0.8571428656578064
7853,7853,1.0
7854,7854,0.7142857313156128
7855,7855,1.0
7856,7856,0.7142857313156128
7857,7857,0.7142857313156128
7858,7858,1.0
7859,7859,0.7142857313156128
7860,7860,1.0
7861,7861,1.0
7862,7862,0.5714285969734192
7863,7863,0.7142857313156128
7864,7864,0.8571428656578064
7865,7865,1.0
7866,7866,1.0
7867,7867,1.0
7868,7868,1.0
7869,7869,1.0
7870,7870,1.0
7871,7871,1.0
7872,7872,1.0
7873,7873,1.0
7874,7874,1.0
7875,7875,0.8571428656578064
7876,7876,1.0
7877,7877,0.5714285969734192
7878,7878,1.0
7879,7879,1.0
7880,7880,1.0
7881,7881,1.0
7882,7882,0.8571428656578064
7883,7883,1.0
7884,7884,0.5714285969734192
7885,7885,0.8571428656578064
7886,7886,0.7142857313156128
7887,7887,0.8571428656578064
7888,7888,1.0
7889,7889,1.0
7890,7890,0.8571428656578064
7891,7891,1.0
7892,7892,1.0
7893,7893,1.0
7894,7894,1.0
7895,7895,1.0
7896,7896,1.0
7897,7897,1.0
7898,7898,1.0
7899,7899,1.0
7900,7900,0.8571428656578064
7901,7901,1.0
7902,7902,1.0
7903,7903,0.8571428656578064
7904,7904,1.0
7905,7905,1.0
7906,7906,1.0
7907,7907,0.8571428656578064
7908,7908,0.2857142984867096
7909,7909,0.7142857313156128
7910,7910,0.8571428656578064
7911,7911,1.0
7912,7912,1.0
7913,7913,0.7142857313156128
7914,7914,0.4285714328289032
7915,7915,0.8571428656578064
7916,7916,0.8571428656578064
7917,7917,1.0
7918,7918,0.8571428656578064
7919,7919,1.0
7920,7920,0.8571428656578064
7921,7921,1.0
7922,7922,1.0
7923,7923,1.0
7924,7924,1.0
7925,7925,1.0
7926,7926,1.0
7927,7927,1.0
7928,7928,1.0
7929,7929,1.0
7930,7930,1.0
7931,7931,1.0
7932,7932,1.0
7933,7933,1.0
7934,7934,1.0
7935,7935,1.0
7936,7936,1.0
7937,7937,1.0
7938,7938,0.8571428656578064
7939,7939,1.0
7940,7940,1.0
7941,7941,1.0
7942,7942,1.0
7943,7943,1.0
7944,7944,1.0
7945,7945,1.0
7946,7946,1.0
7947,7947,1.0
7948,7948,1.0
7949,7949,1.0
7950,7950,1.0
7951,7951,0.8571428656578064
7952,7952,0.7142857313156128
7953,7953,1.0
7954,7954,1.0
7955,7955,0.8571428656578064
7956,7956,1.0
7957,7957,1.0
7958,7958,1.0
7959,7959,1.0
7960,7960,1.0
7961,7961,0.8571428656578064
7962,7962,0.5714285969734192
7963,7963,1.0
7964,7964,0.7142857313156128
7965,7965,0.5714285969734192
7966,7966,1.0
7967,7967,0.7142857313156128
7968,7968,1.0
7969,7969,1.0
7970,7970,1.0
7971,7971,1.0
7972,7972,0.8571428656578064
7973,7973,0.7142857313156128
7974,7974,0.8571428656578064
7975,7975,1.0
7976,7976,1.0
7977,7977,1.0
7978,7978,1.0
7979,7979,1.0
7980,7980,1.0
7981,7981,1.0
7982,7982,1.0
7983,7983,1.0
7984,7984,1.0
7985,7985,0.8571428656578064
7986,7986,1.0
7987,7987,0.8571428656578064
7988,7988,1.0
7989,7989,1.0
7990,7990,1.0
7991,7991,1.0
7992,7992,1.0
7993,7993,1.0
7994,7994,1.0
7995,7995,1.0
7996,7996,0.7142857313156128
7997,7997,0.8571428656578064
7998,7998,1.0
7999,7999,0.8571428656578064
8000,8000,1.0
8001,8001,1.0
8002,8002,1.0
8003,8003,1.0
8004,8004,1.0
8005,8005,0.5714285969734192
8006,8006,1.0
8007,8007,1.0
8008,8008,1.0
8009,8009,1.0
8010,8010,0.8571428656578064
8011,8011,1.0
8012,8012,1.0
8013,8013,1.0
8014,8014,1.0
8015,8015,1.0
8016,8016,1.0
8017,8017,0.8571428656578064
8018,8018,0.8571428656578064
8019,8019,0.8571428656578064
8020,8020,0.4285714328289032
8021,8021,1.0
8022,8022,1.0
8023,8023,1.0
8024,8024,0.8571428656578064
8025,8025,1.0
8026,8026,1.0
8027,8027,1.0
8028,8028,0.7142857313156128
8029,8029,1.0
8030,8030,0.8571428656578064
8031,8031,1.0
8032,8032,1.0
8033,8033,1.0
8034,8034,0.1428571492433548
8035,8035,1.0
8036,8036,1.0
8037,8037,1.0
8038,8038,1.0
8039,8039,1.0
8040,8040,1.0
8041,8041,1.0
8042,8042,1.0
8043,8043,1.0
8044,8044,1.0
8045,8045,1.0
8046,8046,1.0
8047,8047,1.0
8048,8048,0.8571428656578064
8049,8049,1.0
8050,8050,1.0
8051,8051,1.0
8052,8052,1.0
8053,8053,1.0
8054,8054,1.0
8055,8055,1.0
8056,8056,1.0
8057,8057,1.0
8058,8058,1.0
8059,8059,1.0
8060,8060,1.0
8061,8061,0.8571428656578064
8062,8062,1.0
8063,8063,1.0
8064,8064,1.0
8065,8065,0.8571428656578064
8066,8066,1.0
8067,8067,1.0
8068,8068,0.0
8069,8069,1.0
8070,8070,1.0
8071,8071,0.8571428656578064
8072,8072,0.2857142984867096
8073,8073,1.0
8074,8074,1.0
8075,8075,0.5714285969734192
8076,8076,1.0
8077,8077,0.7142857313156128
8078,8078,1.0
8079,8079,0.4285714328289032
8080,8080,1.0
8081,8081,1.0
8082,8082,0.8571428656578064
8083,8083,0.7142857313156128
8084,8084,0.8571428656578064
8085,8085,1.0
8086,8086,1.0
8087,8087,1.0
8088,8088,1.0
8089,8089,0.7142857313156128
8090,8090,1.0
8091,8091,1.0
8092,8092,1.0
8093,8093,0.7142857313156128
8094,8094,1.0
8095,8095,0.8571428656578064
8096,8096,0.5714285969734192
8097,8097,0.8571428656578064
8098,8098,1.0
8099,8099,1.0
8100,8100,1.0
8101,8101,0.7142857313156128
8102,8102,0.8571428656578064
8103,8103,1.0
8104,8104,0.5714285969734192
8105,8105,1.0
8106,8106,0.7142857313156128
8107,8107,0.8571428656578064
8108,8108,1.0
8109,8109,0.7142857313156128
8110,8110,1.0
8111,8111,1.0
8112,8112,1.0
8113,8113,1.0
8114,8114,0.8571428656578064
8115,8115,0.8571428656578064
8116,8116,1.0
8117,8117,0.8571428656578064
8118,8118,1.0
8119,8119,1.0
8120,8120,1.0
8121,8121,1.0
8122,8122,1.0
8123,8123,1.0
8124,8124,1.0
8125,8125,1.0
8126,8126,1.0
8127,8127,0.5714285969734192
8128,8128,0.0
8129,8129,0.7142857313156128
8130,8130,1.0
8131,8131,0.7142857313156128
8132,8132,0.5714285969734192
8133,8133,0.2857142984867096
8134,8134,0.7142857313156128
8135,8135,0.8571428656578064
8136,8136,1.0
8137,8137,1.0
8138,8138,0.8571428656578064
8139,8139,0.8571428656578064
8140,8140,0.7142857313156128
8141,8141,1.0
8142,8142,1.0
8143,8143,1.0
8144,8144,1.0
8145,8145,1.0
8146,8146,1.0
8147,8147,1.0
8148,8148,1.0
8149,8149,1.0
8150,8150,1.0
8151,8151,1.0
8152,8152,1.0
8153,8153,1.0
8154,8154,1.0
8155,8155,1.0
8156,8156,1.0
8157,8157,1.0
8158,8158,0.8571428656578064
8159,8159,1.0
8160,8160,1.0
8161,8161,1.0
8162,8162,1.0
8163,8163,1.0
8164,8164,1.0
8165,8165,1.0
8166,8166,1.0
8167,8167,1.0
8168,8168,1.0
8169,8169,1.0
8170,8170,1.0
8171,8171,0.8571428656578064
8172,8172,1.0
8173,8173,0.7142857313156128
8174,8174,1.0
8175,8175,0.8571428656578064
8176,8176,1.0
8177,8177,1.0
8178,8178,1.0
8179,8179,1.0
8180,8180,1.0
8181,8181,0.8571428656578064
8182,8182,0.8571428656578064
8183,8183,0.5714285969734192
8184,8184,0.8571428656578064
8185,8185,1.0
8186,8186,0.5714285969734192
8187,8187,0.7142857313156128
8188,8188,1.0
8189,8189,0.7142857313156128
8190,8190,1.0
8191,8191,1.0
8192,8192,0.8571428656578064
8193,8193,0.7142857313156128
8194,8194,0.8571428656578064
8195,8195,1.0
8196,8196,1.0
8197,8197,1.0
8198,8198,1.0
8199,8199,1.0
8200,8200,1.0
8201,8201,1.0
8202,8202,1.0
8203,8203,1.0
8204,8204,1.0
8205,8205,0.8571428656578064
8206,8206,1.0
8207,8207,0.8571428656578064
8208,8208,1.0
8209,8209,1.0
8210,8210,1.0
8211,8211,1.0
8212,8212,0.8571428656578064
8213,8213,1.0
8214,8214,0.8571428656578064
8215,8215,0.2857142984867096
8216,8216,1.0
8217,8217,0.8571428656578064
8218,8218,1.0
8219,8219,0.8571428656578064
8220,8220,0.8571428656578064
8221,8221,1.0
8222,8222,1.0
8223,8223,1.0
8224,8224,1.0
8225,8225,1.0
8226,8226,0.7142857313156128
8227,8227,1.0
8228,8228,1.0
8229,8229,1.0
8230,8230,0.8571428656578064
8231,8231,1.0
8232,8232,1.0
8233,8233,1.0
8234,8234,0.1428571492433548
8235,8235,1.0
8236,8236,1.0
8237,8237,0.5714285969734192
8238,8238,0.8571428656578064
8239,8239,0.7142857313156128
8240,8240,0.8571428656578064
8241,8241,0.5714285969734192
8242,8242,1.0
8243,8243,0.5714285969734192
8244,8244,0.8571428656578064
8245,8245,0.8571428656578064
8246,8246,1.0
8247,8247,1.0
8248,8248,0.5714285969734192
8249,8249,1.0
8250,8250,0.8571428656578064
8251,8251,1.0
8252,8252,1.0
8253,8253,1.0
8254,8254,1.0
8255,8255,1.0
8256,8256,1.0
8257,8257,1.0
8258,8258,1.0
8259,8259,1.0
8260,8260,1.0
8261,8261,1.0
8262,8262,1.0
8263,8263,1.0
8264,8264,1.0
8265,8265,1.0
8266,8266,1.0
8267,8267,0.0
8268,8268,0.8571428656578064
8269,8269,1.0
8270,8270,1.0
8271,8271,1.0
8272,8272,1.0
8273,8273,1.0
8274,8274,1.0
8275,8275,1.0
8276,8276,1.0
8277,8277,1.0
8278,8278,1.0
8279,8279,1.0
8280,8280,1.0
8281,8281,0.4285714328289032
8282,8282,1.0
8283,8283,1.0
8284,8284,1.0
8285,8285,0.8571428656578064
8286,8286,0.1428571492433548
8287,8287,1.0
8288,8288,1.0
8289,8289,1.0
8290,8290,1.0
8291,8291,0.8571428656578064
8292,8292,0.8571428656578064
8293,8293,0.5714285969734192
8294,8294,0.7142857313156128
8295,8295,1.0
8296,8296,1.0
8297,8297,0.8571428656578064
8298,8298,1.0
8299,8299,1.0
8300,8300,0.8571428656578064
8301,8301,1.0
8302,8302,0.8571428656578064
8303,8303,0.7142857313156128
8304,8304,0.8571428656578064
8305,8305,1.0
8306,8306,1.0
8307,8307,1.0
8308,8308,1.0
8309,8309,1.0
8310,8310,1.0
8311,8311,1.0
8312,8312,1.0
8313,8313,1.0
8314,8314,1.0
8315,8315,0.8571428656578064
8316,8316,1.0
8317,8317,1.0
8318,8318,1.0
8319,8319,1.0
8320,8320,1.0
8321,8321,1.0
8322,8322,1.0
8323,8323,1.0
8324,8324,0.5714285969734192
8325,8325,0.5714285969734192
8326,8326,0.7142857313156128
8327,8327,0.8571428656578064
8328,8328,1.0
8329,8329,1.0
8330,8330,1.0
8331,8331,1.0
8332,8332,1.0
8333,8333,1.0
8334,8334,1.0
8335,8335,0.5714285969734192
8336,8336,0.7142857313156128
8337,8337,1.0
8338,8338,1.0
8339,8339,1.0
8340,8340,0.8571428656578064
8341,8341,0.8571428656578064
8342,8342,1.0
8343,8343,1.0
8344,8344,1.0
8345,8345,1.0
8346,8346,1.0
8347,8347,0.5714285969734192
8348,8348,1.0
8349,8349,0.7142857313156128
8350,8350,1.0
8351,8351,0.7142857313156128
8352,8352,1.0
8353,8353,0.5714285969734192
8354,8354,0.5714285969734192
8355,8355,0.8571428656578064
8356,8356,1.0
8357,8357,1.0
8358,8358,0.8571428656578064
8359,8359,1.0
8360,8360,0.8571428656578064
8361,8361,1.0
8362,8362,1.0
8363,8363,1.0
8364,8364,1.0
8365,8365,1.0
8366,8366,1.0
8367,8367,1.0
8368,8368,1.0
8369,8369,1.0
8370,8370,1.0
8371,8371,1.0
8372,8372,1.0
8373,8373,1.0
8374,8374,1.0
8375,8375,1.0
8376,8376,1.0
8377,8377,1.0
8378,8378,1.0
8379,8379,1.0
8380,8380,1.0
8381,8381,1.0
8382,8382,1.0
8383,8383,1.0
8384,8384,0.0
8385,8385,1.0
8386,8386,1.0
8387,8387,1.0
8388,8388,1.0
8389,8389,1.0
8390,8390,1.0
8391,8391,0.4285714328289032
8392,8392,1.0
8393,8393,1.0
8394,8394,1.0
8395,8395,0.8571428656578064
8396,8396,1.0
8397,8397,1.0
8398,8398,1.0
8399,8399,1.0
8400,8400,1.0
8401,8401,0.8571428656578064
8402,8402,0.5714285969734192
8403,8403,1.0
8404,8404,0.7142857313156128
8405,8405,0.4285714328289032
8406,8406,1.0
8407,8407,0.7142857313156128
8408,8408,1.0
8409,8409,1.0
8410,8410,1.0
8411,8411,1.0
8412,8412,0.8571428656578064
8413,8413,0.4285714328289032
8414,8414,0.8571428656578064
8415,8415,1.0
8416,8416,1.0
8417,8417,1.0
8418,8418,1.0
8419,8419,1.0
8420,8420,1.0
8421,8421,1.0
8422,8422,1.0
8423,8423,1.0
8424,8424,1.0
8425,8425,0.8571428656578064
8426,8426,1.0
8427,8427,0.8571428656578064
8428,8428,1.0
8429,8429,1.0
8430,8430,1.0
8431,8431,1.0
8432,8432,0.8571428656578064
8433,8433,1.0
8434,8434,1.0
8435,8435,0.4285714328289032
8436,8436,0.7142857313156128
8437,8437,0.8571428656578064
8438,8438,1.0
8439,8439,1.0
8440,8440,0.8571428656578064
8441,8441,1.0
8442,8442,1.0
8443,8443,1.0
8444,8444,1.0
8445,8445,0.8571428656578064
8446,8446,0.7142857313156128
8447,8447,0.2857142984867096
8448,8448,1.0
8449,8449,1.0
8450,8450,0.8571428656578064
8451,8451,0.7142857313156128
8452,8452,1.0
8453,8453,0.8571428656578064
8454,8454,1.0
8455,8455,1.0
8456,8456,1.0
8457,8457,0.8571428656578064
8458,8458,1.0
8459,8459,0.7142857313156128
8460,8460,1.0
8461,8461,1.0
8462,8462,1.0
8463,8463,0.7142857313156128
8464,8464,1.0
8465,8465,0.8571428656578064
8466,8466,1.0
8467,8467,1.0
8468,8468,0.8571428656578064
8469,8469,1.0
8470,8470,0.8571428656578064
8471,8471,1.0
8472,8472,1.0
8473,8473,1.0
8474,8474,1.0
8475,8475,1.0
8476,8476,1.0
8477,8477,1.0
8478,8478,1.0
8479,8479,1.0
8480,8480,1.0
8481,8481,1.0
8482,8482,1.0
8483,8483,1.0
8484,8484,1.0
8485,8485,1.0
8486,8486,1.0
8487,8487,1.0
8488,8488,0.8571428656578064
8489,8489,1.0
8490,8490,1.0
8491,8491,1.0
8492,8492,1.0
8493,8493,1.0
8494,8494,0.0
8495,8495,1.0
8496,8496,1.0
8497,8497,1.0
8498,8498,1.0
8499,8499,1.0
8500,8500,1.0
8501,8501,1.0
8502,8502,0.7142857313156128
8503,8503,1.0
8504,8504,1.0
8505,8505,0.7142857313156128
8506,8506,1.0
8507,8507,1.0
8508,8508,1.0
8509,8509,1.0
8510,8510,1.0
8511,8511,0.8571428656578064
8512,8512,0.8571428656578064
8513,8513,1.0
8514,8514,0.1428571492433548
8515,8515,1.0
8516,8516,0.2857142984867096
8517,8517,0.7142857313156128
8518,8518,1.0
8519,8519,0.7142857313156128
8520,8520,1.0
8521,8521,1.0
8522,8522,0.8571428656578064
8523,8523,0.7142857313156128
8524,8524,0.4285714328289032
8525,8525,1.0
8526,8526,1.0
8527,8527,1.0
8528,8528,1.0
8529,8529,1.0
8530,8530,1.0
8531,8531,1.0
8532,8532,1.0
8533,8533,1.0
8534,8534,0.5714285969734192
8535,8535,0.8571428656578064
8536,8536,1.0
8537,8537,0.8571428656578064
8538,8538,1.0
8539,8539,1.0
8540,8540,1.0
8541,8541,1.0
8542,8542,1.0
8543,8543,1.0
8544,8544,1.0
8545,8545,1.0
8546,8546,0.7142857313156128
8547,8547,0.8571428656578064
8548,8548,1.0
8549,8549,1.0
8550,8550,1.0
8551,8551,1.0
8552,8552,1.0
8553,8553,1.0
8554,8554,1.0
8555,8555,1.0
8556,8556,1.0
8557,8557,1.0
8558,8558,1.0
8559,8559,1.0
8560,8560,0.8571428656578064
8561,8561,1.0
8562,8562,1.0
8563,8563,0.7142857313156128
8564,8564,1.0
8565,8565,1.0
8566,8566,1.0
8567,8567,0.8571428656578064
8568,8568,1.0
8569,8569,0.7142857313156128
8570,8570,0.8571428656578064
8571,8571,0.7142857313156128
8572,8572,0.8571428656578064
8573,8573,0.8571428656578064
8574,8574,0.1428571492433548
8575,8575,0.7142857313156128
8576,8576,1.0
8577,8577,0.8571428656578064
8578,8578,0.8571428656578064
8579,8579,0.8571428656578064
8580,8580,0.8571428656578064
8581,8581,1.0
8582,8582,1.0
8583,8583,1.0
8584,8584,1.0
8585,8585,1.0
8586,8586,1.0
8587,8587,1.0
8588,8588,1.0
8589,8589,1.0
8590,8590,1.0
8591,8591,1.0
8592,8592,1.0
8593,8593,1.0
8594,8594,1.0
8595,8595,1.0
8596,8596,1.0
8597,8597,1.0
8598,8598,1.0
8599,8599,1.0
8600,8600,1.0
8601,8601,1.0
8602,8602,1.0
8603,8603,1.0
8604,8604,1.0
8605,8605,1.0
8606,8606,1.0
8607,8607,1.0
8608,8608,1.0
8609,8609,1.0
8610,8610,1.0
8611,8611,1.0
8612,8612,0.2857142984867096
8613,8613,1.0
8614,8614,1.0
8615,8615,0.8571428656578064
8616,8616,1.0
8617,8617,1.0
8618,8618,1.0
8619,8619,1.0
8620,8620,1.0
8621,8621,0.8571428656578064
8622,8622,0.8571428656578064
8623,8623,1.0
8624,8624,0.7142857313156128
8625,8625,1.0
8626,8626,1.0
8627,8627,0.7142857313156128
8628,8628,1.0
8629,8629,0.7142857313156128
8630,8630,1.0
8631,8631,1.0
8632,8632,0.8571428656578064
8633,8633,0.7142857313156128
8634,8634,0.8571428656578064
8635,8635,0.7142857313156128
8636,8636,1.0
8637,8637,1.0
8638,8638,1.0
8639,8639,1.0
8640,8640,1.0
8641,8641,1.0
8642,8642,1.0
8643,8643,0.7142857313156128
8644,8644,1.0
8645,8645,0.8571428656578064
8646,8646,1.0
8647,8647,0.8571428656578064
8648,8648,1.0
8649,8649,1.0
8650,8650,1.0
8651,8651,0.7142857313156128
8652,8652,0.8571428656578064
8653,8653,0.7142857313156128
8654,8654,0.8571428656578064
8655,8655,1.0
8656,8656,0.8571428656578064
8657,8657,0.4285714328289032
8658,8658,1.0
8659,8659,0.7142857313156128
8660,8660,1.0
8661,8661,1.0
8662,8662,1.0
8663,8663,1.0
8664,8664,1.0
8665,8665,0.8571428656578064
8666,8666,0.7142857313156128
8667,8667,1.0
8668,8668,1.0
8669,8669,1.0
8670,8670,0.8571428656578064
8671,8671,1.0
8672,8672,1.0
8673,8673,1.0
8674,8674,0.4285714328289032
8675,8675,1.0
8676,8676,0.8571428656578064
8677,8677,0.8571428656578064
8678,8678,0.8571428656578064
8679,8679,0.7142857313156128
8680,8680,0.8571428656578064
8681,8681,0.7142857313156128
8682,8682,0.5714285969734192
8683,8683,0.5714285969734192
8684,8684,1.0
8685,8685,0.8571428656578064
8686,8686,1.0
8687,8687,1.0
8688,8688,0.8571428656578064
8689,8689,1.0
8690,8690,0.8571428656578064
8691,8691,1.0
8692,8692,1.0
8693,8693,1.0
8694,8694,1.0
8695,8695,1.0
8696,8696,1.0
8697,8697,1.0
8698,8698,1.0
8699,8699,1.0
8700,8700,1.0
8701,8701,1.0
8702,8702,1.0
8703,8703,1.0
8704,8704,1.0
8705,8705,1.0
8706,8706,1.0
8707,8707,1.0
8708,8708,0.8571428656578064
8709,8709,1.0
8710,8710,1.0
8711,8711,1.0
8712,8712,1.0
8713,8713,1.0
8714,8714,1.0
8715,8715,1.0
8716,8716,1.0
8717,8717,1.0
8718,8718,1.0
8719,8719,1.0
8720,8720,1.0
8721,8721,0.8571428656578064
8722,8722,1.0
8723,8723,0.7142857313156128
8724,8724,0.0
8725,8725,0.8571428656578064
8726,8726,1.0
8727,8727,1.0
8728,8728,1.0
8729,8729,1.0
8730,8730,1.0
8731,8731,0.8571428656578064
8732,8732,0.0
8733,8733,1.0
8734,8734,0.7142857313156128
8735,8735,0.4285714328289032
8736,8736,1.0
8737,8737,0.8571428656578064
8738,8738,1.0
8739,8739,1.0
8740,8740,1.0
8741,8741,1.0
8742,8742,0.8571428656578064
8743,8743,0.7142857313156128
8744,8744,0.1428571492433548
8745,8745,1.0
8746,8746,1.0
8747,8747,1.0
8748,8748,1.0
8749,8749,1.0
8750,8750,1.0
8751,8751,0.7142857313156128
8752,8752,1.0
8753,8753,0.1428571492433548
8754,8754,1.0
8755,8755,0.8571428656578064
8756,8756,0.0
8757,8757,0.8571428656578064
8758,8758,1.0
8759,8759,1.0
8760,8760,1.0
8761,8761,1.0
8762,8762,0.8571428656578064
8763,8763,0.8571428656578064
8764,8764,0.5714285969734192
8765,8765,1.0
8766,8766,0.7142857313156128
8767,8767,0.8571428656578064
8768,8768,0.8571428656578064
8769,8769,1.0
8770,8770,1.0
8771,8771,0.5714285969734192
8772,8772,1.0
8773,8773,1.0
8774,8774,1.0
8775,8775,1.0
8776,8776,0.7142857313156128
8777,8777,1.0
8778,8778,1.0
8779,8779,1.0
8780,8780,0.8571428656578064
8781,8781,1.0
8782,8782,1.0
8783,8783,0.8571428656578064
8784,8784,1.0
8785,8785,0.1428571492433548
8786,8786,1.0
8787,8787,0.5714285969734192
8788,8788,1.0
8789,8789,0.7142857313156128
8790,8790,0.8571428656578064
8791,8791,0.7142857313156128
8792,8792,1.0
8793,8793,0.5714285969734192
8794,8794,0.8571428656578064
8795,8795,0.5714285969734192
8796,8796,1.0
8797,8797,0.7142857313156128
8798,8798,0.0
8799,8799,1.0
8800,8800,0.8571428656578064
8801,8801,1.0
8802,8802,1.0
8803,8803,1.0
8804,8804,1.0
8805,8805,1.0
8806,8806,1.0
8807,8807,1.0
8808,8808,1.0
8809,8809,1.0
8810,8810,1.0
8811,8811,1.0
8812,8812,1.0
8813,8813,1.0
8814,8814,1.0
8815,8815,1.0
8816,8816,1.0
8817,8817,1.0
8818,8818,0.8571428656578064
8819,8819,1.0
8820,8820,1.0
8821,8821,1.0
8822,8822,1.0
8823,8823,1.0
8824,8824,1.0
8825,8825,1.0
8826,8826,1.0
8827,8827,1.0
8828,8828,1.0
8829,8829,1.0
8830,8830,1.0
8831,8831,0.1428571492433548
8832,8832,0.8571428656578064
8833,8833,1.0
8834,8834,1.0
8835,8835,0.8571428656578064
8836,8836,1.0
8837,8837,1.0
8838,8838,1.0
8839,8839,1.0
8840,8840,1.0
8841,8841,0.8571428656578064
8842,8842,0.5714285969734192
8843,8843,1.0
8844,8844,0.7142857313156128
8845,8845,1.0
8846,8846,1.0
8847,8847,0.7142857313156128
8848,8848,1.0
8849,8849,0.2857142984867096
8850,8850,1.0
8851,8851,0.7142857313156128
8852,8852,0.8571428656578064
8853,8853,0.7142857313156128
8854,8854,0.8571428656578064
8855,8855,1.0
8856,8856,1.0
8857,8857,1.0
8858,8858,0.2857142984867096
8859,8859,1.0
8860,8860,0.2857142984867096
8861,8861,1.0
8862,8862,1.0
8863,8863,1.0
8864,8864,1.0
8865,8865,0.4285714328289032
8866,8866,1.0
8867,8867,0.0
8868,8868,1.0
8869,8869,0.2857142984867096
8870,8870,0.1428571492433548
8871,8871,0.1428571492433548
8872,8872,0.7142857313156128
8873,8873,1.0
8874,8874,0.5714285969734192
8875,8875,0.5714285969734192
8876,8876,0.7142857313156128
8877,8877,0.8571428656578064
8878,8878,1.0
8879,8879,1.0
8880,8880,1.0
8881,8881,1.0
8882,8882,1.0
8883,8883,1.0
8884,8884,0.8571428656578064
8885,8885,1.0
8886,8886,0.7142857313156128
8887,8887,1.0
8888,8888,1.0
8889,8889,1.0
8890,8890,0.8571428656578064
8891,8891,1.0
8892,8892,1.0
8893,8893,0.5714285969734192
8894,8894,1.0
8895,8895,0.1428571492433548
8896,8896,0.2857142984867096
8897,8897,0.8571428656578064
8898,8898,1.0
8899,8899,1.0
8900,8900,1.0
8901,8901,1.0
8902,8902,1.0
8903,8903,0.5714285969734192
8904,8904,1.0
8905,8905,0.1428571492433548
8906,8906,0.0
8907,8907,1.0
8908,8908,0.1428571492433548
8909,8909,0.8571428656578064
8910,8910,0.0
8911,8911,1.0
8912,8912,1.0
8913,8913,1.0
8914,8914,1.0
8915,8915,1.0
8916,8916,1.0
8917,8917,1.0
8918,8918,1.0
8919,8919,1.0
8920,8920,1.0
8921,8921,1.0
8922,8922,1.0
8923,8923,1.0
8924,8924,1.0
8925,8925,1.0
8926,8926,1.0
8927,8927,1.0
8928,8928,0.8571428656578064
8929,8929,1.0
8930,8930,1.0
8931,8931,1.0
8932,8932,1.0
8933,8933,1.0
8934,8934,1.0
8935,8935,1.0
8936,8936,1.0
8937,8937,1.0
8938,8938,1.0
8939,8939,1.0
8940,8940,1.0
8941,8941,1.0
8942,8942,1.0
8943,8943,0.7142857313156128
8944,8944,1.0
8945,8945,0.2857142984867096
8946,8946,1.0
8947,8947,1.0
8948,8948,1.0
8949,8949,1.0
8950,8950,1.0
8951,8951,0.8571428656578064
8952,8952,0.4285714328289032
8953,8953,0.5714285969734192
8954,8954,0.7142857313156128
8955,8955,1.0
8956,8956,1.0
8957,8957,0.4285714328289032
8958,8958,1.0
8959,8959,1.0
8960,8960,0.8571428656578064
8961,8961,1.0
8962,8962,0.8571428656578064
8963,8963,0.7142857313156128
8964,8964,0.8571428656578064
8965,8965,1.0
8966,8966,0.1428571492433548
8967,8967,1.0
8968,8968,1.0
8969,8969,0.2857142984867096
8970,8970,1.0
8971,8971,1.0
8972,8972,0.1428571492433548
8973,8973,1.0
8974,8974,1.0
8975,8975,0.8571428656578064
8976,8976,0.0
8977,8977,0.8571428656578064
8978,8978,1.0
8979,8979,0.2857142984867096
8980,8980,0.0
8981,8981,0.8571428656578064
8982,8982,0.8571428656578064
8983,8983,1.0
8984,8984,1.0
8985,8985,1.0
8986,8986,0.7142857313156128
8987,8987,0.8571428656578064
8988,8988,0.8571428656578064
8989,8989,1.0
8990,8990,1.0
8991,8991,1.0
8992,8992,1.0
8993,8993,1.0
8994,8994,1.0
8995,8995,0.8571428656578064
8996,8996,1.0
8997,8997,1.0
8998,8998,1.0
8999,8999,0.4285714328289032
9000,9000,0.4285714328289032
9001,9001,0.7142857313156128
9002,9002,1.0
9003,9003,1.0
9004,9004,1.0
9005,9005,1.0
9006,9006,1.0
9007,9007,1.0
9008,9008,1.0
9009,9009,0.5714285969734192
9010,9010,1.0
9011,9011,1.0
9012,9012,1.0
9013,9013,0.5714285969734192
9014,9014,1.0
9015,9015,0.8571428656578064
9016,9016,0.4285714328289032
9017,9017,0.0
9018,9018,0.8571428656578064
9019,9019,1.0
9020,9020,0.8571428656578064
9021,9021,1.0
9022,9022,0.0
9023,9023,1.0
9024,9024,1.0
9025,9025,1.0
9026,9026,1.0
9027,9027,1.0
9028,9028,1.0
9029,9029,1.0
9030,9030,1.0
9031,9031,1.0
9032,9032,1.0
9033,9033,1.0
9034,9034,1.0
9035,9035,1.0
9036,9036,1.0
9037,9037,1.0
9038,9038,0.8571428656578064
9039,9039,1.0
9040,9040,1.0
9041,9041,1.0
9042,9042,1.0
9043,9043,1.0
9044,9044,1.0
9045,9045,1.0
9046,9046,1.0
9047,9047,1.0
9048,9048,1.0
9049,9049,1.0
9050,9050,1.0
9051,9051,0.8571428656578064
9052,9052,1.0
9053,9053,1.0
9054,9054,1.0
9055,9055,0.8571428656578064
9056,9056,1.0
9057,9057,1.0
9058,9058,1.0
9059,9059,1.0
9060,9060,1.0
9061,9061,0.8571428656578064
9062,9062,0.5714285969734192
9063,9063,1.0
9064,9064,0.7142857313156128
9065,9065,1.0
9066,9066,1.0
9067,9067,0.7142857313156128
9068,9068,1.0
9069,9069,1.0
9070,9070,1.0
9071,9071,1.0
9072,9072,0.5714285969734192
9073,9073,0.2857142984867096
9074,9074,0.7142857313156128
9075,9075,0.2857142984867096
9076,9076,0.1428571492433548
9077,9077,1.0
9078,9078,1.0
9079,9079,1.0
9080,9080,1.0
9081,9081,1.0
9082,9082,1.0
9083,9083,1.0
9084,9084,1.0
9085,9085,0.8571428656578064
9086,9086,1.0
9087,9087,0.8571428656578064
9088,9088,1.0
9089,9089,0.7142857313156128
9090,9090,0.1428571492433548
9091,9091,1.0
9092,9092,0.8571428656578064
9093,9093,1.0
9094,9094,0.5714285969734192
9095,9095,1.0
9096,9096,0.7142857313156128
9097,9097,0.7142857313156128
9098,9098,0.8571428656578064
9099,9099,0.2857142984867096
9100,9100,0.8571428656578064
9101,9101,0.5714285969734192
9102,9102,1.0
9103,9103,1.0
9104,9104,1.0
9105,9105,0.8571428656578064
9106,9106,0.7142857313156128
9107,9107,1.0
9108,9108,1.0
9109,9109,1.0
9110,9110,0.8571428656578064
9111,9111,1.0
9112,9112,1.0
9113,9113,1.0
9114,9114,1.0
9115,9115,1.0
9116,9116,1.0
9117,9117,0.8571428656578064
9118,9118,1.0
9119,9119,1.0
9120,9120,0.8571428656578064
9121,9121,0.7142857313156128
9122,9122,0.5714285969734192
9123,9123,0.5714285969734192
9124,9124,1.0
9125,9125,0.1428571492433548
9126,9126,0.2857142984867096
9127,9127,1.0
9128,9128,0.8571428656578064
9129,9129,0.7142857313156128
9130,9130,0.8571428656578064
9131,9131,1.0
9132,9132,1.0
9133,9133,1.0
9134,9134,1.0
9135,9135,1.0
9136,9136,1.0
9137,9137,1.0
9138,9138,1.0
9139,9139,1.0
9140,9140,1.0
9141,9141,1.0
9142,9142,1.0
9143,9143,1.0
9144,9144,1.0
9145,9145,1.0
9146,9146,1.0
9147,9147,1.0
9148,9148,0.8571428656578064
9149,9149,1.0
9150,9150,1.0
9151,9151,1.0
9152,9152,1.0
9153,9153,1.0
9154,9154,1.0
9155,9155,1.0
9156,9156,1.0
9157,9157,1.0
9158,9158,1.0
9159,9159,1.0
9160,9160,1.0
9161,9161,0.8571428656578064
9162,9162,1.0
9163,9163,0.7142857313156128
9164,9164,0.0
9165,9165,0.8571428656578064
9166,9166,0.4285714328289032
9167,9167,1.0
9168,9168,1.0
9169,9169,1.0
9170,9170,1.0
9171,9171,0.8571428656578064
9172,9172,0.8571428656578064
9173,9173,1.0
9174,9174,0.7142857313156128
9175,9175,0.5714285969734192
9176,9176,1.0
9177,9177,0.7142857313156128
9178,9178,1.0
9179,9179,0.8571428656578064
9180,9180,1.0
9181,9181,1.0
9182,9182,0.1428571492433548
9183,9183,0.7142857313156128
9184,9184,0.8571428656578064
9185,9185,1.0
9186,9186,1.0
9187,9187,1.0
9188,9188,0.8571428656578064
9189,9189,1.0
9190,9190,1.0
9191,9191,1.0
9192,9192,0.1428571492433548
9193,9193,0.7142857313156128
9194,9194,1.0
9195,9195,0.5714285969734192
9196,9196,1.0
9197,9197,0.1428571492433548
9198,9198,1.0
9199,9199,1.0
9200,9200,1.0
9201,9201,0.7142857313156128
9202,9202,0.7142857313156128
9203,9203,1.0
9204,9204,0.5714285969734192
9205,9205,0.5714285969734192
9206,9206,0.8571428656578064
9207,9207,0.8571428656578064
9208,9208,0.7142857313156128
9209,9209,1.0
9210,9210,1.0
9211,9211,1.0
9212,9212,1.0
9213,9213,1.0
9214,9214,0.7142857313156128
9215,9215,1.0
9216,9216,1.0
9217,9217,0.1428571492433548
9218,9218,1.0
9219,9219,1.0
9220,9220,0.8571428656578064
9221,9221,0.5714285969734192
9222,9222,1.0
9223,9223,0.7142857313156128
9224,9224,0.7142857313156128
9225,9225,1.0
9226,9226,0.2857142984867096
9227,9227,1.0
9228,9228,1.0
9229,9229,0.7142857313156128
9230,9230,1.0
9231,9231,0.8571428656578064
9232,9232,1.0
9233,9233,0.5714285969734192
9234,9234,0.8571428656578064
9235,9235,0.1428571492433548
9236,9236,0.0
9237,9237,1.0
9238,9238,0.8571428656578064
9239,9239,1.0
9240,9240,0.8571428656578064
9241,9241,1.0
9242,9242,1.0
9243,9243,1.0
9244,9244,1.0
9245,9245,1.0
9246,9246,1.0
9247,9247,1.0
9248,9248,1.0
9249,9249,0.1428571492433548
9250,9250,1.0
9251,9251,1.0
9252,9252,1.0
9253,9253,1.0
9254,9254,1.0
9255,9255,1.0
9256,9256,1.0
9257,9257,1.0
9258,9258,0.8571428656578064
9259,9259,1.0
9260,9260,1.0
9261,9261,1.0
9262,9262,1.0
9263,9263,1.0
9264,9264,1.0
9265,9265,1.0
9266,9266,1.0
9267,9267,1.0
9268,9268,1.0
9269,9269,1.0
9270,9270,1.0
9271,9271,1.0
9272,9272,1.0
9273,9273,1.0
9274,9274,0.4285714328289032
9275,9275,0.8571428656578064
9276,9276,1.0
9277,9277,1.0
9278,9278,1.0
9279,9279,1.0
9280,9280,1.0
9281,9281,0.8571428656578064
9282,9282,0.8571428656578064
9283,9283,1.0
9284,9284,0.2857142984867096
9285,9285,1.0
9286,9286,1.0
9287,9287,0.8571428656578064
9288,9288,0.8571428656578064
9289,9289,1.0
9290,9290,0.8571428656578064
9291,9291,1.0
9292,9292,0.8571428656578064
9293,9293,0.7142857313156128
9294,9294,0.8571428656578064
9295,9295,1.0
9296,9296,1.0
9297,9297,1.0
9298,9298,1.0
9299,9299,1.0
9300,9300,0.2857142984867096
9301,9301,0.2857142984867096
9302,9302,1.0
9303,9303,0.1428571492433548
9304,9304,1.0
9305,9305,0.8571428656578064
9306,9306,0.0
9307,9307,0.8571428656578064
9308,9308,0.2857142984867096
9309,9309,1.0
9310,9310,1.0
9311,9311,1.0
9312,9312,1.0
9313,9313,0.8571428656578064
9314,9314,1.0
9315,9315,1.0
9316,9316,0.7142857313156128
9317,9317,0.8571428656578064
9318,9318,0.8571428656578064
9319,9319,0.7142857313156128
9320,9320,0.8571428656578064
9321,9321,1.0
9322,9322,1.0
9323,9323,1.0
9324,9324,0.8571428656578064
9325,9325,1.0
9326,9326,0.7142857313156128
9327,9327,0.8571428656578064
9328,9328,1.0
9329,9329,1.0
9330,9330,0.8571428656578064
9331,9331,1.0
9332,9332,1.0
9333,9333,1.0
9334,9334,1.0
9335,9335,1.0
9336,9336,1.0
9337,9337,0.8571428656578064
9338,9338,1.0
9339,9339,1.0
9340,9340,0.8571428656578064
9341,9341,0.7142857313156128
9342,9342,1.0
9343,9343,0.5714285969734192
9344,9344,1.0
9345,9345,1.0
9346,9346,0.8571428656578064
9347,9347,0.7142857313156128
9348,9348,0.1428571492433548
9349,9349,1.0
9350,9350,0.8571428656578064
9351,9351,1.0
9352,9352,1.0
9353,9353,1.0
9354,9354,0.1428571492433548
9355,9355,1.0
9356,9356,1.0
9357,9357,1.0
9358,9358,1.0
9359,9359,1.0
9360,9360,1.0
9361,9361,1.0
9362,9362,1.0
9363,9363,1.0
9364,9364,1.0
9365,9365,1.0
9366,9366,1.0
9367,9367,1.0
9368,9368,0.8571428656578064
9369,9369,1.0
9370,9370,1.0
9371,9371,1.0
9372,9372,1.0
9373,9373,1.0
9374,9374,1.0
9375,9375,1.0
9376,9376,1.0
9377,9377,1.0
9378,9378,1.0
9379,9379,1.0
9380,9380,1.0
9381,9381,1.0
9382,9382,1.0
9383,9383,0.4285714328289032
9384,9384,1.0
9385,9385,0.7142857313156128
9386,9386,1.0
9387,9387,1.0
9388,9388,1.0
9389,9389,1.0
9390,9390,1.0
9391,9391,0.8571428656578064
9392,9392,0.8571428656578064
9393,9393,1.0
9394,9394,0.7142857313156128
9395,9395,1.0
9396,9396,1.0
9397,9397,0.7142857313156128
9398,9398,1.0
9399,9399,1.0
9400,9400,1.0
9401,9401,1.0
9402,9402,0.8571428656578064
9403,9403,0.7142857313156128
9404,9404,0.0
9405,9405,1.0
9406,9406,0.8571428656578064
9407,9407,1.0
9408,9408,1.0
9409,9409,1.0
9410,9410,1.0
9411,9411,0.1428571492433548
9412,9412,1.0
9413,9413,0.1428571492433548
9414,9414,1.0
9415,9415,0.8571428656578064
9416,9416,1.0
9417,9417,0.8571428656578064
9418,9418,1.0
9419,9419,0.2857142984867096
9420,9420,1.0
9421,9421,1.0
9422,9422,0.8571428656578064
9423,9423,1.0
9424,9424,1.0
9425,9425,1.0
9426,9426,0.8571428656578064
9427,9427,0.8571428656578064
9428,9428,1.0
9429,9429,0.7142857313156128
9430,9430,1.0
9431,9431,1.0
9432,9432,1.0
9433,9433,1.0
9434,9434,1.0
9435,9435,0.8571428656578064
9436,9436,0.7142857313156128
9437,9437,0.5714285969734192
9438,9438,1.0
9439,9439,0.7142857313156128
9440,9440,0.4285714328289032
9441,9441,1.0
9442,9442,1.0
9443,9443,1.0
9444,9444,1.0
9445,9445,1.0
9446,9446,1.0
9447,9447,0.8571428656578064
9448,9448,1.0
9449,9449,0.7142857313156128
9450,9450,1.0
9451,9451,0.8571428656578064
9452,9452,1.0
9453,9453,0.5714285969734192
9454,9454,1.0
9455,9455,0.8571428656578064
9456,9456,1.0
9457,9457,1.0
9458,9458,0.8571428656578064
9459,9459,1.0
9460,9460,0.2857142984867096
9461,9461,1.0
9462,9462,1.0
9463,9463,1.0
9464,9464,1.0
9465,9465,1.0
9466,9466,1.0
9467,9467,1.0
9468,9468,1.0
9469,9469,0.1428571492433548
9470,9470,1.0
9471,9471,1.0
9472,9472,1.0
9473,9473,1.0
9474,9474,1.0
9475,9475,1.0
9476,9476,1.0
9477,9477,0.0
9478,9478,0.8571428656578064
9479,9479,1.0
9480,9480,1.0
9481,9481,1.0
9482,9482,1.0
9483,9483,1.0
9484,9484,1.0
9485,9485,1.0
9486,9486,1.0
9487,9487,1.0
9488,9488,1.0
9489,9489,1.0
9490,9490,1.0
9491,9491,0.8571428656578064
9492,9492,0.7142857313156128
9493,9493,1.0
9494,9494,1.0
9495,9495,1.0
9496,9496,1.0
9497,9497,1.0
9498,9498,0.0
9499,9499,1.0
9500,9500,1.0
9501,9501,0.5714285969734192
9502,9502,0.8571428656578064
9503,9503,1.0
9504,9504,0.7142857313156128
9505,9505,1.0
9506,9506,1.0
9507,9507,0.7142857313156128
9508,9508,1.0
9509,9509,1.0
9510,9510,0.8571428656578064
9511,9511,0.7142857313156128
9512,9512,0.8571428656578064
9513,9513,0.7142857313156128
9514,9514,0.8571428656578064
9515,9515,1.0
9516,9516,1.0
9517,9517,1.0
9518,9518,1.0
9519,9519,1.0
9520,9520,1.0
9521,9521,1.0
9522,9522,1.0
9523,9523,0.2857142984867096
9524,9524,1.0
9525,9525,0.4285714328289032
9526,9526,1.0
9527,9527,0.8571428656578064
9528,9528,0.2857142984867096
9529,9529,1.0
9530,9530,1.0
9531,9531,1.0
9532,9532,1.0
9533,9533,1.0
9534,9534,1.0
9535,9535,1.0
9536,9536,0.7142857313156128
9537,9537,0.7142857313156128
9538,9538,0.8571428656578064
9539,9539,0.8571428656578064
9540,9540,1.0
9541,9541,1.0
9542,9542,1.0
9543,9543,1.0
9544,9544,1.0
9545,9545,1.0
9546,9546,1.0
9547,9547,0.5714285969734192
9548,9548,1.0
9549,9549,0.4285714328289032
9550,9550,0.8571428656578064
9551,9551,1.0
9552,9552,1.0
9553,9553,1.0
9554,9554,1.0
9555,9555,1.0
9556,9556,1.0
9557,9557,0.5714285969734192
9558,9558,1.0
9559,9559,1.0
9560,9560,1.0
9561,9561,0.4285714328289032
9562,9562,1.0
9563,9563,0.5714285969734192
9564,9564,1.0
9565,9565,0.8571428656578064
9566,9566,0.8571428656578064
9567,9567,1.0
9568,9568,0.8571428656578064
9569,9569,1.0
9570,9570,0.7142857313156128
9571,9571,1.0
9572,9572,1.0
9573,9573,1.0
9574,9574,1.0
9575,9575,1.0
9576,9576,1.0
9577,9577,1.0
9578,9578,1.0
9579,9579,1.0
9580,9580,1.0
9581,9581,1.0
9582,9582,1.0
9583,9583,1.0
9584,9584,1.0
9585,9585,1.0
9586,9586,1.0
9587,9587,1.0
9588,9588,0.8571428656578064
9589,9589,1.0
9590,9590,1.0
9591,9591,1.0
9592,9592,1.0
9593,9593,1.0
9594,9594,1.0
9595,9595,1.0
9596,9596,1.0
9597,9597,1.0
9598,9598,1.0
9599,9599,1.0
9600,9600,1.0
9601,9601,0.8571428656578064
9602,9602,1.0
9603,9603,1.0
9604,9604,1.0
9605,9605,0.8571428656578064
9606,9606,1.0
9607,9607,1.0
9608,9608,1.0
9609,9609,1.0
9610,9610,1.0
9611,9611,0.8571428656578064
9612,9612,0.8571428656578064
9613,9613,1.0
9614,9614,0.7142857313156128
9615,9615,0.2857142984867096
9616,9616,0.7142857313156128
9617,9617,0.7142857313156128
9618,9618,1.0
9619,9619,0.7142857313156128
9620,9620,1.0
9621,9621,1.0
9622,9622,0.8571428656578064
9623,9623,0.7142857313156128
9624,9624,0.8571428656578064
9625,9625,1.0
9626,9626,1.0
9627,9627,0.5714285969734192
9628,9628,1.0
9629,9629,1.0
9630,9630,1.0
9631,9631,1.0
9632,9632,1.0
9633,9633,1.0
9634,9634,1.0
9635,9635,0.8571428656578064
9636,9636,1.0
9637,9637,0.8571428656578064
9638,9638,1.0
9639,9639,0.7142857313156128
9640,9640,1.0
9641,9641,1.0
9642,9642,0.7142857313156128
9643,9643,1.0
9644,9644,0.0
9645,9645,1.0
9646,9646,0.8571428656578064
9647,9647,0.7142857313156128
9648,9648,0.7142857313156128
9649,9649,1.0
9650,9650,1.0
9651,9651,0.5714285969734192
9652,9652,1.0
9653,9653,1.0
9654,9654,1.0
9655,9655,0.5714285969734192
9656,9656,1.0
9657,9657,1.0
9658,9658,1.0
9659,9659,1.0
9660,9660,0.8571428656578064
9661,9661,1.0
9662,9662,1.0
9663,9663,1.0
9664,9664,1.0
9665,9665,1.0
9666,9666,1.0
9667,9667,0.8571428656578064
9668,9668,1.0
9669,9669,0.7142857313156128
9670,9670,0.8571428656578064
9671,9671,1.0
9672,9672,1.0
9673,9673,0.5714285969734192
9674,9674,1.0
9675,9675,0.8571428656578064
9676,9676,1.0
9677,9677,1.0
9678,9678,0.8571428656578064
9679,9679,1.0
9680,9680,0.8571428656578064
9681,9681,1.0
9682,9682,1.0
9683,9683,1.0
9684,9684,1.0
9685,9685,1.0
9686,9686,1.0
9687,9687,1.0
9688,9688,1.0
9689,9689,1.0
9690,9690,1.0
9691,9691,1.0
9692,9692,1.0
9693,9693,1.0
9694,9694,1.0
9695,9695,1.0
9696,9696,1.0
9697,9697,1.0
9698,9698,0.8571428656578064
9699,9699,1.0
9700,9700,1.0
9701,9701,1.0
9702,9702,1.0
9703,9703,1.0
9704,9704,1.0
9705,9705,1.0
9706,9706,1.0
9707,9707,1.0
9708,9708,1.0
9709,9709,1.0
9710,9710,1.0
9711,9711,1.0
9712,9712,0.7142857313156128
9713,9713,1.0
9714,9714,1.0
9715,9715,0.8571428656578064
9716,9716,1.0
9717,9717,1.0
9718,9718,1.0
9719,9719,0.4285714328289032
9720,9720,1.0
9721,9721,0.8571428656578064
9722,9722,0.8571428656578064
9723,9723,1.0
9724,9724,0.7142857313156128
9725,9725,1.0
9726,9726,1.0
9727,9727,0.8571428656578064
9728,9728,1.0
9729,9729,1.0
9730,9730,1.0
9731,9731,1.0
9732,9732,0.8571428656578064
9733,9733,0.7142857313156128
9734,9734,0.8571428656578064
9735,9735,0.1428571492433548
9736,9736,0.8571428656578064
9737,9737,1.0
9738,9738,1.0
9739,9739,1.0
9740,9740,1.0
9741,9741,1.0
9742,9742,1.0
9743,9743,1.0
9744,9744,1.0
9745,9745,0.8571428656578064
9746,9746,0.0
9747,9747,0.8571428656578064
9748,9748,1.0
9749,9749,1.0
9750,9750,1.0
9751,9751,1.0
9752,9752,0.7142857313156128
9753,9753,0.5714285969734192
9754,9754,0.5714285969734192
9755,9755,1.0
9756,9756,0.7142857313156128
9757,9757,0.8571428656578064
9758,9758,1.0
9759,9759,0.7142857313156128
9760,9760,0.5714285969734192
9761,9761,1.0
9762,9762,1.0
9763,9763,1.0
9764,9764,1.0
9765,9765,1.0
9766,9766,0.7142857313156128
9767,9767,0.8571428656578064
9768,9768,1.0
9769,9769,1.0
9770,9770,0.8571428656578064
9771,9771,1.0
9772,9772,1.0
9773,9773,1.0
9774,9774,1.0
9775,9775,1.0
9776,9776,1.0
9777,9777,0.8571428656578064
9778,9778,1.0
9779,9779,0.7142857313156128
9780,9780,0.8571428656578064
9781,9781,1.0
9782,9782,1.0
9783,9783,0.5714285969734192
9784,9784,1.0
9785,9785,0.8571428656578064
9786,9786,0.8571428656578064
9787,9787,1.0
9788,9788,0.8571428656578064
9789,9789,0.7142857313156128
9790,9790,0.8571428656578064
9791,9791,1.0
9792,9792,1.0
9793,9793,1.0
9794,9794,1.0
9795,9795,1.0
9796,9796,1.0
9797,9797,1.0
9798,9798,1.0
9799,9799,1.0
9800,9800,1.0
9801,9801,1.0
9802,9802,1.0
9803,9803,1.0
9804,9804,1.0
9805,9805,1.0
9806,9806,1.0
9807,9807,1.0
9808,9808,0.8571428656578064
9809,9809,1.0
9810,9810,1.0
9811,9811,1.0
9812,9812,1.0
9813,9813,1.0
9814,9814,1.0
9815,9815,1.0
9816,9816,1.0
9817,9817,1.0
9818,9818,1.0
9819,9819,1.0
9820,9820,1.0
9821,9821,1.0
9822,9822,0.8571428656578064
9823,9823,1.0
9824,9824,1.0
9825,9825,0.7142857313156128
9826,9826,1.0
9827,9827,1.0
9828,9828,1.0
9829,9829,1.0
9830,9830,1.0
9831,9831,0.8571428656578064
9832,9832,0.8571428656578064
9833,9833,1.0
9834,9834,0.2857142984867096
9835,9835,1.0
9836,9836,1.0
9837,9837,0.7142857313156128
9838,9838,1.0
9839,9839,1.0
9840,9840,1.0
9841,9841,1.0
9842,9842,0.8571428656578064
9843,9843,0.8571428656578064
9844,9844,0.8571428656578064
9845,9845,1.0
9846,9846,0.5714285969734192
9847,9847,1.0
9848,9848,1.0
9849,9849,1.0
9850,9850,1.0
9851,9851,1.0
9852,9852,1.0
9853,9853,1.0
9854,9854,1.0
9855,9855,0.8571428656578064
9856,9856,1.0
9857,9857,0.8571428656578064
9858,9858,1.0
9859,9859,1.0
9860,9860,1.0
9861,9861,0.8571428656578064
9862,9862,0.8571428656578064
9863,9863,1.0
9864,9864,0.0
9865,9865,1.0
9866,9866,0.7142857313156128
9867,9867,0.8571428656578064
9868,9868,0.8571428656578064
9869,9869,0.8571428656578064
9870,9870,0.8571428656578064
9871,9871,1.0
9872,9872,1.0
9873,9873,1.0
9874,9874,0.8571428656578064
9875,9875,0.8571428656578064
9876,9876,1.0
9877,9877,1.0
9878,9878,1.0
9879,9879,1.0
9880,9880,0.2857142984867096
9881,9881,1.0
9882,9882,1.0
9883,9883,1.0
9884,9884,1.0
9885,9885,0.7142857313156128
9886,9886,1.0
9887,9887,1.0
9888,9888,0.8571428656578064
9889,9889,0.7142857313156128
9890,9890,0.8571428656578064
9891,9891,1.0
9892,9892,1.0
9893,9893,0.8571428656578064
9894,9894,1.0
9895,9895,0.8571428656578064
9896,9896,0.7142857313156128
9897,9897,1.0
9898,9898,0.8571428656578064
9899,9899,1.0
9900,9900,1.0
9901,9901,1.0
9902,9902,1.0
9903,9903,1.0
9904,9904,1.0
9905,9905,1.0
9906,9906,1.0
9907,9907,1.0
9908,9908,1.0
9909,9909,1.0
9910,9910,1.0
9911,9911,1.0
9912,9912,1.0
9913,9913,1.0
9914,9914,1.0
9915,9915,1.0
9916,9916,1.0
9917,9917,1.0
9918,9918,0.8571428656578064
9919,9919,1.0
9920,9920,1.0
9921,9921,1.0
9922,9922,1.0
9923,9923,1.0
9924,9924,1.0
9925,9925,1.0
9926,9926,1.0
9927,9927,1.0
9928,9928,1.0
9929,9929,1.0
9930,9930,1.0
9931,9931,1.0
9932,9932,1.0
9933,9933,1.0
9934,9934,1.0
9935,9935,0.2857142984867096
9936,9936,1.0
9937,9937,1.0
9938,9938,1.0
9939,9939,1.0
9940,9940,0.4285714328289032
9941,9941,0.8571428656578064
9942,9942,0.8571428656578064
9943,9943,1.0
9944,9944,0.7142857313156128
9945,9945,0.5714285969734192
9946,9946,1.0
9947,9947,0.7142857313156128
9948,9948,0.8571428656578064
9949,9949,1.0
9950,9950,1.0
9951,9951,1.0
9952,9952,0.5714285969734192
9953,9953,0.7142857313156128
9954,9954,0.8571428656578064
9955,9955,1.0
9956,9956,1.0
9957,9957,0.0
9958,9958,1.0
9959,9959,1.0
9960,9960,1.0
9961,9961,1.0
9962,9962,1.0
9963,9963,1.0
9964,9964,1.0
9965,9965,0.8571428656578064
9966,9966,1.0
9967,9967,0.8571428656578064
9968,9968,1.0
9969,9969,1.0
9970,9970,1.0
9971,9971,0.7142857313156128
9972,9972,0.8571428656578064
9973,9973,1.0
9974,9974,1.0
9975,9975,1.0
9976,9976,0.7142857313156128
9977,9977,0.7142857313156128
9978,9978,1.0
9979,9979,0.7142857313156128
9980,9980,1.0
9981,9981,0.5714285969734192
9982,9982,1.0
9983,9983,1.0
9984,9984,0.8571428656578064
9985,9985,1.0
9986,9986,0.7142857313156128
9987,9987,1.0
9988,9988,1.0
9989,9989,1.0
9990,9990,0.8571428656578064
9991,9991,1.0
9992,9992,1.0
9993,9993,1.0
9994,9994,1.0
9995,9995,1.0
9996,9996,1.0
9997,9997,0.2857142984867096
9998,9998,1.0
9999,9999,1.0
10000,10000,0.8571428656578064
10001,10001,1.0
10002,10002,0.2857142984867096
10003,10003,0.4285714328289032
10004,10004,0.8571428656578064
10005,10005,0.8571428656578064
10006,10006,0.8571428656578064
10007,10007,1.0
10008,10008,0.8571428656578064
10009,10009,0.2857142984867096
10010,10010,0.8571428656578064
10011,10011,1.0
10012,10012,1.0
10013,10013,1.0
10014,10014,0.1428571492433548
10015,10015,1.0
10016,10016,1.0
10017,10017,1.0
10018,10018,1.0
10019,10019,1.0
10020,10020,1.0
10021,10021,1.0
10022,10022,1.0
10023,10023,1.0
10024,10024,1.0
10025,10025,1.0
10026,10026,1.0
10027,10027,1.0
10028,10028,1.0
10029,10029,1.0
10030,10030,1.0
10031,10031,1.0
10032,10032,1.0
10033,10033,1.0
10034,10034,1.0
10035,10035,1.0
10036,10036,1.0
10037,10037,1.0
10038,10038,1.0
10039,10039,1.0
10040,10040,1.0
10041,10041,0.4285714328289032
10042,10042,1.0
10043,10043,0.7142857313156128
10044,10044,1.0
10045,10045,0.8571428656578064
10046,10046,1.0
10047,10047,1.0
10048,10048,1.0
10049,10049,1.0
10050,10050,0.4285714328289032
10051,10051,0.8571428656578064
10052,10052,0.8571428656578064
10053,10053,1.0
10054,10054,0.7142857313156128
10055,10055,1.0
10056,10056,1.0
10057,10057,0.7142857313156128
10058,10058,1.0
10059,10059,0.7142857313156128
10060,10060,1.0
10061,10061,1.0
10062,10062,0.8571428656578064
10063,10063,0.7142857313156128
10064,10064,0.8571428656578064
10065,10065,1.0
10066,10066,1.0
10067,10067,1.0
10068,10068,1.0
10069,10069,1.0
10070,10070,1.0
10071,10071,1.0
10072,10072,0.5714285969734192
10073,10073,1.0
10074,10074,1.0
10075,10075,0.8571428656578064
10076,10076,1.0
10077,10077,0.8571428656578064
10078,10078,1.0
10079,10079,1.0
10080,10080,1.0
10081,10081,0.8571428656578064
10082,10082,0.7142857313156128
10083,10083,1.0
10084,10084,0.5714285969734192
10085,10085,1.0
10086,10086,0.7142857313156128
10087,10087,0.8571428656578064
10088,10088,1.0
10089,10089,1.0
10090,10090,1.0
10091,10091,1.0
10092,10092,1.0
10093,10093,1.0
10094,10094,0.8571428656578064
10095,10095,1.0
10096,10096,0.7142857313156128
10097,10097,1.0
10098,10098,1.0
10099,10099,0.7142857313156128
10100,10100,0.8571428656578064
10101,10101,1.0
10102,10102,1.0
10103,10103,1.0
10104,10104,1.0
10105,10105,1.0
10106,10106,1.0
10107,10107,0.8571428656578064
10108,10108,0.5714285969734192
10109,10109,1.0
10110,10110,0.8571428656578064
10111,10111,0.5714285969734192
10112,10112,1.0
10113,10113,0.5714285969734192
10114,10114,1.0
10115,10115,0.8571428656578064
10116,10116,0.5714285969734192
10117,10117,1.0
10118,10118,0.8571428656578064
10119,10119,1.0
10120,10120,0.8571428656578064
10121,10121,1.0
10122,10122,1.0
10123,10123,1.0
10124,10124,1.0
10125,10125,1.0
10126,10126,1.0
10127,10127,1.0
10128,10128,1.0
10129,10129,1.0
10130,10130,1.0
10131,10131,1.0
10132,10132,1.0
10133,10133,1.0
10134,10134,1.0
10135,10135,1.0
10136,10136,1.0
10137,10137,1.0
10138,10138,1.0
10139,10139,1.0
10140,10140,1.0
10141,10141,1.0
10142,10142,1.0
10143,10143,1.0
10144,10144,1.0
10145,10145,1.0
10146,10146,1.0
10147,10147,1.0
10148,10148,1.0
10149,10149,1.0
10150,10150,1.0
10151,10151,1.0
10152,10152,1.0
10153,10153,1.0
10154,10154,0.4285714328289032
10155,10155,0.8571428656578064
10156,10156,1.0
10157,10157,1.0
10158,10158,1.0
10159,10159,1.0
10160,10160,1.0
10161,10161,0.4285714328289032
10162,10162,0.8571428656578064
10163,10163,1.0
10164,10164,0.7142857313156128
10165,10165,1.0
10166,10166,1.0
10167,10167,0.0
10168,10168,1.0
10169,10169,0.5714285969734192
10170,10170,1.0
10171,10171,0.7142857313156128
10172,10172,0.8571428656578064
10173,10173,0.7142857313156128
10174,10174,0.8571428656578064
10175,10175,1.0
10176,10176,1.0
10177,10177,0.7142857313156128
10178,10178,1.0
10179,10179,1.0
10180,10180,1.0
10181,10181,1.0
10182,10182,1.0
10183,10183,1.0
10184,10184,0.1428571492433548
10185,10185,0.8571428656578064
10186,10186,0.4285714328289032
10187,10187,0.0
10188,10188,1.0
10189,10189,1.0
10190,10190,1.0
10191,10191,1.0
10192,10192,0.8571428656578064
10193,10193,1.0
10194,10194,0.0
10195,10195,1.0
10196,10196,1.0
10197,10197,0.8571428656578064
10198,10198,1.0
10199,10199,0.7142857313156128
10200,10200,0.8571428656578064
10201,10201,1.0
10202,10202,1.0
10203,10203,1.0
10204,10204,0.8571428656578064
10205,10205,1.0
10206,10206,1.0
10207,10207,1.0
10208,10208,1.0
10209,10209,0.7142857313156128
10210,10210,0.8571428656578064
10211,10211,1.0
10212,10212,1.0
10213,10213,1.0
10214,10214,1.0
10215,10215,1.0
10216,10216,1.0
10217,10217,0.8571428656578064
10218,10218,1.0
10219,10219,1.0
10220,10220,1.0
10221,10221,0.8571428656578064
10222,10222,1.0
10223,10223,0.8571428656578064
10224,10224,1.0
10225,10225,0.0
10226,10226,1.0
10227,10227,0.7142857313156128
10228,10228,0.8571428656578064
10229,10229,1.0
10230,10230,0.8571428656578064
10231,10231,1.0
10232,10232,1.0
10233,10233,1.0
10234,10234,1.0
10235,10235,1.0
10236,10236,1.0
10237,10237,1.0
10238,10238,1.0
10239,10239,1.0
10240,10240,1.0
10241,10241,1.0
10242,10242,1.0
10243,10243,1.0
10244,10244,1.0
10245,10245,1.0
10246,10246,1.0
10247,10247,1.0
10248,10248,0.8571428656578064
10249,10249,1.0
10250,10250,1.0
10251,10251,1.0
10252,10252,1.0
10253,10253,1.0
10254,10254,1.0
10255,10255,1.0
10256,10256,1.0
10257,10257,1.0
10258,10258,1.0
10259,10259,1.0
10260,10260,1.0
10261,10261,0.8571428656578064
10262,10262,0.7142857313156128
10263,10263,1.0
10264,10264,1.0
10265,10265,0.8571428656578064
10266,10266,1.0
10267,10267,1.0
10268,10268,1.0
10269,10269,1.0
10270,10270,1.0
10271,10271,0.8571428656578064
10272,10272,0.8571428656578064
10273,10273,1.0
10274,10274,0.7142857313156128
10275,10275,1.0
10276,10276,1.0
10277,10277,0.7142857313156128
10278,10278,1.0
10279,10279,1.0
10280,10280,1.0
10281,10281,1.0
10282,10282,0.7142857313156128
10283,10283,0.7142857313156128
10284,10284,0.8571428656578064
10285,10285,1.0
10286,10286,1.0
10287,10287,1.0
10288,10288,1.0
10289,10289,1.0
10290,10290,1.0
10291,10291,1.0
10292,10292,1.0
10293,10293,0.4285714328289032
10294,10294,1.0
10295,10295,0.2857142984867096
10296,10296,1.0
10297,10297,0.7142857313156128
10298,10298,1.0
10299,10299,0.1428571492433548
10300,10300,1.0
10301,10301,0.7142857313156128
10302,10302,0.8571428656578064
10303,10303,0.7142857313156128
10304,10304,1.0
10305,10305,1.0
10306,10306,1.0
10307,10307,0.4285714328289032
10308,10308,0.7142857313156128
10309,10309,1.0
10310,10310,0.8571428656578064
10311,10311,1.0
10312,10312,1.0
10313,10313,1.0
10314,10314,0.1428571492433548
10315,10315,0.5714285969734192
10316,10316,1.0
10317,10317,1.0
10318,10318,1.0
10319,10319,1.0
10320,10320,0.0
10321,10321,0.5714285969734192
10322,10322,1.0
10323,10323,1.0
10324,10324,1.0
10325,10325,1.0
10326,10326,1.0
10327,10327,0.5714285969734192
10328,10328,1.0
10329,10329,0.7142857313156128
10330,10330,0.8571428656578064
10331,10331,0.7142857313156128
10332,10332,0.8571428656578064
10333,10333,0.8571428656578064
10334,10334,0.8571428656578064
10335,10335,0.1428571492433548
10336,10336,1.0
10337,10337,0.5714285969734192
10338,10338,0.8571428656578064
10339,10339,0.7142857313156128
10340,10340,0.8571428656578064
10341,10341,1.0
10342,10342,1.0
10343,10343,1.0
10344,10344,1.0
10345,10345,1.0
10346,10346,1.0
10347,10347,1.0
10348,10348,1.0
10349,10349,1.0
10350,10350,1.0
10351,10351,1.0
10352,10352,1.0
10353,10353,1.0
10354,10354,1.0
10355,10355,1.0
10356,10356,1.0
10357,10357,0.0
10358,10358,0.8571428656578064
10359,10359,1.0
10360,10360,1.0
10361,10361,1.0
10362,10362,1.0
10363,10363,1.0
10364,10364,1.0
10365,10365,1.0
10366,10366,1.0
10367,10367,1.0
10368,10368,1.0
10369,10369,1.0
10370,10370,1.0
10371,10371,1.0
10372,10372,1.0
10373,10373,0.1428571492433548
10374,10374,1.0
10375,10375,0.8571428656578064
10376,10376,1.0
10377,10377,1.0
10378,10378,1.0
10379,10379,1.0
10380,10380,0.0
10381,10381,0.8571428656578064
10382,10382,0.5714285969734192
10383,10383,1.0
10384,10384,0.7142857313156128
10385,10385,1.0
10386,10386,1.0
10387,10387,0.7142857313156128
10388,10388,1.0
10389,10389,1.0
10390,10390,1.0
10391,10391,1.0
10392,10392,0.5714285969734192
10393,10393,0.7142857313156128
10394,10394,0.8571428656578064
10395,10395,1.0
10396,10396,1.0
10397,10397,1.0
10398,10398,1.0
10399,10399,1.0
10400,10400,1.0
10401,10401,1.0
10402,10402,1.0
10403,10403,1.0
10404,10404,1.0
10405,10405,0.8571428656578064
10406,10406,1.0
10407,10407,0.8571428656578064
10408,10408,1.0
10409,10409,1.0
10410,10410,1.0
10411,10411,0.8571428656578064
10412,10412,0.7142857313156128
10413,10413,0.7142857313156128
10414,10414,1.0
10415,10415,1.0
10416,10416,1.0
10417,10417,0.8571428656578064
10418,10418,1.0
10419,10419,0.7142857313156128
10420,10420,0.8571428656578064
10421,10421,1.0
10422,10422,1.0
10423,10423,1.0
10424,10424,0.8571428656578064
10425,10425,0.8571428656578064
10426,10426,1.0
10427,10427,1.0
10428,10428,1.0
10429,10429,1.0
10430,10430,0.8571428656578064
10431,10431,1.0
10432,10432,1.0
10433,10433,1.0
10434,10434,1.0
10435,10435,1.0
10436,10436,1.0
10437,10437,0.5714285969734192
10438,10438,0.8571428656578064
10439,10439,0.7142857313156128
10440,10440,0.8571428656578064
10441,10441,1.0
10442,10442,1.0
10443,10443,0.8571428656578064
10444,10444,0.8571428656578064
10445,10445,0.0
10446,10446,1.0
10447,10447,1.0
10448,10448,0.8571428656578064
10449,10449,1.0
10450,10450,0.7142857313156128
10451,10451,1.0
10452,10452,0.0
10453,10453,1.0
10454,10454,1.0
10455,10455,1.0
10456,10456,1.0
10457,10457,1.0
10458,10458,1.0
10459,10459,0.1428571492433548
10460,10460,1.0
10461,10461,1.0
10462,10462,1.0
10463,10463,1.0
10464,10464,1.0
10465,10465,1.0
10466,10466,1.0
10467,10467,1.0
10468,10468,0.8571428656578064
10469,10469,1.0
10470,10470,1.0
10471,10471,1.0
10472,10472,1.0
10473,10473,1.0
10474,10474,1.0
10475,10475,1.0
10476,10476,1.0
10477,10477,1.0
10478,10478,1.0
10479,10479,1.0
10480,10480,1.0
10481,10481,0.8571428656578064
10482,10482,0.7142857313156128
10483,10483,0.7142857313156128
10484,10484,1.0
10485,10485,0.8571428656578064
10486,10486,1.0
10487,10487,1.0
10488,10488,1.0
10489,10489,1.0
10490,10490,1.0
10491,10491,0.8571428656578064
10492,10492,0.8571428656578064
10493,10493,1.0
10494,10494,0.7142857313156128
10495,10495,0.5714285969734192
10496,10496,1.0
10497,10497,0.7142857313156128
10498,10498,1.0
10499,10499,1.0
10500,10500,1.0
10501,10501,0.1428571492433548
10502,10502,0.8571428656578064
10503,10503,0.7142857313156128
10504,10504,0.8571428656578064
10505,10505,1.0
10506,10506,0.7142857313156128
10507,10507,1.0
10508,10508,1.0
10509,10509,1.0
10510,10510,1.0
10511,10511,1.0
10512,10512,1.0
10513,10513,0.8571428656578064
10514,10514,1.0
10515,10515,0.8571428656578064
10516,10516,1.0
10517,10517,0.8571428656578064
10518,10518,1.0
10519,10519,1.0
10520,10520,1.0
10521,10521,0.8571428656578064
10522,10522,0.8571428656578064
10523,10523,1.0
10524,10524,1.0
10525,10525,1.0
10526,10526,0.7142857313156128
10527,10527,0.8571428656578064
10528,10528,0.7142857313156128
10529,10529,1.0
10530,10530,0.8571428656578064
10531,10531,1.0
10532,10532,1.0
10533,10533,1.0
10534,10534,0.8571428656578064
10535,10535,1.0
10536,10536,1.0
10537,10537,1.0
10538,10538,1.0
10539,10539,1.0
10540,10540,0.8571428656578064
10541,10541,1.0
10542,10542,1.0
10543,10543,1.0
10544,10544,1.0
10545,10545,1.0
10546,10546,1.0
10547,10547,0.8571428656578064
10548,10548,0.7142857313156128
10549,10549,0.7142857313156128
10550,10550,1.0
10551,10551,0.7142857313156128
10552,10552,1.0
10553,10553,0.7142857313156128
10554,10554,0.8571428656578064
10555,10555,0.1428571492433548
10556,10556,1.0
10557,10557,0.8571428656578064
10558,10558,0.8571428656578064
10559,10559,0.8571428656578064
10560,10560,0.8571428656578064
10561,10561,1.0
10562,10562,1.0
10563,10563,1.0
10564,10564,1.0
10565,10565,1.0
10566,10566,1.0
10567,10567,1.0
10568,10568,1.0
10569,10569,1.0
10570,10570,1.0
10571,10571,1.0
10572,10572,1.0
10573,10573,1.0
10574,10574,1.0
10575,10575,1.0
10576,10576,1.0
10577,10577,1.0
10578,10578,0.8571428656578064
10579,10579,1.0
10580,10580,1.0
10581,10581,1.0
10582,10582,1.0
10583,10583,1.0
10584,10584,1.0
10585,10585,1.0
10586,10586,1.0
10587,10587,1.0
10588,10588,1.0
10589,10589,1.0
10590,10590,1.0
10591,10591,0.8571428656578064
10592,10592,1.0
10593,10593,1.0
10594,10594,0.4285714328289032
10595,10595,0.8571428656578064
10596,10596,1.0
10597,10597,0.2857142984867096
10598,10598,0.2857142984867096
10599,10599,0.4285714328289032
10600,10600,0.4285714328289032
10601,10601,0.8571428656578064
10602,10602,0.8571428656578064
10603,10603,1.0
10604,10604,0.7142857313156128
10605,10605,1.0
10606,10606,1.0
10607,10607,0.7142857313156128
10608,10608,1.0
10609,10609,1.0
10610,10610,1.0
10611,10611,0.7142857313156128
10612,10612,0.8571428656578064
10613,10613,0.7142857313156128
10614,10614,0.8571428656578064
10615,10615,1.0
10616,10616,0.0
10617,10617,1.0
10618,10618,1.0
10619,10619,1.0
10620,10620,1.0
10621,10621,1.0
10622,10622,0.5714285969734192
10623,10623,1.0
10624,10624,1.0
10625,10625,0.5714285969734192
10626,10626,0.0
10627,10627,0.8571428656578064
10628,10628,1.0
10629,10629,1.0
10630,10630,1.0
10631,10631,1.0
10632,10632,0.7142857313156128
10633,10633,1.0
10634,10634,1.0
10635,10635,0.8571428656578064
10636,10636,0.7142857313156128
10637,10637,0.4285714328289032
10638,10638,1.0
10639,10639,1.0
10640,10640,0.8571428656578064
10641,10641,0.5714285969734192
10642,10642,1.0
10643,10643,1.0
10644,10644,0.5714285969734192
10645,10645,0.8571428656578064
10646,10646,1.0
10647,10647,1.0
10648,10648,0.7142857313156128
10649,10649,1.0
10650,10650,0.8571428656578064
10651,10651,0.8571428656578064
10652,10652,1.0
10653,10653,1.0
10654,10654,1.0
10655,10655,1.0
10656,10656,1.0
10657,10657,0.5714285969734192
10658,10658,0.8571428656578064
10659,10659,0.7142857313156128
10660,10660,0.8571428656578064
10661,10661,1.0
10662,10662,0.8571428656578064
10663,10663,0.7142857313156128
10664,10664,1.0
10665,10665,1.0
10666,10666,0.8571428656578064
10667,10667,1.0
10668,10668,0.8571428656578064
10669,10669,0.7142857313156128
10670,10670,0.5714285969734192
10671,10671,1.0
10672,10672,1.0
10673,10673,1.0
10674,10674,1.0
10675,10675,1.0
10676,10676,1.0
10677,10677,1.0
10678,10678,1.0
10679,10679,1.0
10680,10680,1.0
10681,10681,1.0
10682,10682,1.0
10683,10683,1.0
10684,10684,1.0
10685,10685,1.0
10686,10686,1.0
10687,10687,1.0
10688,10688,0.8571428656578064
10689,10689,1.0
10690,10690,1.0
10691,10691,1.0
10692,10692,1.0
10693,10693,1.0
10694,10694,1.0
10695,10695,1.0
10696,10696,1.0
10697,10697,1.0
10698,10698,1.0
10699,10699,1.0
10700,10700,1.0
10701,10701,1.0
10702,10702,1.0
10703,10703,1.0
10704,10704,1.0
10705,10705,0.2857142984867096
10706,10706,1.0
10707,10707,0.2857142984867096
10708,10708,1.0
10709,10709,1.0
10710,10710,1.0
10711,10711,0.8571428656578064
10712,10712,0.8571428656578064
10713,10713,1.0
10714,10714,0.7142857313156128
10715,10715,1.0
10716,10716,1.0
10717,10717,0.7142857313156128
10718,10718,1.0
10719,10719,1.0
10720,10720,1.0
10721,10721,1.0
10722,10722,0.8571428656578064
10723,10723,0.7142857313156128
10724,10724,0.8571428656578064
10725,10725,1.0
10726,10726,1.0
10727,10727,0.7142857313156128
10728,10728,1.0
10729,10729,1.0
10730,10730,1.0
10731,10731,1.0
10732,10732,1.0
10733,10733,1.0
10734,10734,1.0
10735,10735,0.8571428656578064
10736,10736,1.0
10737,10737,0.8571428656578064
10738,10738,1.0
10739,10739,1.0
10740,10740,1.0
10741,10741,0.7142857313156128
10742,10742,0.7142857313156128
10743,10743,0.8571428656578064
10744,10744,1.0
10745,10745,0.5714285969734192
10746,10746,1.0
10747,10747,0.8571428656578064
10748,10748,1.0
10749,10749,0.7142857313156128
10750,10750,0.8571428656578064
10751,10751,1.0
10752,10752,1.0
10753,10753,1.0
10754,10754,1.0
10755,10755,1.0
10756,10756,1.0
10757,10757,1.0
10758,10758,1.0
10759,10759,1.0
10760,10760,0.8571428656578064
10761,10761,1.0
10762,10762,1.0
10763,10763,1.0
10764,10764,0.8571428656578064
10765,10765,0.4285714328289032
10766,10766,1.0
10767,10767,0.5714285969734192
10768,10768,0.2857142984867096
10769,10769,1.0
10770,10770,1.0
10771,10771,1.0
10772,10772,0.8571428656578064
10773,10773,0.1428571492433548
10774,10774,0.8571428656578064
10775,10775,0.8571428656578064
10776,10776,1.0
10777,10777,1.0
10778,10778,0.8571428656578064
10779,10779,0.5714285969734192
10780,10780,0.8571428656578064
10781,10781,1.0
10782,10782,1.0
10783,10783,1.0
10784,10784,1.0
10785,10785,1.0
10786,10786,1.0
10787,10787,1.0
10788,10788,1.0
10789,10789,1.0
10790,10790,1.0
10791,10791,1.0
10792,10792,1.0
10793,10793,1.0
10794,10794,1.0
10795,10795,1.0
10796,10796,1.0
10797,10797,1.0
10798,10798,0.8571428656578064
10799,10799,1.0
10800,10800,1.0
10801,10801,1.0
10802,10802,1.0
10803,10803,1.0
10804,10804,1.0
10805,10805,1.0
10806,10806,1.0
10807,10807,1.0
10808,10808,1.0
10809,10809,1.0
10810,10810,1.0
10811,10811,1.0
10812,10812,1.0
10813,10813,1.0
10814,10814,0.0
10815,10815,0.8571428656578064
10816,10816,1.0
10817,10817,1.0
10818,10818,1.0
10819,10819,1.0
10820,10820,1.0
10821,10821,0.8571428656578064
10822,10822,0.8571428656578064
10823,10823,1.0
10824,10824,0.7142857313156128
10825,10825,1.0
10826,10826,1.0
10827,10827,0.2857142984867096
10828,10828,0.1428571492433548
10829,10829,1.0
10830,10830,1.0
10831,10831,0.5714285969734192
10832,10832,0.8571428656578064
10833,10833,0.7142857313156128
10834,10834,0.8571428656578064
10835,10835,1.0
10836,10836,1.0
10837,10837,1.0
10838,10838,1.0
10839,10839,1.0
10840,10840,1.0
10841,10841,1.0
10842,10842,1.0
10843,10843,1.0
10844,10844,1.0
10845,10845,0.8571428656578064
10846,10846,1.0
10847,10847,0.8571428656578064
10848,10848,1.0
10849,10849,1.0
10850,10850,1.0
10851,10851,0.7142857313156128
10852,10852,0.5714285969734192
10853,10853,0.7142857313156128
10854,10854,1.0
10855,10855,1.0
10856,10856,0.7142857313156128
10857,10857,0.4285714328289032
10858,10858,0.7142857313156128
10859,10859,0.7142857313156128
10860,10860,0.8571428656578064
10861,10861,1.0
10862,10862,1.0
10863,10863,1.0
10864,10864,0.1428571492433548
10865,10865,0.8571428656578064
10866,10866,1.0
10867,10867,1.0
10868,10868,1.0
10869,10869,0.7142857313156128
10870,10870,0.8571428656578064
10871,10871,1.0
10872,10872,0.8571428656578064
10873,10873,1.0
10874,10874,1.0
10875,10875,1.0
10876,10876,0.8571428656578064
10877,10877,0.8571428656578064
10878,10878,1.0
10879,10879,1.0
10880,10880,0.8571428656578064
10881,10881,0.7142857313156128
10882,10882,1.0
10883,10883,0.5714285969734192
10884,10884,0.7142857313156128
10885,10885,0.8571428656578064
10886,10886,1.0
10887,10887,1.0
10888,10888,0.5714285969734192
10889,10889,1.0
10890,10890,0.8571428656578064
10891,10891,1.0
10892,10892,1.0
10893,10893,1.0
10894,10894,0.1428571492433548
10895,10895,1.0
10896,10896,1.0
10897,10897,1.0
10898,10898,1.0
10899,10899,0.1428571492433548
10900,10900,1.0
10901,10901,1.0
10902,10902,1.0
10903,10903,1.0
10904,10904,1.0
10905,10905,1.0
10906,10906,1.0
10907,10907,1.0
10908,10908,1.0
10909,10909,1.0
10910,10910,1.0
10911,10911,1.0
10912,10912,1.0
10913,10913,1.0
10914,10914,1.0
10915,10915,1.0
10916,10916,1.0
10917,10917,1.0
10918,10918,1.0
10919,10919,1.0
10920,10920,1.0
10921,10921,0.8571428656578064
10922,10922,1.0
10923,10923,1.0
10924,10924,1.0
10925,10925,0.7142857313156128
10926,10926,1.0
10927,10927,1.0
10928,10928,1.0
10929,10929,1.0
10930,10930,1.0
10931,10931,0.8571428656578064
10932,10932,0.8571428656578064
10933,10933,1.0
10934,10934,0.7142857313156128
10935,10935,1.0
10936,10936,1.0
10937,10937,0.7142857313156128
10938,10938,1.0
10939,10939,1.0
10940,10940,1.0
10941,10941,1.0
10942,10942,0.8571428656578064
10943,10943,0.7142857313156128
10944,10944,0.8571428656578064
10945,10945,0.7142857313156128
10946,10946,1.0
10947,10947,1.0
10948,10948,1.0
10949,10949,1.0
10950,10950,1.0
10951,10951,1.0
10952,10952,0.1428571492433548
10953,10953,1.0
10954,10954,1.0
10955,10955,1.0
10956,10956,1.0
10957,10957,0.8571428656578064
10958,10958,1.0
10959,10959,1.0
10960,10960,1.0
10961,10961,1.0
10962,10962,0.7142857313156128
10963,10963,1.0
10964,10964,0.5714285969734192
10965,10965,0.8571428656578064
10966,10966,0.7142857313156128
10967,10967,0.8571428656578064
10968,10968,1.0
10969,10969,1.0
10970,10970,0.8571428656578064
10971,10971,1.0
10972,10972,1.0
10973,10973,1.0
10974,10974,1.0
10975,10975,1.0
10976,10976,1.0
10977,10977,0.8571428656578064
10978,10978,1.0
10979,10979,1.0
10980,10980,0.8571428656578064
10981,10981,1.0
10982,10982,0.8571428656578064
10983,10983,0.8571428656578064
10984,10984,1.0
10985,10985,0.1428571492433548
10986,10986,1.0
10987,10987,1.0
10988,10988,1.0
10989,10989,0.7142857313156128
10990,10990,0.8571428656578064
10991,10991,1.0
10992,10992,0.8571428656578064
10993,10993,0.7142857313156128
10994,10994,1.0
10995,10995,0.8571428656578064
10996,10996,1.0
10997,10997,1.0
10998,10998,1.0
10999,10999,1.0
11000,11000,0.8571428656578064
11001,11001,1.0
11002,11002,1.0
11003,11003,1.0
11004,11004,1.0
11005,11005,1.0
11006,11006,1.0
11007,11007,1.0
11008,11008,1.0
11009,11009,1.0
11010,11010,1.0
11011,11011,1.0
11012,11012,1.0
11013,11013,1.0
11014,11014,1.0
11015,11015,1.0
11016,11016,1.0
11017,11017,0.0
11018,11018,0.8571428656578064
11019,11019,1.0
11020,11020,1.0
11021,11021,1.0
11022,11022,1.0
11023,11023,1.0
11024,11024,1.0
11025,11025,1.0
11026,11026,1.0
11027,11027,1.0
11028,11028,1.0
11029,11029,1.0
11030,11030,1.0
11031,11031,1.0
11032,11032,1.0
11033,11033,1.0
11034,11034,1.0
11035,11035,0.7142857313156128
11036,11036,1.0
11037,11037,1.0
11038,11038,1.0
11039,11039,1.0
11040,11040,0.4285714328289032
11041,11041,0.8571428656578064
11042,11042,0.8571428656578064
11043,11043,1.0
11044,11044,0.7142857313156128
11045,11045,1.0
11046,11046,1.0
11047,11047,0.7142857313156128
11048,11048,1.0
11049,11049,1.0
11050,11050,1.0
11051,11051,1.0
11052,11052,0.8571428656578064
11053,11053,0.7142857313156128
11054,11054,0.7142857313156128
11055,11055,1.0
11056,11056,0.8571428656578064
11057,11057,1.0
11058,11058,1.0
11059,11059,1.0
11060,11060,1.0
11061,11061,1.0
11062,11062,1.0
11063,11063,1.0
11064,11064,0.8571428656578064
11065,11065,0.4285714328289032
11066,11066,1.0
11067,11067,0.8571428656578064
11068,11068,1.0
11069,11069,1.0
11070,11070,1.0
11071,11071,1.0
11072,11072,0.7142857313156128
11073,11073,1.0
11074,11074,1.0
11075,11075,0.8571428656578064
11076,11076,0.8571428656578064
11077,11077,0.8571428656578064
11078,11078,0.8571428656578064
11079,11079,0.7142857313156128
11080,11080,0.8571428656578064
11081,11081,1.0
11082,11082,1.0
11083,11083,1.0
11084,11084,0.8571428656578064
11085,11085,0.5714285969734192
11086,11086,0.7142857313156128
11087,11087,1.0
11088,11088,1.0
11089,11089,1.0
11090,11090,0.8571428656578064
11091,11091,1.0
11092,11092,1.0
11093,11093,1.0
11094,11094,1.0
11095,11095,1.0
11096,11096,1.0
11097,11097,1.0
11098,11098,0.5714285969734192
11099,11099,0.8571428656578064
11100,11100,0.8571428656578064
11101,11101,0.8571428656578064
11102,11102,0.8571428656578064
11103,11103,0.5714285969734192
11104,11104,0.7142857313156128
11105,11105,0.8571428656578064
11106,11106,1.0
11107,11107,1.0
11108,11108,0.8571428656578064
11109,11109,1.0
11110,11110,0.8571428656578064
11111,11111,1.0
11112,11112,1.0
11113,11113,1.0
11114,11114,1.0
11115,11115,1.0
11116,11116,1.0
11117,11117,1.0
11118,11118,1.0
11119,11119,1.0
11120,11120,1.0
11121,11121,1.0
11122,11122,1.0
11123,11123,1.0
11124,11124,1.0
11125,11125,1.0
11126,11126,1.0
11127,11127,1.0
11128,11128,0.8571428656578064
11129,11129,1.0
11130,11130,1.0
11131,11131,1.0
11132,11132,1.0
11133,11133,1.0
11134,11134,1.0
11135,11135,1.0
11136,11136,1.0
11137,11137,1.0
11138,11138,1.0
11139,11139,1.0
11140,11140,1.0
11141,11141,1.0
11142,11142,1.0
11143,11143,1.0
11144,11144,1.0
11145,11145,0.8571428656578064
11146,11146,1.0
11147,11147,1.0
11148,11148,1.0
11149,11149,1.0
11150,11150,1.0
11151,11151,0.5714285969734192
11152,11152,0.2857142984867096
11153,11153,0.5714285969734192
11154,11154,0.7142857313156128
11155,11155,1.0
11156,11156,1.0
11157,11157,0.7142857313156128
11158,11158,1.0
11159,11159,1.0
11160,11160,0.5714285969734192
11161,11161,1.0
11162,11162,0.8571428656578064
11163,11163,0.7142857313156128
11164,11164,0.8571428656578064
11165,11165,1.0
11166,11166,1.0
11167,11167,1.0
11168,11168,1.0
11169,11169,1.0
11170,11170,1.0
11171,11171,1.0
11172,11172,0.8571428656578064
11173,11173,1.0
11174,11174,1.0
11175,11175,0.8571428656578064
11176,11176,1.0
11177,11177,0.5714285969734192
11178,11178,1.0
11179,11179,1.0
11180,11180,1.0
11181,11181,1.0
11182,11182,0.7142857313156128
11183,11183,0.2857142984867096
11184,11184,1.0
11185,11185,0.8571428656578064
11186,11186,1.0
11187,11187,0.7142857313156128
11188,11188,0.8571428656578064
11189,11189,0.7142857313156128
11190,11190,1.0
11191,11191,1.0
11192,11192,1.0
11193,11193,1.0
11194,11194,0.8571428656578064
11195,11195,1.0
11196,11196,1.0
11197,11197,1.0
11198,11198,1.0
11199,11199,1.0
11200,11200,0.8571428656578064
11201,11201,1.0
11202,11202,1.0
11203,11203,1.0
11204,11204,1.0
11205,11205,1.0
11206,11206,1.0
11207,11207,0.8571428656578064
11208,11208,1.0
11209,11209,0.7142857313156128
11210,11210,1.0
11211,11211,0.7142857313156128
11212,11212,0.8571428656578064
11213,11213,0.5714285969734192
11214,11214,1.0
11215,11215,0.8571428656578064
11216,11216,1.0
11217,11217,1.0
11218,11218,0.8571428656578064
11219,11219,1.0
11220,11220,0.8571428656578064
11221,11221,1.0
11222,11222,1.0
11223,11223,1.0
11224,11224,1.0
11225,11225,1.0
11226,11226,1.0
11227,11227,1.0
11228,11228,1.0
11229,11229,1.0
11230,11230,1.0
11231,11231,1.0
11232,11232,1.0
11233,11233,1.0
11234,11234,1.0
11235,11235,1.0
11236,11236,1.0
11237,11237,1.0
11238,11238,0.8571428656578064
11239,11239,1.0
11240,11240,1.0
11241,11241,1.0
11242,11242,1.0
11243,11243,1.0
11244,11244,1.0
11245,11245,1.0
11246,11246,1.0
11247,11247,1.0
11248,11248,1.0
11249,11249,1.0
11250,11250,1.0
11251,11251,1.0
11252,11252,1.0
11253,11253,0.4285714328289032
11254,11254,1.0
11255,11255,0.8571428656578064
11256,11256,1.0
11257,11257,1.0
11258,11258,1.0
11259,11259,1.0
11260,11260,1.0
11261,11261,0.8571428656578064
11262,11262,0.8571428656578064
11263,11263,1.0
11264,11264,0.0
11265,11265,1.0
11266,11266,1.0
11267,11267,0.7142857313156128
11268,11268,1.0
11269,11269,1.0
11270,11270,1.0
11271,11271,0.1428571492433548
11272,11272,0.8571428656578064
11273,11273,0.7142857313156128
11274,11274,0.8571428656578064
11275,11275,1.0
11276,11276,1.0
11277,11277,1.0
11278,11278,1.0
11279,11279,1.0
11280,11280,0.1428571492433548
11281,11281,1.0
11282,11282,1.0
11283,11283,0.7142857313156128
11284,11284,0.5714285969734192
11285,11285,0.8571428656578064
11286,11286,1.0
11287,11287,0.8571428656578064
11288,11288,1.0
11289,11289,1.0
11290,11290,1.0
11291,11291,1.0
11292,11292,0.8571428656578064
11293,11293,1.0
11294,11294,0.0
11295,11295,0.1428571492433548
11296,11296,1.0
11297,11297,0.8571428656578064
11298,11298,1.0
11299,11299,0.7142857313156128
11300,11300,0.8571428656578064
11301,11301,1.0
11302,11302,1.0
11303,11303,1.0
11304,11304,1.0
11305,11305,1.0
11306,11306,1.0
11307,11307,0.8571428656578064
11308,11308,1.0
11309,11309,1.0
11310,11310,0.8571428656578064
11311,11311,0.5714285969734192
11312,11312,1.0
11313,11313,1.0
11314,11314,1.0
11315,11315,0.8571428656578064
11316,11316,1.0
11317,11317,0.5714285969734192
11318,11318,1.0
11319,11319,1.0
11320,11320,0.8571428656578064
11321,11321,1.0
11322,11322,1.0
11323,11323,0.5714285969734192
11324,11324,1.0
11325,11325,0.8571428656578064
11326,11326,1.0
11327,11327,1.0
11328,11328,0.8571428656578064
11329,11329,1.0
11330,11330,0.8571428656578064
11331,11331,1.0
11332,11332,1.0
11333,11333,1.0
11334,11334,1.0
11335,11335,1.0
11336,11336,1.0
11337,11337,1.0
11338,11338,1.0
11339,11339,1.0
11340,11340,1.0
11341,11341,1.0
11342,11342,1.0
11343,11343,1.0
11344,11344,1.0
11345,11345,1.0
11346,11346,1.0
11347,11347,0.0
11348,11348,0.8571428656578064
11349,11349,1.0
11350,11350,1.0
11351,11351,1.0
11352,11352,1.0
11353,11353,1.0
11354,11354,1.0
11355,11355,1.0
11356,11356,1.0
11357,11357,1.0
11358,11358,1.0
11359,11359,1.0
11360,11360,1.0
11361,11361,1.0
11362,11362,1.0
11363,11363,1.0
11364,11364,1.0
11365,11365,0.8571428656578064
11366,11366,1.0
11367,11367,1.0
11368,11368,1.0
11369,11369,1.0
11370,11370,1.0
11371,11371,0.8571428656578064
11372,11372,0.5714285969734192
11373,11373,1.0
11374,11374,0.7142857313156128
11375,11375,1.0
11376,11376,1.0
11377,11377,0.7142857313156128
11378,11378,1.0
11379,11379,1.0
11380,11380,1.0
11381,11381,1.0
11382,11382,0.8571428656578064
11383,11383,0.7142857313156128
11384,11384,0.8571428656578064
11385,11385,1.0
11386,11386,1.0
11387,11387,1.0
11388,11388,1.0
11389,11389,1.0
11390,11390,1.0
11391,11391,1.0
11392,11392,1.0
11393,11393,1.0
11394,11394,1.0
11395,11395,0.8571428656578064
11396,11396,1.0
11397,11397,0.8571428656578064
11398,11398,1.0
11399,11399,1.0
11400,11400,1.0
11401,11401,1.0
11402,11402,0.5714285969734192
11403,11403,1.0
11404,11404,1.0
11405,11405,0.4285714328289032
11406,11406,0.7142857313156128
11407,11407,0.8571428656578064
11408,11408,1.0
11409,11409,0.7142857313156128
11410,11410,1.0
11411,11411,1.0
11412,11412,1.0
11413,11413,1.0
11414,11414,1.0
11415,11415,1.0
11416,11416,0.7142857313156128
11417,11417,1.0
11418,11418,1.0
11419,11419,1.0
11420,11420,0.1428571492433548
11421,11421,0.7142857313156128
11422,11422,1.0
11423,11423,1.0
11424,11424,0.8571428656578064
11425,11425,1.0
11426,11426,1.0
11427,11427,0.5714285969734192
11428,11428,0.2857142984867096
11429,11429,0.7142857313156128
11430,11430,0.8571428656578064
11431,11431,1.0
11432,11432,0.5714285969734192
11433,11433,0.7142857313156128
11434,11434,1.0
11435,11435,0.8571428656578064
11436,11436,1.0
11437,11437,1.0
11438,11438,0.8571428656578064
11439,11439,1.0
11440,11440,0.8571428656578064
11441,11441,1.0
11442,11442,1.0
11443,11443,1.0
11444,11444,1.0
11445,11445,1.0
11446,11446,1.0
11447,11447,1.0
11448,11448,1.0
11449,11449,1.0
11450,11450,1.0
11451,11451,1.0
11452,11452,1.0
11453,11453,1.0
11454,11454,1.0
11455,11455,1.0
11456,11456,1.0
11457,11457,1.0
11458,11458,0.8571428656578064
11459,11459,1.0
11460,11460,1.0
11461,11461,1.0
11462,11462,1.0
11463,11463,1.0
11464,11464,1.0
11465,11465,1.0
11466,11466,1.0
11467,11467,1.0
11468,11468,1.0
11469,11469,1.0
11470,11470,1.0
11471,11471,1.0
11472,11472,0.7142857313156128
11473,11473,1.0
11474,11474,1.0
11475,11475,0.1428571492433548
11476,11476,1.0
11477,11477,1.0
11478,11478,0.5714285969734192
11479,11479,1.0
11480,11480,1.0
11481,11481,0.8571428656578064
11482,11482,0.8571428656578064
11483,11483,1.0
11484,11484,0.7142857313156128
11485,11485,1.0
11486,11486,1.0
11487,11487,0.8571428656578064
11488,11488,1.0
11489,11489,1.0
11490,11490,1.0
11491,11491,0.1428571492433548
11492,11492,0.8571428656578064
11493,11493,0.7142857313156128
11494,11494,0.8571428656578064
11495,11495,1.0
11496,11496,1.0
11497,11497,1.0
11498,11498,1.0
11499,11499,1.0
11500,11500,1.0
11501,11501,1.0
11502,11502,0.8571428656578064
11503,11503,1.0
11504,11504,1.0
11505,11505,0.8571428656578064
11506,11506,1.0
11507,11507,0.8571428656578064
11508,11508,1.0
11509,11509,1.0
11510,11510,0.0
11511,11511,1.0
11512,11512,0.7142857313156128
11513,11513,1.0
11514,11514,1.0
11515,11515,1.0
11516,11516,0.8571428656578064
11517,11517,0.8571428656578064
11518,11518,1.0
11519,11519,1.0
11520,11520,1.0
11521,11521,1.0
11522,11522,1.0
11523,11523,1.0
11524,11524,1.0
11525,11525,0.8571428656578064
11526,11526,1.0
11527,11527,1.0
11528,11528,1.0
11529,11529,1.0
11530,11530,0.8571428656578064
11531,11531,1.0
11532,11532,1.0
11533,11533,1.0
11534,11534,1.0
11535,11535,1.0
11536,11536,1.0
11537,11537,0.8571428656578064
11538,11538,1.0
11539,11539,0.0
11540,11540,1.0
11541,11541,1.0
11542,11542,0.8571428656578064
11543,11543,0.8571428656578064
11544,11544,0.8571428656578064
11545,11545,0.8571428656578064
11546,11546,1.0
11547,11547,1.0
11548,11548,0.7142857313156128
11549,11549,1.0
11550,11550,0.8571428656578064
11551,11551,1.0
11552,11552,1.0
11553,11553,1.0
11554,11554,1.0
11555,11555,1.0
11556,11556,1.0
11557,11557,1.0
11558,11558,1.0
11559,11559,1.0
11560,11560,1.0
11561,11561,1.0
11562,11562,1.0
11563,11563,1.0
11564,11564,1.0
11565,11565,1.0
11566,11566,1.0
11567,11567,1.0
11568,11568,1.0
11569,11569,1.0
11570,11570,1.0
11571,11571,1.0
11572,11572,1.0
11573,11573,1.0
11574,11574,1.0
11575,11575,1.0
11576,11576,1.0
11577,11577,1.0
11578,11578,1.0
11579,11579,1.0
11580,11580,1.0
11581,11581,1.0
11582,11582,1.0
11583,11583,0.4285714328289032
11584,11584,1.0
11585,11585,0.8571428656578064
11586,11586,1.0
11587,11587,1.0
11588,11588,1.0
11589,11589,1.0
11590,11590,1.0
11591,11591,0.5714285969734192
11592,11592,0.5714285969734192
11593,11593,1.0
11594,11594,0.2857142984867096
11595,11595,0.4285714328289032
11596,11596,1.0
11597,11597,0.7142857313156128
11598,11598,1.0
11599,11599,1.0
11600,11600,1.0
11601,11601,1.0
11602,11602,0.8571428656578064
11603,11603,0.7142857313156128
11604,11604,1.0
11605,11605,1.0
11606,11606,1.0
11607,11607,1.0
11608,11608,1.0
11609,11609,1.0
11610,11610,1.0
11611,11611,1.0
11612,11612,1.0
11613,11613,1.0
11614,11614,1.0
11615,11615,0.8571428656578064
11616,11616,1.0
11617,11617,0.8571428656578064
11618,11618,1.0
11619,11619,1.0
11620,11620,1.0
11621,11621,1.0
11622,11622,0.7142857313156128
11623,11623,1.0
11624,11624,1.0
11625,11625,0.1428571492433548
11626,11626,0.7142857313156128
11627,11627,0.8571428656578064
11628,11628,1.0
11629,11629,1.0
11630,11630,1.0
11631,11631,1.0
11632,11632,1.0
11633,11633,1.0
11634,11634,1.0
11635,11635,0.5714285969734192
11636,11636,1.0
11637,11637,1.0
11638,11638,1.0
11639,11639,1.0
11640,11640,0.8571428656578064
11641,11641,1.0
11642,11642,1.0
11643,11643,1.0
11644,11644,0.5714285969734192
11645,11645,1.0
11646,11646,1.0
11647,11647,0.5714285969734192
11648,11648,1.0
11649,11649,1.0
11650,11650,1.0
11651,11651,1.0
11652,11652,0.8571428656578064
11653,11653,0.5714285969734192
11654,11654,1.0
11655,11655,0.8571428656578064
11656,11656,1.0
11657,11657,1.0
11658,11658,0.8571428656578064
11659,11659,1.0
11660,11660,0.0
11661,11661,1.0
11662,11662,1.0
11663,11663,1.0
11664,11664,0.1428571492433548
11665,11665,1.0
11666,11666,1.0
11667,11667,1.0
11668,11668,1.0
11669,11669,1.0
11670,11670,1.0
11671,11671,1.0
11672,11672,1.0
11673,11673,1.0
11674,11674,1.0
11675,11675,1.0
11676,11676,1.0
11677,11677,1.0
11678,11678,0.8571428656578064
11679,11679,1.0
11680,11680,1.0
11681,11681,1.0
11682,11682,1.0
11683,11683,1.0
11684,11684,1.0
11685,11685,1.0
11686,11686,1.0
11687,11687,1.0
11688,11688,1.0
11689,11689,1.0
11690,11690,1.0
11691,11691,1.0
11692,11692,1.0
11693,11693,0.7142857313156128
11694,11694,1.0
11695,11695,0.8571428656578064
11696,11696,1.0
11697,11697,1.0
11698,11698,1.0
11699,11699,1.0
11700,11700,1.0
11701,11701,0.8571428656578064
11702,11702,0.5714285969734192
11703,11703,1.0
11704,11704,0.2857142984867096
11705,11705,1.0
11706,11706,0.7142857313156128
11707,11707,0.8571428656578064
11708,11708,1.0
11709,11709,1.0
11710,11710,1.0
11711,11711,1.0
11712,11712,0.8571428656578064
11713,11713,0.7142857313156128
11714,11714,0.8571428656578064
11715,11715,1.0
11716,11716,1.0
11717,11717,1.0
11718,11718,1.0
11719,11719,1.0
11720,11720,1.0
11721,11721,1.0
11722,11722,0.0
11723,11723,1.0
11724,11724,1.0
11725,11725,0.8571428656578064
11726,11726,1.0
11727,11727,0.8571428656578064
11728,11728,1.0
11729,11729,1.0
11730,11730,1.0
11731,11731,1.0
11732,11732,0.7142857313156128
11733,11733,1.0
11734,11734,1.0
11735,11735,1.0
11736,11736,0.7142857313156128
11737,11737,0.8571428656578064
11738,11738,1.0
11739,11739,0.4285714328289032
11740,11740,0.8571428656578064
11741,11741,1.0
11742,11742,1.0
11743,11743,1.0
11744,11744,1.0
11745,11745,1.0
11746,11746,0.7142857313156128
11747,11747,1.0
11748,11748,1.0
11749,11749,1.0
11750,11750,0.8571428656578064
11751,11751,1.0
11752,11752,1.0
11753,11753,1.0
11754,11754,1.0
11755,11755,1.0
11756,11756,1.0
11757,11757,0.8571428656578064
11758,11758,1.0
11759,11759,0.0
11760,11760,0.8571428656578064
11761,11761,1.0
11762,11762,1.0
11763,11763,0.5714285969734192
11764,11764,1.0
11765,11765,0.7142857313156128
11766,11766,1.0
11767,11767,0.1428571492433548
11768,11768,0.8571428656578064
11769,11769,1.0
11770,11770,0.8571428656578064
11771,11771,1.0
11772,11772,1.0
11773,11773,1.0
11774,11774,1.0
11775,11775,1.0
11776,11776,1.0
11777,11777,1.0
11778,11778,1.0
11779,11779,1.0
11780,11780,1.0
11781,11781,1.0
11782,11782,1.0
11783,11783,1.0
11784,11784,1.0
11785,11785,1.0
11786,11786,1.0
11787,11787,1.0
11788,11788,1.0
11789,11789,1.0
11790,11790,1.0
11791,11791,1.0
11792,11792,1.0
11793,11793,1.0
11794,11794,1.0
11795,11795,1.0
11796,11796,1.0
11797,11797,1.0
11798,11798,1.0
11799,11799,1.0
11800,11800,1.0
11801,11801,1.0
11802,11802,0.2857142984867096
11803,11803,1.0
11804,11804,1.0
11805,11805,0.8571428656578064
11806,11806,1.0
11807,11807,1.0
11808,11808,1.0
11809,11809,1.0
11810,11810,0.4285714328289032
11811,11811,0.8571428656578064
11812,11812,0.8571428656578064
11813,11813,1.0
11814,11814,0.7142857313156128
11815,11815,1.0
11816,11816,0.7142857313156128
11817,11817,0.8571428656578064
11818,11818,1.0
11819,11819,1.0
11820,11820,1.0
11821,11821,1.0
11822,11822,0.8571428656578064
11823,11823,0.7142857313156128
11824,11824,0.8571428656578064
11825,11825,1.0
11826,11826,0.7142857313156128
11827,11827,1.0
11828,11828,1.0
11829,11829,1.0
11830,11830,1.0
11831,11831,1.0
11832,11832,1.0
11833,11833,1.0
11834,11834,1.0
11835,11835,0.8571428656578064
11836,11836,1.0
11837,11837,0.0
11838,11838,1.0
11839,11839,0.1428571492433548
11840,11840,1.0
11841,11841,0.7142857313156128
11842,11842,0.8571428656578064
11843,11843,1.0
11844,11844,1.0
11845,11845,1.0
11846,11846,0.4285714328289032
11847,11847,0.8571428656578064
11848,11848,1.0
11849,11849,0.2857142984867096
11850,11850,0.8571428656578064
11851,11851,1.0
11852,11852,1.0
11853,11853,1.0
11854,11854,1.0
11855,11855,1.0
11856,11856,1.0
11857,11857,1.0
11858,11858,1.0
11859,11859,1.0
11860,11860,1.0
11861,11861,1.0
11862,11862,1.0
11863,11863,1.0
11864,11864,1.0
11865,11865,1.0
11866,11866,1.0
11867,11867,0.8571428656578064
11868,11868,1.0
11869,11869,0.7142857313156128
11870,11870,1.0
11871,11871,1.0
11872,11872,0.8571428656578064
11873,11873,0.5714285969734192
11874,11874,1.0
11875,11875,0.7142857313156128
11876,11876,1.0
11877,11877,1.0
11878,11878,0.7142857313156128
11879,11879,1.0
11880,11880,0.8571428656578064
11881,11881,1.0
11882,11882,1.0
11883,11883,1.0
11884,11884,0.1428571492433548
11885,11885,1.0
11886,11886,1.0
11887,11887,1.0
11888,11888,1.0
11889,11889,0.1428571492433548
11890,11890,1.0
11891,11891,1.0
11892,11892,1.0
11893,11893,1.0
11894,11894,1.0
11895,11895,1.0
11896,11896,1.0
11897,11897,1.0
11898,11898,0.8571428656578064
11899,11899,1.0
11900,11900,1.0
11901,11901,1.0
11902,11902,1.0
11903,11903,1.0
11904,11904,1.0
11905,11905,1.0
11906,11906,1.0
11907,11907,1.0
11908,11908,1.0
11909,11909,1.0
11910,11910,1.0
11911,11911,0.4285714328289032
11912,11912,1.0
11913,11913,1.0
11914,11914,1.0
11915,11915,0.8571428656578064
11916,11916,1.0
11917,11917,1.0
11918,11918,1.0
11919,11919,1.0
11920,11920,1.0
11921,11921,0.8571428656578064
11922,11922,0.8571428656578064
11923,11923,1.0
11924,11924,0.7142857313156128
11925,11925,1.0
11926,11926,1.0
11927,11927,0.8571428656578064
11928,11928,1.0
11929,11929,0.2857142984867096
11930,11930,1.0
11931,11931,1.0
11932,11932,0.8571428656578064
11933,11933,0.7142857313156128
11934,11934,0.8571428656578064
11935,11935,1.0
11936,11936,1.0
11937,11937,0.5714285969734192
11938,11938,1.0
11939,11939,0.7142857313156128
11940,11940,1.0
11941,11941,0.4285714328289032
11942,11942,1.0
11943,11943,1.0
11944,11944,1.0
11945,11945,0.8571428656578064
11946,11946,1.0
11947,11947,0.8571428656578064
11948,11948,0.0
11949,11949,1.0
11950,11950,1.0
11951,11951,1.0
11952,11952,0.7142857313156128
11953,11953,0.2857142984867096
11954,11954,1.0
11955,11955,1.0
11956,11956,0.7142857313156128
11957,11957,0.8571428656578064
11958,11958,1.0
11959,11959,0.7142857313156128
11960,11960,1.0
11961,11961,0.5714285969734192
11962,11962,1.0
11963,11963,1.0
11964,11964,1.0
11965,11965,0.8571428656578064
11966,11966,0.7142857313156128
11967,11967,1.0
11968,11968,1.0
11969,11969,0.2857142984867096
11970,11970,0.8571428656578064
11971,11971,1.0
11972,11972,1.0
11973,11973,1.0
11974,11974,1.0
11975,11975,1.0
11976,11976,1.0
11977,11977,0.5714285969734192
11978,11978,1.0
11979,11979,1.0
11980,11980,1.0
11981,11981,1.0
11982,11982,1.0
11983,11983,0.5714285969734192
11984,11984,0.8571428656578064
11985,11985,0.8571428656578064
11986,11986,0.8571428656578064
11987,11987,0.8571428656578064
11988,11988,0.8571428656578064
11989,11989,1.0
11990,11990,0.8571428656578064
11991,11991,1.0
11992,11992,1.0
11993,11993,1.0
11994,11994,1.0
11995,11995,1.0
11996,11996,1.0
11997,11997,1.0
11998,11998,1.0
11999,11999,1.0
12000,12000,1.0
12001,12001,1.0
12002,12002,1.0
12003,12003,1.0
12004,12004,1.0
12005,12005,1.0
12006,12006,1.0
12007,12007,1.0
12008,12008,1.0
12009,12009,1.0
12010,12010,1.0
12011,12011,1.0
12012,12012,1.0
12013,12013,1.0
12014,12014,1.0
12015,12015,1.0
12016,12016,1.0
12017,12017,1.0
12018,12018,1.0
12019,12019,1.0
12020,12020,1.0
12021,12021,1.0
12022,12022,1.0
12023,12023,1.0
12024,12024,1.0
12025,12025,0.8571428656578064
12026,12026,1.0
12027,12027,1.0
12028,12028,0.5714285969734192
12029,12029,1.0
12030,12030,1.0
12031,12031,0.8571428656578064
12032,12032,0.8571428656578064
12033,12033,1.0
12034,12034,0.7142857313156128
12035,12035,1.0
12036,12036,1.0
12037,12037,0.7142857313156128
12038,12038,1.0
12039,12039,1.0
12040,12040,1.0
12041,12041,1.0
12042,12042,0.8571428656578064
12043,12043,0.7142857313156128
12044,12044,0.8571428656578064
12045,12045,1.0
12046,12046,1.0
12047,12047,1.0
12048,12048,1.0
12049,12049,0.7142857313156128
12050,12050,1.0
12051,12051,0.8571428656578064
12052,12052,1.0
12053,12053,1.0
12054,12054,1.0
12055,12055,0.8571428656578064
12056,12056,1.0
12057,12057,0.8571428656578064
12058,12058,1.0
12059,12059,1.0
12060,12060,1.0
12061,12061,0.7142857313156128
12062,12062,0.8571428656578064
12063,12063,1.0
12064,12064,1.0
12065,12065,1.0
12066,12066,0.7142857313156128
12067,12067,0.8571428656578064
12068,12068,1.0
12069,12069,0.7142857313156128
12070,12070,0.8571428656578064
12071,12071,1.0
12072,12072,1.0
12073,12073,1.0
12074,12074,0.8571428656578064
12075,12075,0.5714285969734192
12076,12076,0.7142857313156128
12077,12077,1.0
12078,12078,1.0
12079,12079,1.0
12080,12080,0.8571428656578064
12081,12081,1.0
12082,12082,1.0
12083,12083,0.5714285969734192
12084,12084,1.0
12085,12085,1.0
12086,12086,1.0
12087,12087,1.0
12088,12088,0.2857142984867096
12089,12089,0.7142857313156128
12090,12090,1.0
12091,12091,1.0
12092,12092,1.0
12093,12093,0.5714285969734192
12094,12094,1.0
12095,12095,1.0
12096,12096,1.0
12097,12097,1.0
12098,12098,0.8571428656578064
12099,12099,1.0
12100,12100,0.8571428656578064
12101,12101,1.0
12102,12102,1.0
12103,12103,1.0
12104,12104,0.1428571492433548
12105,12105,1.0
12106,12106,1.0
12107,12107,1.0
12108,12108,1.0
12109,12109,1.0
12110,12110,1.0
12111,12111,1.0
12112,12112,1.0
12113,12113,1.0
12114,12114,1.0
12115,12115,1.0
12116,12116,1.0
12117,12117,1.0
12118,12118,0.8571428656578064
12119,12119,1.0
12120,12120,1.0
12121,12121,1.0
12122,12122,1.0
12123,12123,1.0
12124,12124,1.0
12125,12125,1.0
12126,12126,1.0
12127,12127,1.0
12128,12128,1.0
12129,12129,1.0
12130,12130,1.0
12131,12131,0.4285714328289032
12132,12132,1.0
12133,12133,1.0
12134,12134,1.0
12135,12135,0.7142857313156128
12136,12136,1.0
12137,12137,1.0
12138,12138,1.0
12139,12139,1.0
12140,12140,1.0
12141,12141,0.8571428656578064
12142,12142,0.8571428656578064
12143,12143,1.0
12144,12144,0.7142857313156128
12145,12145,1.0
12146,12146,1.0
12147,12147,0.7142857313156128
12148,12148,1.0
12149,12149,1.0
12150,12150,1.0
12151,12151,1.0
12152,12152,0.8571428656578064
12153,12153,0.7142857313156128
12154,12154,0.2857142984867096
12155,12155,1.0
12156,12156,1.0
12157,12157,1.0
12158,12158,1.0
12159,12159,1.0
12160,12160,1.0
12161,12161,1.0
12162,12162,0.8571428656578064
12163,12163,1.0
12164,12164,0.1428571492433548
12165,12165,0.8571428656578064
12166,12166,0.0
12167,12167,0.8571428656578064
12168,12168,1.0
12169,12169,1.0
12170,12170,0.0
12171,12171,0.7142857313156128
12172,12172,0.5714285969734192
12173,12173,0.8571428656578064
12174,12174,0.0
12175,12175,0.8571428656578064
12176,12176,1.0
12177,12177,0.8571428656578064
12178,12178,1.0
12179,12179,1.0
12180,12180,0.8571428656578064
12181,12181,1.0
12182,12182,1.0
12183,12183,1.0
12184,12184,0.7142857313156128
12185,12185,0.5714285969734192
12186,12186,1.0
12187,12187,1.0
12188,12188,0.0
12189,12189,1.0
12190,12190,0.8571428656578064
12191,12191,1.0
12192,12192,0.8571428656578064
12193,12193,1.0
12194,12194,1.0
12195,12195,1.0
12196,12196,1.0
12197,12197,0.8571428656578064
12198,12198,1.0
12199,12199,1.0
12200,12200,1.0
12201,12201,1.0
12202,12202,0.7142857313156128
12203,12203,0.7142857313156128
12204,12204,0.7142857313156128
12205,12205,0.8571428656578064
12206,12206,1.0
12207,12207,1.0
12208,12208,0.8571428656578064
12209,12209,1.0
12210,12210,1.0
12211,12211,1.0
12212,12212,1.0
12213,12213,1.0
12214,12214,0.1428571492433548
12215,12215,1.0
12216,12216,1.0
12217,12217,1.0
12218,12218,1.0
12219,12219,1.0
12220,12220,1.0
12221,12221,1.0
12222,12222,1.0
12223,12223,1.0
12224,12224,1.0
12225,12225,1.0
12226,12226,1.0
12227,12227,1.0
12228,12228,0.8571428656578064
12229,12229,1.0
12230,12230,1.0
12231,12231,1.0
12232,12232,1.0
12233,12233,1.0
12234,12234,1.0
12235,12235,1.0
12236,12236,1.0
12237,12237,1.0
12238,12238,1.0
12239,12239,1.0
12240,12240,1.0
12241,12241,1.0
12242,12242,1.0
12243,12243,1.0
12244,12244,1.0
12245,12245,0.7142857313156128
12246,12246,0.1428571492433548
12247,12247,1.0
12248,12248,1.0
12249,12249,1.0
12250,12250,1.0
12251,12251,0.5714285969734192
12252,12252,0.8571428656578064
12253,12253,1.0
12254,12254,0.7142857313156128
12255,12255,1.0
12256,12256,0.7142857313156128
12257,12257,0.7142857313156128
12258,12258,1.0
12259,12259,1.0
12260,12260,1.0
12261,12261,1.0
12262,12262,0.8571428656578064
12263,12263,0.7142857313156128
12264,12264,0.8571428656578064
12265,12265,0.1428571492433548
12266,12266,1.0
12267,12267,1.0
12268,12268,1.0
12269,12269,1.0
12270,12270,1.0
12271,12271,1.0
12272,12272,1.0
12273,12273,1.0
12274,12274,1.0
12275,12275,0.8571428656578064
12276,12276,1.0
12277,12277,0.8571428656578064
12278,12278,1.0
12279,12279,0.2857142984867096
12280,12280,1.0
12281,12281,0.7142857313156128
12282,12282,1.0
12283,12283,1.0
12284,12284,0.1428571492433548
12285,12285,1.0
12286,12286,0.7142857313156128
12287,12287,0.1428571492433548
12288,12288,1.0
12289,12289,1.0
12290,12290,1.0
12291,12291,1.0
12292,12292,1.0
12293,12293,1.0
12294,12294,1.0
12295,12295,1.0
12296,12296,1.0
12297,12297,1.0
12298,12298,1.0
12299,12299,1.0
12300,12300,0.8571428656578064
12301,12301,0.7142857313156128
12302,12302,1.0
12303,12303,1.0
12304,12304,1.0
12305,12305,1.0
12306,12306,1.0
12307,12307,0.8571428656578064
12308,12308,1.0
12309,12309,0.0
12310,12310,0.8571428656578064
12311,12311,0.7142857313156128
12312,12312,1.0
12313,12313,0.5714285969734192
12314,12314,1.0
12315,12315,0.8571428656578064
12316,12316,1.0
12317,12317,1.0
12318,12318,0.8571428656578064
12319,12319,0.5714285969734192
12320,12320,0.5714285969734192
12321,12321,1.0
12322,12322,1.0
12323,12323,1.0
12324,12324,1.0
12325,12325,1.0
12326,12326,1.0
12327,12327,1.0
12328,12328,1.0
12329,12329,1.0
12330,12330,1.0
12331,12331,1.0
12332,12332,1.0
12333,12333,1.0
12334,12334,1.0
12335,12335,1.0
12336,12336,1.0
12337,12337,1.0
12338,12338,0.8571428656578064
12339,12339,1.0
12340,12340,1.0
12341,12341,1.0
12342,12342,1.0
12343,12343,1.0
12344,12344,1.0
12345,12345,1.0
12346,12346,1.0
12347,12347,1.0
12348,12348,1.0
12349,12349,1.0
12350,12350,1.0
12351,12351,0.1428571492433548
12352,12352,0.7142857313156128
12353,12353,1.0
12354,12354,1.0
12355,12355,0.8571428656578064
12356,12356,1.0
12357,12357,1.0
12358,12358,1.0
12359,12359,1.0
12360,12360,1.0
12361,12361,0.8571428656578064
12362,12362,0.8571428656578064
12363,12363,1.0
12364,12364,0.1428571492433548
12365,12365,1.0
12366,12366,1.0
12367,12367,0.8571428656578064
12368,12368,1.0
12369,12369,1.0
12370,12370,1.0
12371,12371,0.7142857313156128
12372,12372,0.8571428656578064
12373,12373,0.7142857313156128
12374,12374,0.8571428656578064
12375,12375,1.0
12376,12376,1.0
12377,12377,1.0
12378,12378,1.0
12379,12379,0.8571428656578064
12380,12380,1.0
12381,12381,1.0
12382,12382,1.0
12383,12383,1.0
12384,12384,1.0
12385,12385,0.8571428656578064
12386,12386,0.5714285969734192
12387,12387,0.8571428656578064
12388,12388,1.0
12389,12389,1.0
12390,12390,1.0
12391,12391,1.0
12392,12392,0.8571428656578064
12393,12393,1.0
12394,12394,1.0
12395,12395,1.0
12396,12396,0.7142857313156128
12397,12397,0.8571428656578064
12398,12398,1.0
12399,12399,0.8571428656578064
12400,12400,0.8571428656578064
12401,12401,1.0
12402,12402,1.0
12403,12403,1.0
12404,12404,0.5714285969734192
12405,12405,1.0
12406,12406,1.0
12407,12407,1.0
12408,12408,1.0
12409,12409,0.8571428656578064
12410,12410,0.8571428656578064
12411,12411,1.0
12412,12412,1.0
12413,12413,1.0
12414,12414,1.0
12415,12415,0.7142857313156128
12416,12416,1.0
12417,12417,1.0
12418,12418,1.0
12419,12419,0.7142857313156128
12420,12420,1.0
12421,12421,1.0
12422,12422,0.5714285969734192
12423,12423,0.5714285969734192
12424,12424,1.0
12425,12425,0.8571428656578064
12426,12426,1.0
12427,12427,1.0
12428,12428,0.8571428656578064
12429,12429,1.0
12430,12430,0.2857142984867096
12431,12431,1.0
12432,12432,1.0
12433,12433,1.0
12434,12434,1.0
12435,12435,1.0
12436,12436,1.0
12437,12437,1.0
12438,12438,1.0
12439,12439,1.0
12440,12440,1.0
12441,12441,1.0
12442,12442,1.0
12443,12443,1.0
12444,12444,1.0
12445,12445,1.0
12446,12446,1.0
12447,12447,1.0
12448,12448,0.8571428656578064
12449,12449,1.0
12450,12450,1.0
12451,12451,1.0
12452,12452,1.0
12453,12453,1.0
12454,12454,0.0
12455,12455,1.0
12456,12456,1.0
12457,12457,1.0
12458,12458,1.0
12459,12459,1.0
12460,12460,1.0
12461,12461,1.0
12462,12462,1.0
12463,12463,1.0
12464,12464,1.0
12465,12465,0.8571428656578064
12466,12466,1.0
12467,12467,1.0
12468,12468,1.0
12469,12469,1.0
12470,12470,1.0
12471,12471,0.8571428656578064
12472,12472,0.5714285969734192
12473,12473,1.0
12474,12474,0.7142857313156128
12475,12475,1.0
12476,12476,1.0
12477,12477,0.8571428656578064
12478,12478,0.8571428656578064
12479,12479,1.0
12480,12480,1.0
12481,12481,0.1428571492433548
12482,12482,0.4285714328289032
12483,12483,0.7142857313156128
12484,12484,0.8571428656578064
12485,12485,1.0
12486,12486,1.0
12487,12487,1.0
12488,12488,1.0
12489,12489,1.0
12490,12490,1.0
12491,12491,1.0
12492,12492,0.1428571492433548
12493,12493,1.0
12494,12494,1.0
12495,12495,0.8571428656578064
12496,12496,1.0
12497,12497,0.8571428656578064
12498,12498,1.0
12499,12499,1.0
12500,12500,1.0
12501,12501,1.0
12502,12502,0.7142857313156128
12503,12503,1.0
12504,12504,1.0
12505,12505,1.0
12506,12506,1.0
12507,12507,0.8571428656578064
12508,12508,0.8571428656578064
12509,12509,1.0
12510,12510,1.0
12511,12511,1.0
12512,12512,1.0
12513,12513,1.0
12514,12514,0.7142857313156128
12515,12515,1.0
12516,12516,0.7142857313156128
12517,12517,1.0
12518,12518,0.5714285969734192
12519,12519,0.5714285969734192
12520,12520,0.8571428656578064
12521,12521,1.0
12522,12522,1.0
12523,12523,1.0
12524,12524,0.4285714328289032
12525,12525,1.0
12526,12526,0.5714285969734192
12527,12527,0.8571428656578064
12528,12528,0.1428571492433548
12529,12529,0.0
12530,12530,1.0
12531,12531,1.0
12532,12532,0.2857142984867096
12533,12533,0.8571428656578064
12534,12534,1.0
12535,12535,0.8571428656578064
12536,12536,1.0
12537,12537,0.2857142984867096
12538,12538,0.8571428656578064
12539,12539,1.0
12540,12540,0.8571428656578064
12541,12541,1.0
12542,12542,1.0
12543,12543,1.0
12544,12544,1.0
12545,12545,1.0
12546,12546,1.0
12547,12547,1.0
12548,12548,1.0
12549,12549,1.0
12550,12550,1.0
12551,12551,1.0
12552,12552,1.0
12553,12553,1.0
12554,12554,1.0
12555,12555,1.0
12556,12556,1.0
12557,12557,1.0
12558,12558,0.8571428656578064
12559,12559,1.0
12560,12560,1.0
12561,12561,1.0
12562,12562,1.0
12563,12563,1.0
12564,12564,1.0
12565,12565,1.0
12566,12566,1.0
12567,12567,1.0
12568,12568,1.0
12569,12569,1.0
12570,12570,1.0
12571,12571,0.8571428656578064
12572,12572,1.0
12573,12573,0.7142857313156128
12574,12574,1.0
12575,12575,0.8571428656578064
12576,12576,1.0
12577,12577,1.0
12578,12578,1.0
12579,12579,1.0
12580,12580,1.0
12581,12581,0.8571428656578064
12582,12582,0.8571428656578064
12583,12583,1.0
12584,12584,0.8571428656578064
12585,12585,0.7142857313156128
12586,12586,1.0
12587,12587,0.7142857313156128
12588,12588,1.0
12589,12589,1.0
12590,12590,1.0
12591,12591,0.8571428656578064
12592,12592,0.8571428656578064
12593,12593,0.7142857313156128
12594,12594,0.8571428656578064
12595,12595,1.0
12596,12596,1.0
12597,12597,1.0
12598,12598,1.0
12599,12599,0.8571428656578064
12600,12600,0.5714285969734192
12601,12601,0.7142857313156128
12602,12602,1.0
12603,12603,1.0
12604,12604,1.0
12605,12605,0.8571428656578064
12606,12606,1.0
12607,12607,0.8571428656578064
12608,12608,0.8571428656578064
12609,12609,1.0
12610,12610,1.0
12611,12611,1.0
12612,12612,0.8571428656578064
12613,12613,0.8571428656578064
12614,12614,1.0
12615,12615,0.8571428656578064
12616,12616,0.7142857313156128
12617,12617,0.8571428656578064
12618,12618,1.0
12619,12619,1.0
12620,12620,0.5714285969734192
12621,12621,0.5714285969734192
12622,12622,1.0
12623,12623,1.0
12624,12624,1.0
12625,12625,1.0
12626,12626,0.7142857313156128
12627,12627,1.0
12628,12628,1.0
12629,12629,1.0
12630,12630,0.8571428656578064
12631,12631,1.0
12632,12632,1.0
12633,12633,1.0
12634,12634,1.0
12635,12635,0.7142857313156128
12636,12636,1.0
12637,12637,0.8571428656578064
12638,12638,0.2857142984867096
12639,12639,1.0
12640,12640,1.0
12641,12641,1.0
12642,12642,0.8571428656578064
12643,12643,0.5714285969734192
12644,12644,0.7142857313156128
12645,12645,0.8571428656578064
12646,12646,1.0
12647,12647,1.0
12648,12648,0.8571428656578064
12649,12649,0.5714285969734192
12650,12650,0.5714285969734192
12651,12651,1.0
12652,12652,1.0
12653,12653,1.0
12654,12654,1.0
12655,12655,1.0
12656,12656,1.0
12657,12657,1.0
12658,12658,1.0
12659,12659,0.1428571492433548
12660,12660,1.0
12661,12661,1.0
12662,12662,1.0
12663,12663,1.0
12664,12664,1.0
12665,12665,1.0
12666,12666,1.0
12667,12667,1.0
12668,12668,0.8571428656578064
12669,12669,1.0
12670,12670,1.0
12671,12671,1.0
12672,12672,1.0
12673,12673,1.0
12674,12674,1.0
12675,12675,1.0
12676,12676,1.0
12677,12677,1.0
12678,12678,1.0
12679,12679,1.0
12680,12680,1.0
12681,12681,1.0
12682,12682,0.8571428656578064
12683,12683,0.7142857313156128
12684,12684,1.0
12685,12685,0.7142857313156128
12686,12686,1.0
12687,12687,1.0
12688,12688,1.0
12689,12689,0.0
12690,12690,1.0
12691,12691,0.8571428656578064
12692,12692,0.2857142984867096
12693,12693,1.0
12694,12694,0.7142857313156128
12695,12695,1.0
12696,12696,0.7142857313156128
12697,12697,0.8571428656578064
12698,12698,1.0
12699,12699,1.0
12700,12700,1.0
12701,12701,0.1428571492433548
12702,12702,0.8571428656578064
12703,12703,0.7142857313156128
12704,12704,0.8571428656578064
12705,12705,1.0
12706,12706,1.0
12707,12707,0.7142857313156128
12708,12708,1.0
12709,12709,1.0
12710,12710,1.0
12711,12711,1.0
12712,12712,1.0
12713,12713,0.7142857313156128
12714,12714,0.8571428656578064
12715,12715,0.8571428656578064
12716,12716,1.0
12717,12717,0.8571428656578064
12718,12718,1.0
12719,12719,1.0
12720,12720,1.0
12721,12721,0.7142857313156128
12722,12722,0.8571428656578064
12723,12723,1.0
12724,12724,1.0
12725,12725,0.5714285969734192
12726,12726,0.7142857313156128
12727,12727,0.7142857313156128
12728,12728,0.8571428656578064
12729,12729,0.7142857313156128
12730,12730,1.0
12731,12731,0.5714285969734192
12732,12732,1.0
12733,12733,1.0
12734,12734,0.1428571492433548
12735,12735,1.0
12736,12736,1.0
12737,12737,1.0
12738,12738,1.0
12739,12739,1.0
12740,12740,0.8571428656578064
12741,12741,1.0
12742,12742,0.2857142984867096
12743,12743,1.0
12744,12744,1.0
12745,12745,0.7142857313156128
12746,12746,1.0
12747,12747,1.0
12748,12748,1.0
12749,12749,0.7142857313156128
12750,12750,1.0
12751,12751,0.4285714328289032
12752,12752,1.0
12753,12753,0.5714285969734192
12754,12754,1.0
12755,12755,0.5714285969734192
12756,12756,0.7142857313156128
12757,12757,0.5714285969734192
12758,12758,1.0
12759,12759,1.0
12760,12760,1.0
12761,12761,1.0
12762,12762,1.0
12763,12763,1.0
12764,12764,1.0
12765,12765,1.0
12766,12766,1.0
12767,12767,1.0
12768,12768,1.0
12769,12769,1.0
12770,12770,1.0
12771,12771,1.0
12772,12772,1.0
12773,12773,1.0
12774,12774,1.0
12775,12775,1.0
12776,12776,1.0
12777,12777,1.0
12778,12778,1.0
12779,12779,1.0
12780,12780,1.0
12781,12781,1.0
12782,12782,1.0
12783,12783,1.0
12784,12784,1.0
12785,12785,1.0
12786,12786,1.0
12787,12787,1.0
12788,12788,1.0
12789,12789,1.0
12790,12790,1.0
12791,12791,1.0
12792,12792,0.7142857313156128
12793,12793,1.0
12794,12794,1.0
12795,12795,0.8571428656578064
12796,12796,0.4285714328289032
12797,12797,1.0
12798,12798,1.0
12799,12799,0.4285714328289032
12800,12800,1.0
12801,12801,0.8571428656578064
12802,12802,0.5714285969734192
12803,12803,1.0
12804,12804,0.2857142984867096
12805,12805,1.0
12806,12806,1.0
12807,12807,0.8571428656578064
12808,12808,1.0
12809,12809,1.0
12810,12810,1.0
12811,12811,1.0
12812,12812,0.5714285969734192
12813,12813,0.7142857313156128
12814,12814,1.0
12815,12815,1.0
12816,12816,1.0
12817,12817,1.0
12818,12818,0.4285714328289032
12819,12819,1.0
12820,12820,1.0
12821,12821,1.0
12822,12822,1.0
12823,12823,0.7142857313156128
12824,12824,1.0
12825,12825,0.8571428656578064
12826,12826,0.5714285969734192
12827,12827,0.8571428656578064
12828,12828,1.0
12829,12829,1.0
12830,12830,1.0
12831,12831,1.0
12832,12832,1.0
12833,12833,1.0
12834,12834,1.0
12835,12835,1.0
12836,12836,0.7142857313156128
12837,12837,0.7142857313156128
12838,12838,0.8571428656578064
12839,12839,0.8571428656578064
12840,12840,1.0
12841,12841,1.0
12842,12842,1.0
12843,12843,1.0
12844,12844,0.8571428656578064
12845,12845,1.0
12846,12846,1.0
12847,12847,1.0
12848,12848,1.0
12849,12849,1.0
12850,12850,0.8571428656578064
12851,12851,1.0
12852,12852,1.0
12853,12853,1.0
12854,12854,1.0
12855,12855,0.7142857313156128
12856,12856,1.0
12857,12857,0.8571428656578064
12858,12858,1.0
12859,12859,1.0
12860,12860,1.0
12861,12861,1.0
12862,12862,0.7142857313156128
12863,12863,0.5714285969734192
12864,12864,1.0
12865,12865,0.0
12866,12866,1.0
12867,12867,0.7142857313156128
12868,12868,0.8571428656578064
12869,12869,0.5714285969734192
12870,12870,0.8571428656578064
12871,12871,1.0
12872,12872,1.0
12873,12873,1.0
12874,12874,1.0
12875,12875,1.0
12876,12876,1.0
12877,12877,1.0
12878,12878,1.0
12879,12879,1.0
12880,12880,1.0
12881,12881,1.0
12882,12882,1.0
12883,12883,1.0
12884,12884,1.0
12885,12885,1.0
12886,12886,1.0
12887,12887,0.0
12888,12888,0.8571428656578064
12889,12889,1.0
12890,12890,1.0
12891,12891,1.0
12892,12892,1.0
12893,12893,1.0
12894,12894,1.0
12895,12895,1.0
12896,12896,1.0
12897,12897,1.0
12898,12898,1.0
12899,12899,1.0
12900,12900,1.0
12901,12901,1.0
12902,12902,1.0
12903,12903,1.0
12904,12904,1.0
12905,12905,0.8571428656578064
12906,12906,1.0
12907,12907,1.0
12908,12908,1.0
12909,12909,1.0
12910,12910,1.0
12911,12911,0.2857142984867096
12912,12912,0.8571428656578064
12913,12913,1.0
12914,12914,0.0
12915,12915,0.5714285969734192
12916,12916,1.0
12917,12917,0.7142857313156128
12918,12918,1.0
12919,12919,1.0
12920,12920,1.0
12921,12921,1.0
12922,12922,0.8571428656578064
12923,12923,0.7142857313156128
12924,12924,0.8571428656578064
12925,12925,0.2857142984867096
12926,12926,1.0
12927,12927,1.0
12928,12928,1.0
12929,12929,1.0
12930,12930,0.5714285969734192
12931,12931,1.0
12932,12932,1.0
12933,12933,1.0
12934,12934,1.0
12935,12935,0.8571428656578064
12936,12936,0.8571428656578064
12937,12937,0.8571428656578064
12938,12938,1.0
12939,12939,0.1428571492433548
12940,12940,1.0
12941,12941,0.8571428656578064
12942,12942,0.8571428656578064
12943,12943,1.0
12944,12944,1.0
12945,12945,0.8571428656578064
12946,12946,0.8571428656578064
12947,12947,0.8571428656578064
12948,12948,0.7142857313156128
12949,12949,1.0
12950,12950,0.5714285969734192
12951,12951,0.5714285969734192
12952,12952,1.0
12953,12953,1.0
12954,12954,1.0
12955,12955,0.8571428656578064
12956,12956,1.0
12957,12957,0.8571428656578064
12958,12958,1.0
12959,12959,1.0
12960,12960,0.8571428656578064
12961,12961,1.0
12962,12962,1.0
12963,12963,1.0
12964,12964,1.0
12965,12965,1.0
12966,12966,1.0
12967,12967,0.8571428656578064
12968,12968,1.0
12969,12969,1.0
12970,12970,1.0
12971,12971,1.0
12972,12972,0.8571428656578064
12973,12973,0.5714285969734192
12974,12974,0.5714285969734192
12975,12975,0.7142857313156128
12976,12976,1.0
12977,12977,1.0
12978,12978,0.8571428656578064
12979,12979,1.0
12980,12980,1.0
12981,12981,1.0
12982,12982,1.0
12983,12983,1.0
12984,12984,1.0
12985,12985,1.0
12986,12986,1.0
12987,12987,1.0
12988,12988,1.0
12989,12989,1.0
12990,12990,1.0
12991,12991,1.0
12992,12992,1.0
12993,12993,1.0
12994,12994,1.0
12995,12995,1.0
12996,12996,1.0
12997,12997,1.0
12998,12998,1.0
12999,12999,1.0
13000,13000,1.0
13001,13001,1.0
13002,13002,1.0
13003,13003,1.0
13004,13004,1.0
13005,13005,1.0
13006,13006,1.0
13007,13007,1.0
13008,13008,1.0
13009,13009,1.0
13010,13010,1.0
13011,13011,0.8571428656578064
13012,13012,0.7142857313156128
13013,13013,1.0
13014,13014,1.0
13015,13015,0.8571428656578064
13016,13016,1.0
13017,13017,1.0
13018,13018,1.0
13019,13019,1.0
13020,13020,1.0
13021,13021,0.8571428656578064
13022,13022,0.8571428656578064
13023,13023,1.0
13024,13024,0.7142857313156128
13025,13025,1.0
13026,13026,0.2857142984867096
13027,13027,0.7142857313156128
13028,13028,1.0
13029,13029,1.0
13030,13030,1.0
13031,13031,1.0
13032,13032,1.0
13033,13033,0.7142857313156128
13034,13034,0.8571428656578064
13035,13035,0.5714285969734192
13036,13036,1.0
13037,13037,1.0
13038,13038,1.0
13039,13039,1.0
13040,13040,1.0
13041,13041,1.0
13042,13042,1.0
13043,13043,1.0
13044,13044,1.0
13045,13045,0.8571428656578064
13046,13046,1.0
13047,13047,0.8571428656578064
13048,13048,1.0
13049,13049,1.0
13050,13050,1.0
13051,13051,1.0
13052,13052,0.8571428656578064
13053,13053,0.7142857313156128
13054,13054,0.5714285969734192
13055,13055,1.0
13056,13056,0.5714285969734192
13057,13057,0.4285714328289032
13058,13058,1.0
13059,13059,0.8571428656578064
13060,13060,1.0
13061,13061,0.5714285969734192
13062,13062,1.0
13063,13063,1.0
13064,13064,0.5714285969734192
13065,13065,0.5714285969734192
13066,13066,0.7142857313156128
13067,13067,1.0
13068,13068,1.0
13069,13069,0.8571428656578064
13070,13070,0.8571428656578064
13071,13071,1.0
13072,13072,1.0
13073,13073,1.0
13074,13074,0.4285714328289032
13075,13075,1.0
13076,13076,1.0
13077,13077,0.8571428656578064
13078,13078,1.0
13079,13079,0.0
13080,13080,1.0
13081,13081,0.4285714328289032
13082,13082,0.8571428656578064
13083,13083,0.7142857313156128
13084,13084,1.0
13085,13085,0.8571428656578064
13086,13086,1.0
13087,13087,0.7142857313156128
13088,13088,1.0
13089,13089,1.0
13090,13090,0.0
13091,13091,1.0
13092,13092,1.0
13093,13093,1.0
13094,13094,0.1428571492433548
13095,13095,1.0
13096,13096,1.0
13097,13097,1.0
13098,13098,1.0
13099,13099,1.0
13100,13100,1.0
13101,13101,1.0
13102,13102,1.0
13103,13103,1.0
13104,13104,1.0
13105,13105,1.0
13106,13106,1.0
13107,13107,1.0
13108,13108,0.8571428656578064
13109,13109,1.0
13110,13110,1.0
13111,13111,1.0
13112,13112,1.0
13113,13113,1.0
13114,13114,1.0
13115,13115,1.0
13116,13116,1.0
13117,13117,1.0
13118,13118,1.0
13119,13119,1.0
13120,13120,1.0
13121,13121,1.0
13122,13122,1.0
13123,13123,0.7142857313156128
13124,13124,1.0
13125,13125,0.8571428656578064
13126,13126,1.0
13127,13127,1.0
13128,13128,1.0
13129,13129,1.0
13130,13130,1.0
13131,13131,0.8571428656578064
13132,13132,0.8571428656578064
13133,13133,1.0
13134,13134,0.7142857313156128
13135,13135,0.5714285969734192
13136,13136,0.5714285969734192
13137,13137,0.7142857313156128
13138,13138,1.0
13139,13139,1.0
13140,13140,1.0
13141,13141,1.0
13142,13142,0.8571428656578064
13143,13143,0.7142857313156128
13144,13144,0.7142857313156128
13145,13145,1.0
13146,13146,1.0
13147,13147,1.0
13148,13148,0.7142857313156128
13149,13149,1.0
13150,13150,1.0
13151,13151,1.0
13152,13152,1.0
13153,13153,1.0
13154,13154,0.5714285969734192
13155,13155,0.8571428656578064
13156,13156,1.0
13157,13157,0.8571428656578064
13158,13158,0.8571428656578064
13159,13159,1.0
13160,13160,1.0
13161,13161,0.8571428656578064
13162,13162,0.8571428656578064
13163,13163,1.0
13164,13164,0.5714285969734192
13165,13165,0.5714285969734192
13166,13166,1.0
13167,13167,0.8571428656578064
13168,13168,1.0
13169,13169,1.0
13170,13170,1.0
13171,13171,1.0
13172,13172,1.0
13173,13173,1.0
13174,13174,1.0
13175,13175,0.5714285969734192
13176,13176,1.0
13177,13177,1.0
13178,13178,0.0
13179,13179,1.0
13180,13180,0.8571428656578064
13181,13181,0.7142857313156128
13182,13182,1.0
13183,13183,1.0
13184,13184,1.0
13185,13185,1.0
13186,13186,1.0
13187,13187,0.8571428656578064
13188,13188,0.8571428656578064
13189,13189,1.0
13190,13190,0.8571428656578064
13191,13191,1.0
13192,13192,1.0
13193,13193,0.8571428656578064
13194,13194,1.0
13195,13195,0.7142857313156128
13196,13196,1.0
13197,13197,0.1428571492433548
13198,13198,0.5714285969734192
13199,13199,1.0
13200,13200,0.8571428656578064
13201,13201,1.0
13202,13202,1.0
13203,13203,1.0
13204,13204,1.0
13205,13205,1.0
13206,13206,1.0
13207,13207,1.0
13208,13208,1.0
13209,13209,1.0
13210,13210,1.0
13211,13211,1.0
13212,13212,1.0
13213,13213,1.0
13214,13214,1.0
13215,13215,1.0
13216,13216,1.0
13217,13217,1.0
13218,13218,0.8571428656578064
13219,13219,1.0
13220,13220,1.0
13221,13221,1.0
13222,13222,1.0
13223,13223,1.0
13224,13224,1.0
13225,13225,1.0
13226,13226,1.0
13227,13227,1.0
13228,13228,1.0
13229,13229,1.0
13230,13230,1.0
13231,13231,0.1428571492433548
13232,13232,1.0
13233,13233,1.0
13234,13234,1.0
13235,13235,0.7142857313156128
13236,13236,1.0
13237,13237,1.0
13238,13238,0.2857142984867096
13239,13239,1.0
13240,13240,1.0
13241,13241,0.8571428656578064
13242,13242,0.5714285969734192
13243,13243,1.0
13244,13244,0.7142857313156128
13245,13245,1.0
13246,13246,1.0
13247,13247,0.7142857313156128
13248,13248,0.4285714328289032
13249,13249,1.0
13250,13250,1.0
13251,13251,1.0
13252,13252,0.8571428656578064
13253,13253,0.7142857313156128
13254,13254,0.8571428656578064
13255,13255,1.0
13256,13256,1.0
13257,13257,1.0
13258,13258,0.0
13259,13259,1.0
13260,13260,1.0
13261,13261,1.0
13262,13262,1.0
13263,13263,1.0
13264,13264,1.0
13265,13265,0.4285714328289032
13266,13266,1.0
13267,13267,0.8571428656578064
13268,13268,0.4285714328289032
13269,13269,1.0
13270,13270,1.0
13271,13271,1.0
13272,13272,1.0
13273,13273,1.0
13274,13274,1.0
13275,13275,1.0
13276,13276,0.7142857313156128
13277,13277,0.8571428656578064
13278,13278,0.7142857313156128
13279,13279,0.4285714328289032
13280,13280,1.0
13281,13281,1.0
13282,13282,1.0
13283,13283,1.0
13284,13284,1.0
13285,13285,0.8571428656578064
13286,13286,0.7142857313156128
13287,13287,1.0
13288,13288,1.0
13289,13289,1.0
13290,13290,0.8571428656578064
13291,13291,1.0
13292,13292,1.0
13293,13293,1.0
13294,13294,1.0
13295,13295,1.0
13296,13296,1.0
13297,13297,1.0
13298,13298,1.0
13299,13299,1.0
13300,13300,1.0
13301,13301,1.0
13302,13302,0.8571428656578064
13303,13303,0.7142857313156128
13304,13304,1.0
13305,13305,1.0
13306,13306,1.0
13307,13307,1.0
13308,13308,0.8571428656578064
13309,13309,1.0
13310,13310,0.8571428656578064
13311,13311,1.0
13312,13312,1.0
13313,13313,1.0
13314,13314,1.0
13315,13315,1.0
13316,13316,1.0
13317,13317,1.0
13318,13318,1.0
13319,13319,1.0
13320,13320,1.0
13321,13321,1.0
13322,13322,1.0
13323,13323,1.0
13324,13324,1.0
13325,13325,1.0
13326,13326,1.0
13327,13327,1.0
13328,13328,0.8571428656578064
13329,13329,1.0
13330,13330,1.0
13331,13331,1.0
13332,13332,1.0
13333,13333,1.0
13334,13334,1.0
13335,13335,1.0
13336,13336,1.0
13337,13337,1.0
13338,13338,1.0
13339,13339,1.0
13340,13340,1.0
13341,13341,1.0
13342,13342,1.0
13343,13343,1.0
13344,13344,1.0
13345,13345,0.8571428656578064
13346,13346,1.0
13347,13347,1.0
13348,13348,1.0
13349,13349,1.0
13350,13350,1.0
13351,13351,0.8571428656578064
13352,13352,0.8571428656578064
13353,13353,1.0
13354,13354,0.7142857313156128
13355,13355,1.0
13356,13356,1.0
13357,13357,0.8571428656578064
13358,13358,1.0
13359,13359,1.0
13360,13360,1.0
13361,13361,1.0
13362,13362,0.2857142984867096
13363,13363,0.7142857313156128
13364,13364,0.8571428656578064
13365,13365,1.0
13366,13366,1.0
13367,13367,1.0
13368,13368,1.0
13369,13369,1.0
13370,13370,1.0
13371,13371,1.0
13372,13372,1.0
13373,13373,1.0
13374,13374,1.0
13375,13375,0.8571428656578064
13376,13376,1.0
13377,13377,0.5714285969734192
13378,13378,1.0
13379,13379,1.0
13380,13380,1.0
13381,13381,1.0
13382,13382,0.8571428656578064
13383,13383,1.0
13384,13384,1.0
13385,13385,0.4285714328289032
13386,13386,0.7142857313156128
13387,13387,0.8571428656578064
13388,13388,1.0
13389,13389,1.0
13390,13390,1.0
13391,13391,0.5714285969734192
13392,13392,1.0
13393,13393,1.0
13394,13394,1.0
13395,13395,1.0
13396,13396,0.7142857313156128
13397,13397,1.0
13398,13398,1.0
13399,13399,1.0
13400,13400,0.8571428656578064
13401,13401,1.0
13402,13402,0.4285714328289032
13403,13403,1.0
13404,13404,1.0
13405,13405,1.0
13406,13406,1.0
13407,13407,0.8571428656578064
13408,13408,1.0
13409,13409,1.0
13410,13410,0.8571428656578064
13411,13411,1.0
13412,13412,0.8571428656578064
13413,13413,1.0
13414,13414,1.0
13415,13415,0.8571428656578064
13416,13416,1.0
13417,13417,0.7142857313156128
13418,13418,0.0
13419,13419,0.5714285969734192
13420,13420,0.8571428656578064
13421,13421,1.0
13422,13422,1.0
13423,13423,1.0
13424,13424,1.0
13425,13425,1.0
13426,13426,1.0
13427,13427,1.0
13428,13428,1.0
13429,13429,1.0
13430,13430,1.0
13431,13431,1.0
13432,13432,1.0
13433,13433,1.0
13434,13434,1.0
13435,13435,1.0
13436,13436,1.0
13437,13437,1.0
13438,13438,0.8571428656578064
13439,13439,1.0
13440,13440,1.0
13441,13441,1.0
13442,13442,1.0
13443,13443,1.0
13444,13444,1.0
13445,13445,1.0
13446,13446,1.0
13447,13447,1.0
13448,13448,1.0
13449,13449,1.0
13450,13450,1.0
13451,13451,1.0
13452,13452,1.0
13453,13453,0.7142857313156128
13454,13454,1.0
13455,13455,0.7142857313156128
13456,13456,1.0
13457,13457,1.0
13458,13458,1.0
13459,13459,1.0
13460,13460,1.0
13461,13461,0.8571428656578064
13462,13462,0.5714285969734192
13463,13463,1.0
13464,13464,0.7142857313156128
13465,13465,1.0
13466,13466,1.0
13467,13467,0.8571428656578064
13468,13468,1.0
13469,13469,0.1428571492433548
13470,13470,0.7142857313156128
13471,13471,1.0
13472,13472,0.8571428656578064
13473,13473,0.8571428656578064
13474,13474,0.8571428656578064
13475,13475,1.0
13476,13476,1.0
13477,13477,0.4285714328289032
13478,13478,0.8571428656578064
13479,13479,1.0
13480,13480,1.0
13481,13481,1.0
13482,13482,1.0
13483,13483,0.0
13484,13484,1.0
13485,13485,0.8571428656578064
13486,13486,1.0
13487,13487,0.1428571492433548
13488,13488,1.0
13489,13489,0.4285714328289032
13490,13490,1.0
13491,13491,0.8571428656578064
13492,13492,0.8571428656578064
13493,13493,1.0
13494,13494,1.0
13495,13495,1.0
13496,13496,0.7142857313156128
13497,13497,0.8571428656578064
13498,13498,0.8571428656578064
13499,13499,1.0
13500,13500,1.0
13501,13501,1.0
13502,13502,1.0
13503,13503,1.0
13504,13504,1.0
13505,13505,1.0
13506,13506,1.0
13507,13507,0.8571428656578064
13508,13508,1.0
13509,13509,1.0
13510,13510,0.8571428656578064
13511,13511,0.8571428656578064
13512,13512,1.0
13513,13513,0.0
13514,13514,1.0
13515,13515,1.0
13516,13516,1.0
13517,13517,0.8571428656578064
13518,13518,1.0
13519,13519,1.0
13520,13520,1.0
13521,13521,1.0
13522,13522,0.8571428656578064
13523,13523,0.5714285969734192
13524,13524,1.0
13525,13525,0.8571428656578064
13526,13526,1.0
13527,13527,1.0
13528,13528,0.8571428656578064
13529,13529,1.0
13530,13530,0.8571428656578064
13531,13531,1.0
13532,13532,1.0
13533,13533,1.0
13534,13534,1.0
13535,13535,1.0
13536,13536,1.0
13537,13537,1.0
13538,13538,1.0
13539,13539,1.0
13540,13540,1.0
13541,13541,1.0
13542,13542,1.0
13543,13543,1.0
13544,13544,1.0
13545,13545,1.0
13546,13546,1.0
13547,13547,1.0
13548,13548,0.8571428656578064
13549,13549,1.0
13550,13550,1.0
13551,13551,1.0
13552,13552,1.0
13553,13553,1.0
13554,13554,1.0
13555,13555,1.0
13556,13556,1.0
13557,13557,1.0
13558,13558,1.0
13559,13559,1.0
13560,13560,1.0
13561,13561,1.0
13562,13562,1.0
13563,13563,1.0
13564,13564,0.4285714328289032
13565,13565,0.8571428656578064
13566,13566,1.0
13567,13567,1.0
13568,13568,1.0
13569,13569,1.0
13570,13570,1.0
13571,13571,0.8571428656578064
13572,13572,0.8571428656578064
13573,13573,1.0
13574,13574,0.7142857313156128
13575,13575,1.0
13576,13576,1.0
13577,13577,0.7142857313156128
13578,13578,1.0
13579,13579,0.5714285969734192
13580,13580,1.0
13581,13581,1.0
13582,13582,0.8571428656578064
13583,13583,0.7142857313156128
13584,13584,0.8571428656578064
13585,13585,1.0
13586,13586,1.0
13587,13587,1.0
13588,13588,1.0
13589,13589,1.0
13590,13590,1.0
13591,13591,1.0
13592,13592,0.0
13593,13593,1.0
13594,13594,1.0
13595,13595,1.0
13596,13596,1.0
13597,13597,0.8571428656578064
13598,13598,0.2857142984867096
13599,13599,1.0
13600,13600,1.0
13601,13601,0.7142857313156128
13602,13602,0.5714285969734192
13603,13603,0.5714285969734192
13604,13604,1.0
13605,13605,1.0
13606,13606,0.1428571492433548
13607,13607,0.8571428656578064
13608,13608,0.4285714328289032
13609,13609,1.0
13610,13610,1.0
13611,13611,1.0
13612,13612,1.0
13613,13613,1.0
13614,13614,0.8571428656578064
13615,13615,1.0
13616,13616,1.0
13617,13617,0.8571428656578064
13618,13618,1.0
13619,13619,1.0
13620,13620,0.8571428656578064
13621,13621,1.0
13622,13622,1.0
13623,13623,1.0
13624,13624,1.0
13625,13625,1.0
13626,13626,1.0
13627,13627,0.5714285969734192
13628,13628,1.0
13629,13629,0.0
13630,13630,0.8571428656578064
13631,13631,1.0
13632,13632,1.0
13633,13633,0.5714285969734192
13634,13634,1.0
13635,13635,0.8571428656578064
13636,13636,1.0
13637,13637,1.0
13638,13638,0.5714285969734192
13639,13639,1.0
13640,13640,1.0
13641,13641,1.0
13642,13642,1.0
13643,13643,1.0
13644,13644,0.1428571492433548
13645,13645,1.0
13646,13646,1.0
13647,13647,1.0
13648,13648,1.0
13649,13649,1.0
13650,13650,1.0
13651,13651,1.0
13652,13652,1.0
13653,13653,1.0
13654,13654,1.0
13655,13655,1.0
13656,13656,1.0
13657,13657,1.0
13658,13658,1.0
13659,13659,1.0
13660,13660,1.0
13661,13661,1.0
13662,13662,1.0
13663,13663,1.0
13664,13664,1.0
13665,13665,1.0
13666,13666,1.0
13667,13667,1.0
13668,13668,1.0
13669,13669,1.0
13670,13670,1.0
13671,13671,1.0
13672,13672,1.0
13673,13673,1.0
13674,13674,1.0
13675,13675,0.8571428656578064
13676,13676,1.0
13677,13677,1.0
13678,13678,1.0
13679,13679,1.0
13680,13680,1.0
13681,13681,0.8571428656578064
13682,13682,0.8571428656578064
13683,13683,1.0
13684,13684,0.7142857313156128
13685,13685,1.0
13686,13686,1.0
13687,13687,0.8571428656578064
13688,13688,1.0
13689,13689,0.7142857313156128
13690,13690,1.0
13691,13691,1.0
13692,13692,0.8571428656578064
13693,13693,0.7142857313156128
13694,13694,0.8571428656578064
13695,13695,1.0
13696,13696,1.0
13697,13697,1.0
13698,13698,1.0
13699,13699,1.0
13700,13700,1.0
13701,13701,1.0
13702,13702,1.0
13703,13703,1.0
13704,13704,0.1428571492433548
13705,13705,0.8571428656578064
13706,13706,1.0
13707,13707,1.0
13708,13708,1.0
13709,13709,1.0
13710,13710,1.0
13711,13711,1.0
13712,13712,0.8571428656578064
13713,13713,1.0
13714,13714,0.8571428656578064
13715,13715,0.8571428656578064
13716,13716,1.0
13717,13717,0.8571428656578064
13718,13718,1.0
13719,13719,1.0
13720,13720,0.8571428656578064
13721,13721,1.0
13722,13722,1.0
13723,13723,1.0
13724,13724,1.0
13725,13725,1.0
13726,13726,1.0
13727,13727,1.0
13728,13728,1.0
13729,13729,1.0
13730,13730,0.8571428656578064
13731,13731,1.0
13732,13732,1.0
13733,13733,1.0
13734,13734,1.0
13735,13735,1.0
13736,13736,1.0
13737,13737,0.8571428656578064
13738,13738,1.0
13739,13739,1.0
13740,13740,0.0
13741,13741,1.0
13742,13742,1.0
13743,13743,0.5714285969734192
13744,13744,0.7142857313156128
13745,13745,0.7142857313156128
13746,13746,0.8571428656578064
13747,13747,1.0
13748,13748,0.8571428656578064
13749,13749,1.0
13750,13750,0.8571428656578064
13751,13751,1.0
13752,13752,1.0
13753,13753,1.0
13754,13754,1.0
13755,13755,1.0
13756,13756,1.0
13757,13757,1.0
13758,13758,1.0
13759,13759,1.0
13760,13760,1.0
13761,13761,1.0
13762,13762,1.0
13763,13763,1.0
13764,13764,1.0
13765,13765,1.0
13766,13766,1.0
13767,13767,1.0
13768,13768,1.0
13769,13769,1.0
13770,13770,1.0
13771,13771,1.0
13772,13772,1.0
13773,13773,1.0
13774,13774,1.0
13775,13775,1.0
13776,13776,1.0
13777,13777,1.0
13778,13778,1.0
13779,13779,1.0
13780,13780,1.0
13781,13781,1.0
13782,13782,1.0
13783,13783,1.0
13784,13784,1.0
13785,13785,0.7142857313156128
13786,13786,1.0
13787,13787,1.0
13788,13788,1.0
13789,13789,1.0
13790,13790,1.0
13791,13791,0.8571428656578064
13792,13792,0.8571428656578064
13793,13793,1.0
13794,13794,0.7142857313156128
13795,13795,1.0
13796,13796,1.0
13797,13797,0.5714285969734192
13798,13798,1.0
13799,13799,1.0
13800,13800,1.0
13801,13801,1.0
13802,13802,0.8571428656578064
13803,13803,0.7142857313156128
13804,13804,0.8571428656578064
13805,13805,1.0
13806,13806,1.0
13807,13807,1.0
13808,13808,1.0
13809,13809,0.7142857313156128
13810,13810,1.0
13811,13811,1.0
13812,13812,1.0
13813,13813,1.0
13814,13814,0.8571428656578064
13815,13815,0.8571428656578064
13816,13816,1.0
13817,13817,0.8571428656578064
13818,13818,1.0
13819,13819,1.0
13820,13820,1.0
13821,13821,1.0
13822,13822,0.8571428656578064
13823,13823,1.0
13824,13824,0.8571428656578064
13825,13825,1.0
13826,13826,0.7142857313156128
13827,13827,1.0
13828,13828,1.0
13829,13829,1.0
13830,13830,1.0
13831,13831,1.0
13832,13832,1.0
13833,13833,1.0
13834,13834,0.1428571492433548
13835,13835,1.0
13836,13836,1.0
13837,13837,0.5714285969734192
13838,13838,1.0
13839,13839,1.0
13840,13840,1.0
13841,13841,1.0
13842,13842,1.0
13843,13843,1.0
13844,13844,0.7142857313156128
13845,13845,1.0
13846,13846,1.0
13847,13847,1.0
13848,13848,1.0
13849,13849,1.0
13850,13850,0.8571428656578064
13851,13851,1.0
13852,13852,0.8571428656578064
13853,13853,0.5714285969734192
13854,13854,1.0
13855,13855,0.8571428656578064
13856,13856,0.5714285969734192
13857,13857,1.0
13858,13858,0.8571428656578064
13859,13859,1.0
13860,13860,0.8571428656578064
13861,13861,1.0
13862,13862,1.0
13863,13863,1.0
13864,13864,1.0
13865,13865,1.0
13866,13866,1.0
13867,13867,1.0
13868,13868,1.0
13869,13869,0.1428571492433548
13870,13870,1.0
13871,13871,1.0
13872,13872,1.0
13873,13873,1.0
13874,13874,1.0
13875,13875,1.0
13876,13876,1.0
13877,13877,1.0
13878,13878,0.8571428656578064
13879,13879,1.0
13880,13880,1.0
13881,13881,1.0
13882,13882,1.0
13883,13883,1.0
13884,13884,1.0
13885,13885,1.0
13886,13886,1.0
13887,13887,1.0
13888,13888,1.0
13889,13889,1.0
13890,13890,1.0
13891,13891,1.0
13892,13892,1.0
13893,13893,1.0
13894,13894,1.0
13895,13895,0.8571428656578064
13896,13896,1.0
13897,13897,1.0
13898,13898,1.0
13899,13899,1.0
13900,13900,1.0
13901,13901,0.8571428656578064
13902,13902,0.8571428656578064
13903,13903,1.0
13904,13904,0.7142857313156128
13905,13905,1.0
13906,13906,1.0
13907,13907,0.8571428656578064
13908,13908,1.0
13909,13909,1.0
13910,13910,1.0
13911,13911,1.0
13912,13912,0.8571428656578064
13913,13913,0.7142857313156128
13914,13914,0.8571428656578064
13915,13915,0.1428571492433548
13916,13916,1.0
13917,13917,1.0
13918,13918,1.0
13919,13919,1.0
13920,13920,1.0
13921,13921,1.0
13922,13922,1.0
13923,13923,1.0
13924,13924,0.0
13925,13925,0.8571428656578064
13926,13926,1.0
13927,13927,0.8571428656578064
13928,13928,1.0
13929,13929,1.0
13930,13930,1.0
13931,13931,0.5714285969734192
13932,13932,1.0
13933,13933,1.0
13934,13934,0.5714285969734192
13935,13935,0.8571428656578064
13936,13936,0.7142857313156128
13937,13937,0.8571428656578064
13938,13938,0.8571428656578064
13939,13939,0.7142857313156128
13940,13940,0.8571428656578064
13941,13941,1.0
13942,13942,1.0
13943,13943,1.0
13944,13944,1.0
13945,13945,1.0
13946,13946,0.7142857313156128
13947,13947,1.0
13948,13948,1.0
13949,13949,1.0
13950,13950,0.8571428656578064
13951,13951,0.8571428656578064
13952,13952,1.0
13953,13953,1.0
13954,13954,1.0
13955,13955,1.0
13956,13956,1.0
13957,13957,0.8571428656578064
13958,13958,0.2857142984867096
13959,13959,1.0
13960,13960,1.0
13961,13961,1.0
13962,13962,0.8571428656578064
13963,13963,0.1428571492433548
13964,13964,0.7142857313156128
13965,13965,1.0
13966,13966,1.0
13967,13967,1.0
13968,13968,0.8571428656578064
13969,13969,1.0
13970,13970,1.0
13971,13971,1.0
13972,13972,1.0
13973,13973,1.0
13974,13974,1.0
13975,13975,1.0
13976,13976,1.0
13977,13977,1.0
13978,13978,1.0
13979,13979,1.0
13980,13980,1.0
13981,13981,1.0
13982,13982,1.0
13983,13983,1.0
13984,13984,1.0
13985,13985,1.0
13986,13986,1.0
13987,13987,1.0
13988,13988,0.8571428656578064
13989,13989,1.0
13990,13990,1.0
13991,13991,1.0
13992,13992,1.0
13993,13993,1.0
13994,13994,1.0
13995,13995,1.0
13996,13996,1.0
13997,13997,1.0
13998,13998,1.0
13999,13999,1.0
14000,14000,1.0
14001,14001,1.0
14002,14002,1.0
14003,14003,1.0
14004,14004,1.0
14005,14005,0.8571428656578064
14006,14006,1.0
14007,14007,1.0
14008,14008,1.0
14009,14009,1.0
14010,14010,1.0
14011,14011,0.8571428656578064
14012,14012,0.5714285969734192
14013,14013,1.0
14014,14014,0.7142857313156128
14015,14015,1.0
14016,14016,1.0
14017,14017,0.7142857313156128
14018,14018,1.0
14019,14019,1.0
14020,14020,1.0
14021,14021,0.7142857313156128
14022,14022,0.8571428656578064
14023,14023,0.7142857313156128
14024,14024,0.8571428656578064
14025,14025,1.0
14026,14026,1.0
14027,14027,1.0
14028,14028,1.0
14029,14029,1.0
14030,14030,1.0
14031,14031,1.0
14032,14032,1.0
14033,14033,1.0
14034,14034,1.0
14035,14035,0.8571428656578064
14036,14036,1.0
14037,14037,0.8571428656578064
14038,14038,0.7142857313156128
14039,14039,1.0
14040,14040,1.0
14041,14041,0.8571428656578064
14042,14042,0.8571428656578064
14043,14043,1.0
14044,14044,0.8571428656578064
14045,14045,0.4285714328289032
14046,14046,0.7142857313156128
14047,14047,0.7142857313156128
14048,14048,1.0
14049,14049,0.8571428656578064
14050,14050,1.0
14051,14051,0.5714285969734192
14052,14052,1.0
14053,14053,1.0
14054,14054,1.0
14055,14055,1.0
14056,14056,1.0
14057,14057,1.0
14058,14058,1.0
14059,14059,1.0
14060,14060,0.8571428656578064
14061,14061,1.0
14062,14062,1.0
14063,14063,0.7142857313156128
14064,14064,1.0
14065,14065,0.7142857313156128
14066,14066,1.0
14067,14067,0.8571428656578064
14068,14068,1.0
14069,14069,1.0
14070,14070,1.0
14071,14071,1.0
14072,14072,0.8571428656578064
14073,14073,0.5714285969734192
14074,14074,1.0
14075,14075,0.8571428656578064
14076,14076,1.0
14077,14077,1.0
14078,14078,0.7142857313156128
14079,14079,1.0
14080,14080,0.8571428656578064
14081,14081,1.0
14082,14082,1.0
14083,14083,1.0
14084,14084,1.0
14085,14085,1.0
14086,14086,1.0
14087,14087,1.0
14088,14088,1.0
14089,14089,1.0
14090,14090,1.0
14091,14091,1.0
14092,14092,1.0
14093,14093,1.0
14094,14094,1.0
14095,14095,1.0
14096,14096,1.0
14097,14097,1.0
14098,14098,0.8571428656578064
14099,14099,1.0
14100,14100,1.0
14101,14101,1.0
14102,14102,1.0
14103,14103,1.0
14104,14104,1.0
14105,14105,1.0
14106,14106,1.0
14107,14107,1.0
14108,14108,1.0
14109,14109,1.0
14110,14110,1.0
14111,14111,0.8571428656578064
14112,14112,1.0
14113,14113,1.0
14114,14114,1.0
14115,14115,0.8571428656578064
14116,14116,1.0
14117,14117,1.0
14118,14118,1.0
14119,14119,1.0
14120,14120,1.0
14121,14121,0.8571428656578064
14122,14122,0.8571428656578064
14123,14123,1.0
14124,14124,0.7142857313156128
14125,14125,1.0
14126,14126,1.0
14127,14127,0.7142857313156128
14128,14128,1.0
14129,14129,1.0
14130,14130,1.0
14131,14131,1.0
14132,14132,0.8571428656578064
14133,14133,0.7142857313156128
14134,14134,0.8571428656578064
14135,14135,1.0
14136,14136,1.0
14137,14137,1.0
14138,14138,1.0
14139,14139,1.0
14140,14140,1.0
14141,14141,1.0
14142,14142,1.0
14143,14143,1.0
14144,14144,0.5714285969734192
14145,14145,0.8571428656578064
14146,14146,1.0
14147,14147,0.8571428656578064
14148,14148,1.0
14149,14149,1.0
14150,14150,1.0
14151,14151,1.0
14152,14152,0.8571428656578064
14153,14153,1.0
14154,14154,0.5714285969734192
14155,14155,0.4285714328289032
14156,14156,1.0
14157,14157,0.8571428656578064
14158,14158,0.8571428656578064
14159,14159,1.0
14160,14160,1.0
14161,14161,1.0
14162,14162,1.0
14163,14163,1.0
14164,14164,1.0
14165,14165,1.0
14166,14166,1.0
14167,14167,1.0
14168,14168,1.0
14169,14169,0.7142857313156128
14170,14170,0.8571428656578064
14171,14171,1.0
14172,14172,1.0
14173,14173,1.0
14174,14174,1.0
14175,14175,1.0
14176,14176,1.0
14177,14177,0.8571428656578064
14178,14178,1.0
14179,14179,1.0
14180,14180,1.0
14181,14181,1.0
14182,14182,1.0
14183,14183,0.8571428656578064
14184,14184,1.0
14185,14185,0.8571428656578064
14186,14186,0.7142857313156128
14187,14187,1.0
14188,14188,0.8571428656578064
14189,14189,0.8571428656578064
14190,14190,0.8571428656578064
14191,14191,1.0
14192,14192,1.0
14193,14193,1.0
14194,14194,1.0
14195,14195,1.0
14196,14196,1.0
14197,14197,1.0
14198,14198,1.0
14199,14199,1.0
14200,14200,1.0
14201,14201,1.0
14202,14202,1.0
14203,14203,1.0
14204,14204,1.0
14205,14205,1.0
14206,14206,1.0
14207,14207,0.0
14208,14208,0.8571428656578064
14209,14209,1.0
14210,14210,1.0
14211,14211,1.0
14212,14212,1.0
14213,14213,1.0
14214,14214,0.0
14215,14215,1.0
14216,14216,1.0
14217,14217,1.0
14218,14218,1.0
14219,14219,1.0
14220,14220,1.0
14221,14221,1.0
14222,14222,1.0
14223,14223,1.0
14224,14224,1.0
14225,14225,0.8571428656578064
14226,14226,1.0
14227,14227,1.0
14228,14228,1.0
14229,14229,1.0
14230,14230,1.0
14231,14231,0.8571428656578064
14232,14232,0.5714285969734192
14233,14233,1.0
14234,14234,0.1428571492433548
14235,14235,1.0
14236,14236,1.0
14237,14237,0.8571428656578064
14238,14238,1.0
14239,14239,1.0
14240,14240,1.0
14241,14241,1.0
14242,14242,0.8571428656578064
14243,14243,0.7142857313156128
14244,14244,0.8571428656578064
14245,14245,1.0
14246,14246,1.0
14247,14247,0.5714285969734192
14248,14248,1.0
14249,14249,1.0
14250,14250,1.0
14251,14251,1.0
14252,14252,1.0
14253,14253,1.0
14254,14254,1.0
14255,14255,0.8571428656578064
14256,14256,1.0
14257,14257,0.8571428656578064
14258,14258,0.4285714328289032
14259,14259,1.0
14260,14260,1.0
14261,14261,1.0
14262,14262,0.7142857313156128
14263,14263,0.8571428656578064
14264,14264,1.0
14265,14265,1.0
14266,14266,0.8571428656578064
14267,14267,1.0
14268,14268,0.8571428656578064
14269,14269,0.7142857313156128
14270,14270,0.5714285969734192
14271,14271,1.0
14272,14272,1.0
14273,14273,1.0
14274,14274,1.0
14275,14275,1.0
14276,14276,1.0
14277,14277,1.0
14278,14278,1.0
14279,14279,1.0
14280,14280,0.8571428656578064
14281,14281,1.0
14282,14282,1.0
14283,14283,1.0
14284,14284,0.8571428656578064
14285,14285,1.0
14286,14286,1.0
14287,14287,0.8571428656578064
14288,14288,1.0
14289,14289,1.0
14290,14290,0.8571428656578064
14291,14291,1.0
14292,14292,1.0
14293,14293,0.5714285969734192
14294,14294,1.0
14295,14295,0.8571428656578064
14296,14296,0.8571428656578064
14297,14297,1.0
14298,14298,0.8571428656578064
14299,14299,1.0
14300,14300,0.5714285969734192
14301,14301,1.0
14302,14302,1.0
14303,14303,1.0
14304,14304,1.0
14305,14305,1.0
14306,14306,1.0
14307,14307,1.0
14308,14308,1.0
14309,14309,1.0
14310,14310,1.0
14311,14311,1.0
14312,14312,1.0
14313,14313,1.0
14314,14314,1.0
14315,14315,1.0
14316,14316,1.0
14317,14317,0.0
14318,14318,0.8571428656578064
14319,14319,1.0
14320,14320,1.0
14321,14321,1.0
14322,14322,1.0
14323,14323,1.0
14324,14324,1.0
14325,14325,1.0
14326,14326,1.0
14327,14327,1.0
14328,14328,1.0
14329,14329,1.0
14330,14330,1.0
14331,14331,0.8571428656578064
14332,14332,1.0
14333,14333,1.0
14334,14334,1.0
14335,14335,0.7142857313156128
14336,14336,1.0
14337,14337,1.0
14338,14338,1.0
14339,14339,1.0
14340,14340,1.0
14341,14341,0.8571428656578064
14342,14342,0.8571428656578064
14343,14343,1.0
14344,14344,0.2857142984867096
14345,14345,1.0
14346,14346,1.0
14347,14347,0.7142857313156128
14348,14348,1.0
14349,14349,0.7142857313156128
14350,14350,1.0
14351,14351,1.0
14352,14352,0.8571428656578064
14353,14353,0.7142857313156128
14354,14354,0.8571428656578064
14355,14355,1.0
14356,14356,1.0
14357,14357,1.0
14358,14358,1.0
14359,14359,1.0
14360,14360,1.0
14361,14361,1.0
14362,14362,1.0
14363,14363,1.0
14364,14364,1.0
14365,14365,0.8571428656578064
14366,14366,1.0
14367,14367,0.8571428656578064
14368,14368,1.0
14369,14369,0.7142857313156128
14370,14370,1.0
14371,14371,0.8571428656578064
14372,14372,0.8571428656578064
14373,14373,0.8571428656578064
14374,14374,0.8571428656578064
14375,14375,0.4285714328289032
14376,14376,1.0
14377,14377,0.8571428656578064
14378,14378,1.0
14379,14379,0.7142857313156128
14380,14380,0.8571428656578064
14381,14381,1.0
14382,14382,1.0
14383,14383,1.0
14384,14384,1.0
14385,14385,1.0
14386,14386,0.7142857313156128
14387,14387,0.7142857313156128
14388,14388,1.0
14389,14389,1.0
14390,14390,0.8571428656578064
14391,14391,1.0
14392,14392,1.0
14393,14393,1.0
14394,14394,1.0
14395,14395,1.0
14396,14396,1.0
14397,14397,0.8571428656578064
14398,14398,1.0
14399,14399,1.0
14400,14400,0.8571428656578064
14401,14401,0.7142857313156128
14402,14402,0.8571428656578064
14403,14403,0.5714285969734192
14404,14404,1.0
14405,14405,1.0
14406,14406,0.7142857313156128
14407,14407,1.0
14408,14408,1.0
14409,14409,1.0
14410,14410,0.8571428656578064
14411,14411,1.0
14412,14412,1.0
14413,14413,1.0
14414,14414,1.0
14415,14415,1.0
14416,14416,1.0
14417,14417,1.0
14418,14418,1.0
14419,14419,1.0
14420,14420,1.0
14421,14421,1.0
14422,14422,1.0
14423,14423,1.0
14424,14424,1.0
14425,14425,1.0
14426,14426,1.0
14427,14427,1.0
14428,14428,0.8571428656578064
14429,14429,1.0
14430,14430,1.0
14431,14431,1.0
14432,14432,1.0
14433,14433,1.0
14434,14434,1.0
14435,14435,1.0
14436,14436,1.0
14437,14437,1.0
14438,14438,1.0
14439,14439,1.0
14440,14440,1.0
14441,14441,0.8571428656578064
14442,14442,1.0
14443,14443,0.4285714328289032
14444,14444,1.0
14445,14445,0.8571428656578064
14446,14446,1.0
14447,14447,1.0
14448,14448,1.0
14449,14449,1.0
14450,14450,1.0
14451,14451,0.1428571492433548
14452,14452,0.8571428656578064
14453,14453,1.0
14454,14454,0.7142857313156128
14455,14455,1.0
14456,14456,0.7142857313156128
14457,14457,0.7142857313156128
14458,14458,1.0
14459,14459,1.0
14460,14460,1.0
14461,14461,0.7142857313156128
14462,14462,1.0
14463,14463,0.7142857313156128
14464,14464,0.8571428656578064
14465,14465,0.5714285969734192
14466,14466,1.0
14467,14467,1.0
14468,14468,1.0
14469,14469,1.0
14470,14470,1.0
14471,14471,1.0
14472,14472,1.0
14473,14473,1.0
14474,14474,1.0
14475,14475,0.8571428656578064
14476,14476,1.0
14477,14477,0.8571428656578064
14478,14478,1.0
14479,14479,0.5714285969734192
14480,14480,1.0
14481,14481,0.0
14482,14482,1.0
14483,14483,1.0
14484,14484,0.5714285969734192
14485,14485,1.0
14486,14486,1.0
14487,14487,0.8571428656578064
14488,14488,0.7142857313156128
14489,14489,0.8571428656578064
14490,14490,0.4285714328289032
14491,14491,1.0
14492,14492,1.0
14493,14493,1.0
14494,14494,1.0
14495,14495,1.0
14496,14496,0.7142857313156128
14497,14497,1.0
14498,14498,1.0
14499,14499,1.0
14500,14500,0.8571428656578064
14501,14501,1.0
14502,14502,1.0
14503,14503,1.0
14504,14504,1.0
14505,14505,1.0
14506,14506,1.0
14507,14507,1.0
14508,14508,1.0
14509,14509,0.7142857313156128
14510,14510,0.2857142984867096
14511,14511,1.0
14512,14512,0.8571428656578064
14513,14513,0.5714285969734192
14514,14514,1.0
14515,14515,0.8571428656578064
14516,14516,1.0
14517,14517,1.0
14518,14518,0.8571428656578064
14519,14519,0.5714285969734192
14520,14520,0.8571428656578064
14521,14521,1.0
14522,14522,1.0
14523,14523,1.0
14524,14524,1.0
14525,14525,1.0
14526,14526,1.0
14527,14527,1.0
14528,14528,1.0
14529,14529,1.0
14530,14530,1.0
14531,14531,1.0
14532,14532,1.0
14533,14533,1.0
14534,14534,1.0
14535,14535,1.0
14536,14536,1.0
14537,14537,1.0
14538,14538,0.8571428656578064
14539,14539,1.0
14540,14540,1.0
14541,14541,1.0
14542,14542,1.0
14543,14543,1.0
14544,14544,1.0
14545,14545,1.0
14546,14546,1.0
14547,14547,1.0
14548,14548,1.0
14549,14549,1.0
14550,14550,1.0
14551,14551,1.0
14552,14552,0.2857142984867096
14553,14553,1.0
14554,14554,1.0
14555,14555,0.8571428656578064
14556,14556,1.0
14557,14557,1.0
14558,14558,1.0
14559,14559,1.0
14560,14560,1.0
14561,14561,0.8571428656578064
14562,14562,0.8571428656578064
14563,14563,1.0
14564,14564,0.7142857313156128
14565,14565,0.5714285969734192
14566,14566,1.0
14567,14567,0.7142857313156128
14568,14568,1.0
14569,14569,1.0
14570,14570,1.0
14571,14571,1.0
14572,14572,0.5714285969734192
14573,14573,0.7142857313156128
14574,14574,0.7142857313156128
14575,14575,1.0
14576,14576,1.0
14577,14577,1.0
14578,14578,1.0
14579,14579,1.0
14580,14580,1.0
14581,14581,1.0
14582,14582,1.0
14583,14583,1.0
14584,14584,1.0
14585,14585,0.8571428656578064
14586,14586,1.0
14587,14587,0.8571428656578064
14588,14588,1.0
14589,14589,1.0
14590,14590,0.8571428656578064
14591,14591,1.0
14592,14592,0.8571428656578064
14593,14593,1.0
14594,14594,1.0
14595,14595,0.5714285969734192
14596,14596,0.7142857313156128
14597,14597,0.8571428656578064
14598,14598,1.0
14599,14599,0.7142857313156128
14600,14600,0.8571428656578064
14601,14601,1.0
14602,14602,1.0
14603,14603,1.0
14604,14604,1.0
14605,14605,1.0
14606,14606,1.0
14607,14607,1.0
14608,14608,1.0
14609,14609,1.0
14610,14610,0.8571428656578064
14611,14611,0.5714285969734192
14612,14612,1.0
14613,14613,1.0
14614,14614,1.0
14615,14615,1.0
14616,14616,1.0
14617,14617,0.8571428656578064
14618,14618,1.0
14619,14619,1.0
14620,14620,1.0
14621,14621,1.0
14622,14622,0.5714285969734192
14623,14623,0.4285714328289032
14624,14624,1.0
14625,14625,0.8571428656578064
14626,14626,1.0
14627,14627,1.0
14628,14628,0.8571428656578064
14629,14629,1.0
14630,14630,0.8571428656578064
14631,14631,1.0
14632,14632,1.0
14633,14633,1.0
14634,14634,0.1428571492433548
14635,14635,1.0
14636,14636,1.0
14637,14637,1.0
14638,14638,1.0
14639,14639,1.0
14640,14640,1.0
14641,14641,1.0
14642,14642,1.0
14643,14643,1.0
14644,14644,1.0
14645,14645,1.0
14646,14646,1.0
14647,14647,1.0
14648,14648,0.8571428656578064
14649,14649,1.0
14650,14650,1.0
14651,14651,1.0
14652,14652,1.0
14653,14653,1.0
14654,14654,1.0
14655,14655,1.0
14656,14656,1.0
14657,14657,1.0
14658,14658,1.0
14659,14659,1.0
14660,14660,1.0
14661,14661,1.0
14662,14662,0.8571428656578064
14663,14663,0.4285714328289032
14664,14664,1.0
14665,14665,0.8571428656578064
14666,14666,1.0
14667,14667,1.0
14668,14668,1.0
14669,14669,1.0
14670,14670,1.0
14671,14671,0.8571428656578064
14672,14672,0.8571428656578064
14673,14673,1.0
14674,14674,0.7142857313156128
14675,14675,1.0
14676,14676,0.5714285969734192
14677,14677,0.7142857313156128
14678,14678,1.0
14679,14679,1.0
14680,14680,1.0
14681,14681,1.0
14682,14682,0.5714285969734192
14683,14683,0.7142857313156128
14684,14684,0.7142857313156128
14685,14685,0.8571428656578064
14686,14686,0.0
14687,14687,1.0
14688,14688,1.0
14689,14689,1.0
14690,14690,1.0
14691,14691,1.0
14692,14692,1.0
14693,14693,1.0
14694,14694,1.0
14695,14695,0.8571428656578064
14696,14696,1.0
14697,14697,0.8571428656578064
14698,14698,1.0
14699,14699,1.0
14700,14700,1.0
14701,14701,1.0
14702,14702,0.8571428656578064
14703,14703,0.8571428656578064
14704,14704,1.0
14705,14705,1.0
14706,14706,0.7142857313156128
14707,14707,0.8571428656578064
14708,14708,1.0
14709,14709,1.0
14710,14710,0.8571428656578064
14711,14711,1.0
14712,14712,1.0
14713,14713,1.0
14714,14714,0.8571428656578064
14715,14715,0.8571428656578064
14716,14716,1.0
14717,14717,0.5714285969734192
14718,14718,1.0
14719,14719,1.0
14720,14720,1.0
14721,14721,0.7142857313156128
14722,14722,1.0
14723,14723,1.0
14724,14724,1.0
14725,14725,1.0
14726,14726,1.0
14727,14727,0.8571428656578064
14728,14728,1.0
14729,14729,0.7142857313156128
14730,14730,0.8571428656578064
14731,14731,1.0
14732,14732,1.0
14733,14733,0.5714285969734192
14734,14734,1.0
14735,14735,0.8571428656578064
14736,14736,1.0
14737,14737,1.0
14738,14738,0.8571428656578064
14739,14739,1.0
14740,14740,0.8571428656578064
14741,14741,1.0
14742,14742,1.0
14743,14743,1.0
14744,14744,1.0
14745,14745,1.0
14746,14746,1.0
14747,14747,1.0
14748,14748,1.0
14749,14749,1.0
14750,14750,1.0
14751,14751,1.0
14752,14752,1.0
14753,14753,1.0
14754,14754,1.0
14755,14755,1.0
14756,14756,1.0
14757,14757,1.0
14758,14758,1.0
14759,14759,1.0
14760,14760,1.0
14761,14761,1.0
14762,14762,1.0
14763,14763,1.0
14764,14764,1.0
14765,14765,1.0
14766,14766,1.0
14767,14767,1.0
14768,14768,1.0
14769,14769,1.0
14770,14770,1.0
14771,14771,1.0
14772,14772,1.0
14773,14773,1.0
14774,14774,1.0
14775,14775,0.8571428656578064
14776,14776,1.0
14777,14777,1.0
14778,14778,1.0
14779,14779,1.0
14780,14780,1.0
14781,14781,0.8571428656578064
14782,14782,0.8571428656578064
14783,14783,1.0
14784,14784,0.7142857313156128
14785,14785,1.0
14786,14786,1.0
14787,14787,0.8571428656578064
14788,14788,1.0
14789,14789,1.0
14790,14790,1.0
14791,14791,1.0
14792,14792,0.8571428656578064
14793,14793,0.7142857313156128
14794,14794,0.8571428656578064
14795,14795,1.0
14796,14796,1.0
14797,14797,1.0
14798,14798,1.0
14799,14799,0.8571428656578064
14800,14800,1.0
14801,14801,1.0
14802,14802,1.0
14803,14803,1.0
14804,14804,1.0
14805,14805,0.8571428656578064
14806,14806,1.0
14807,14807,0.8571428656578064
14808,14808,1.0
14809,14809,1.0
14810,14810,1.0
14811,14811,1.0
14812,14812,0.8571428656578064
14813,14813,1.0
14814,14814,1.0
14815,14815,1.0
14816,14816,0.8571428656578064
14817,14817,0.8571428656578064
14818,14818,1.0
14819,14819,1.0
14820,14820,0.8571428656578064
14821,14821,0.5714285969734192
14822,14822,1.0
14823,14823,1.0
14824,14824,0.1428571492433548
14825,14825,0.8571428656578064
14826,14826,1.0
14827,14827,1.0
14828,14828,1.0
14829,14829,1.0
14830,14830,0.8571428656578064
14831,14831,1.0
14832,14832,1.0
14833,14833,0.1428571492433548
14834,14834,1.0
14835,14835,1.0
14836,14836,1.0
14837,14837,0.8571428656578064
14838,14838,1.0
14839,14839,1.0
14840,14840,1.0
14841,14841,0.8571428656578064
14842,14842,0.8571428656578064
14843,14843,0.5714285969734192
14844,14844,1.0
14845,14845,0.0
14846,14846,1.0
14847,14847,0.5714285969734192
14848,14848,0.8571428656578064
14849,14849,0.5714285969734192
14850,14850,1.0
14851,14851,1.0
14852,14852,1.0
14853,14853,1.0
14854,14854,1.0
14855,14855,1.0
14856,14856,1.0
14857,14857,1.0
14858,14858,1.0
14859,14859,1.0
14860,14860,1.0
14861,14861,1.0
14862,14862,1.0
14863,14863,1.0
14864,14864,1.0
14865,14865,1.0
14866,14866,1.0
14867,14867,1.0
14868,14868,0.8571428656578064
14869,14869,1.0
14870,14870,1.0
14871,14871,1.0
14872,14872,1.0
14873,14873,1.0
14874,14874,1.0
14875,14875,1.0
14876,14876,1.0
14877,14877,1.0
14878,14878,1.0
14879,14879,1.0
14880,14880,1.0
14881,14881,0.8571428656578064
14882,14882,1.0
14883,14883,0.7142857313156128
14884,14884,1.0
14885,14885,0.8571428656578064
14886,14886,1.0
14887,14887,1.0
14888,14888,1.0
14889,14889,1.0
14890,14890,1.0
14891,14891,0.8571428656578064
14892,14892,0.5714285969734192
14893,14893,1.0
14894,14894,0.7142857313156128
14895,14895,1.0
14896,14896,1.0
14897,14897,0.7142857313156128
14898,14898,1.0
14899,14899,1.0
14900,14900,1.0
14901,14901,1.0
14902,14902,1.0
14903,14903,0.7142857313156128
14904,14904,0.8571428656578064
14905,14905,1.0
14906,14906,1.0
14907,14907,1.0
14908,14908,1.0
14909,14909,1.0
14910,14910,0.7142857313156128
14911,14911,1.0
14912,14912,1.0
14913,14913,1.0
14914,14914,1.0
14915,14915,0.8571428656578064
14916,14916,1.0
14917,14917,0.8571428656578064
14918,14918,1.0
14919,14919,1.0
14920,14920,1.0
14921,14921,1.0
14922,14922,0.4285714328289032
14923,14923,0.8571428656578064
14924,14924,1.0
14925,14925,0.5714285969734192
14926,14926,0.7142857313156128
14927,14927,0.8571428656578064
14928,14928,1.0
14929,14929,1.0
14930,14930,0.8571428656578064
14931,14931,0.5714285969734192
14932,14932,1.0
14933,14933,1.0
14934,14934,1.0
14935,14935,0.8571428656578064
14936,14936,0.7142857313156128
14937,14937,1.0
14938,14938,1.0
14939,14939,0.8571428656578064
14940,14940,0.8571428656578064
14941,14941,1.0
14942,14942,1.0
14943,14943,0.8571428656578064
14944,14944,0.2857142984867096
14945,14945,1.0
14946,14946,1.0
14947,14947,0.5714285969734192
14948,14948,0.8571428656578064
14949,14949,1.0
14950,14950,1.0
14951,14951,1.0
14952,14952,1.0
14953,14953,0.7142857313156128
14954,14954,1.0
14955,14955,0.8571428656578064
14956,14956,1.0
14957,14957,1.0
14958,14958,0.8571428656578064
14959,14959,1.0
14960,14960,0.8571428656578064
14961,14961,1.0
14962,14962,1.0
14963,14963,1.0
14964,14964,0.1428571492433548
14965,14965,1.0
14966,14966,1.0
14967,14967,1.0
14968,14968,1.0
14969,14969,1.0
14970,14970,1.0
14971,14971,1.0
14972,14972,1.0
14973,14973,1.0
14974,14974,1.0
14975,14975,1.0
14976,14976,1.0
14977,14977,1.0
14978,14978,0.8571428656578064
14979,14979,1.0
14980,14980,1.0
14981,14981,1.0
14982,14982,1.0
14983,14983,1.0
14984,14984,1.0
14985,14985,1.0
14986,14986,1.0
14987,14987,1.0
14988,14988,1.0
14989,14989,1.0
14990,14990,1.0
14991,14991,1.0
14992,14992,1.0
14993,14993,1.0
14994,14994,1.0
14995,14995,0.8571428656578064
14996,14996,1.0
14997,14997,1.0
14998,14998,1.0
14999,14999,1.0
15000,15000,1.0
15001,15001,0.5714285969734192
15002,15002,0.8571428656578064
15003,15003,1.0
15004,15004,0.7142857313156128
15005,15005,1.0
15006,15006,1.0
15007,15007,0.8571428656578064
15008,15008,1.0
15009,15009,1.0
15010,15010,1.0
15011,15011,0.2857142984867096
15012,15012,0.8571428656578064
15013,15013,0.7142857313156128
15014,15014,0.5714285969734192
15015,15015,1.0
15016,15016,1.0
15017,15017,1.0
15018,15018,1.0
15019,15019,1.0
15020,15020,1.0
15021,15021,0.7142857313156128
15022,15022,1.0
15023,15023,1.0
15024,15024,1.0
15025,15025,0.8571428656578064
15026,15026,0.1428571492433548
15027,15027,0.8571428656578064
15028,15028,1.0
15029,15029,1.0
15030,15030,0.2857142984867096
15031,15031,1.0
15032,15032,0.7142857313156128
15033,15033,1.0
15034,15034,1.0
15035,15035,1.0
15036,15036,1.0
15037,15037,0.8571428656578064
15038,15038,1.0
15039,15039,0.8571428656578064
15040,15040,1.0
15041,15041,1.0
15042,15042,1.0
15043,15043,1.0
15044,15044,1.0
15045,15045,1.0
15046,15046,1.0
15047,15047,1.0
15048,15048,1.0
15049,15049,1.0
15050,15050,0.8571428656578064
15051,15051,0.7142857313156128
15052,15052,1.0
15053,15053,1.0
15054,15054,1.0
15055,15055,1.0
15056,15056,0.1428571492433548
15057,15057,0.8571428656578064
15058,15058,0.8571428656578064
15059,15059,1.0
15060,15060,0.5714285969734192
15061,15061,0.7142857313156128
15062,15062,0.8571428656578064
15063,15063,0.5714285969734192
15064,15064,1.0
15065,15065,1.0
15066,15066,1.0
15067,15067,0.7142857313156128
15068,15068,0.8571428656578064
15069,15069,1.0
15070,15070,0.8571428656578064
15071,15071,1.0
15072,15072,1.0
15073,15073,1.0
15074,15074,1.0
15075,15075,1.0
15076,15076,1.0
15077,15077,1.0
15078,15078,1.0
15079,15079,1.0
15080,15080,1.0
15081,15081,1.0
15082,15082,1.0
15083,15083,1.0
15084,15084,1.0
15085,15085,1.0
15086,15086,1.0
15087,15087,1.0
15088,15088,0.8571428656578064
15089,15089,1.0
15090,15090,1.0
15091,15091,1.0
15092,15092,1.0
15093,15093,1.0
15094,15094,1.0
15095,15095,1.0
15096,15096,1.0
15097,15097,1.0
15098,15098,1.0
15099,15099,1.0
15100,15100,1.0
15101,15101,0.8571428656578064
15102,15102,1.0
15103,15103,0.4285714328289032
15104,15104,1.0
15105,15105,0.8571428656578064
15106,15106,1.0
15107,15107,1.0
15108,15108,1.0
15109,15109,1.0
15110,15110,1.0
15111,15111,0.8571428656578064
15112,15112,0.8571428656578064
15113,15113,0.5714285969734192
15114,15114,0.7142857313156128
15115,15115,0.5714285969734192
15116,15116,1.0
15117,15117,0.8571428656578064
15118,15118,1.0
15119,15119,1.0
15120,15120,1.0
15121,15121,1.0
15122,15122,0.8571428656578064
15123,15123,0.7142857313156128
15124,15124,0.8571428656578064
15125,15125,1.0
15126,15126,0.8571428656578064
15127,15127,1.0
15128,15128,1.0
15129,15129,1.0
15130,15130,1.0
15131,15131,1.0
15132,15132,1.0
15133,15133,1.0
15134,15134,1.0
15135,15135,0.8571428656578064
15136,15136,1.0
15137,15137,0.8571428656578064
15138,15138,0.8571428656578064
15139,15139,1.0
15140,15140,1.0
15141,15141,0.8571428656578064
15142,15142,0.8571428656578064
15143,15143,1.0
15144,15144,0.0
15145,15145,1.0
15146,15146,0.7142857313156128
15147,15147,0.8571428656578064
15148,15148,1.0
15149,15149,0.7142857313156128
15150,15150,0.8571428656578064
15151,15151,1.0
15152,15152,1.0
15153,15153,1.0
15154,15154,1.0
15155,15155,1.0
15156,15156,0.7142857313156128
15157,15157,1.0
15158,15158,1.0
15159,15159,1.0
15160,15160,0.8571428656578064
15161,15161,1.0
15162,15162,0.8571428656578064
15163,15163,1.0
15164,15164,1.0
15165,15165,1.0
15166,15166,1.0
15167,15167,0.8571428656578064
15168,15168,1.0
15169,15169,0.7142857313156128
15170,15170,1.0
15171,15171,1.0
15172,15172,0.8571428656578064
15173,15173,0.5714285969734192
15174,15174,1.0
15175,15175,0.8571428656578064
15176,15176,1.0
15177,15177,1.0
15178,15178,0.8571428656578064
15179,15179,1.0
15180,15180,1.0
15181,15181,1.0
15182,15182,1.0
15183,15183,1.0
15184,15184,0.1428571492433548
15185,15185,1.0
15186,15186,1.0
15187,15187,1.0
15188,15188,1.0
15189,15189,1.0
15190,15190,1.0
15191,15191,1.0
15192,15192,1.0
15193,15193,1.0
15194,15194,1.0
15195,15195,1.0
15196,15196,1.0
15197,15197,1.0
15198,15198,0.8571428656578064
15199,15199,1.0
15200,15200,1.0
15201,15201,1.0
15202,15202,1.0
15203,15203,1.0
15204,15204,1.0
15205,15205,1.0
15206,15206,1.0
15207,15207,1.0
15208,15208,1.0
15209,15209,1.0
15210,15210,1.0
15211,15211,1.0
15212,15212,1.0
15213,15213,1.0
15214,15214,1.0
15215,15215,0.8571428656578064
15216,15216,1.0
15217,15217,1.0
15218,15218,1.0
15219,15219,1.0
15220,15220,1.0
15221,15221,0.8571428656578064
15222,15222,0.8571428656578064
15223,15223,1.0
15224,15224,0.7142857313156128
15225,15225,1.0
15226,15226,1.0
15227,15227,0.8571428656578064
15228,15228,1.0
15229,15229,0.1428571492433548
15230,15230,1.0
15231,15231,1.0
15232,15232,0.8571428656578064
15233,15233,0.7142857313156128
15234,15234,0.8571428656578064
15235,15235,1.0
15236,15236,1.0
15237,15237,0.7142857313156128
15238,15238,1.0
15239,15239,1.0
15240,15240,1.0
15241,15241,1.0
15242,15242,1.0
15243,15243,1.0
15244,15244,1.0
15245,15245,0.8571428656578064
15246,15246,1.0
15247,15247,0.8571428656578064
15248,15248,0.0
15249,15249,1.0
15250,15250,1.0
15251,15251,0.8571428656578064
15252,15252,0.8571428656578064
15253,15253,0.8571428656578064
15254,15254,0.8571428656578064
15255,15255,1.0
15256,15256,0.8571428656578064
15257,15257,0.8571428656578064
15258,15258,1.0
15259,15259,0.8571428656578064
15260,15260,1.0
15261,15261,1.0
15262,15262,1.0
15263,15263,1.0
15264,15264,1.0
15265,15265,1.0
15266,15266,1.0
15267,15267,1.0
15268,15268,1.0
15269,15269,1.0
15270,15270,0.8571428656578064
15271,15271,1.0
15272,15272,1.0
15273,15273,1.0
15274,15274,1.0
15275,15275,1.0
15276,15276,0.8571428656578064
15277,15277,0.5714285969734192
15278,15278,1.0
15279,15279,1.0
15280,15280,0.8571428656578064
15281,15281,1.0
15282,15282,0.8571428656578064
15283,15283,0.5714285969734192
15284,15284,1.0
15285,15285,0.8571428656578064
15286,15286,1.0
15287,15287,1.0
15288,15288,0.7142857313156128
15289,15289,1.0
15290,15290,0.5714285969734192
15291,15291,1.0
15292,15292,0.0
15293,15293,1.0
15294,15294,1.0
15295,15295,1.0
15296,15296,1.0
15297,15297,1.0
15298,15298,1.0
15299,15299,1.0
15300,15300,1.0
15301,15301,1.0
15302,15302,1.0
15303,15303,1.0
15304,15304,1.0
15305,15305,1.0
15306,15306,1.0
15307,15307,1.0
15308,15308,0.8571428656578064
15309,15309,1.0
15310,15310,1.0
15311,15311,1.0
15312,15312,1.0
15313,15313,1.0
15314,15314,0.0
15315,15315,1.0
15316,15316,1.0
15317,15317,1.0
15318,15318,1.0
15319,15319,1.0
15320,15320,1.0
15321,15321,0.8571428656578064
15322,15322,1.0
15323,15323,1.0
15324,15324,0.4285714328289032
15325,15325,0.8571428656578064
15326,15326,1.0
15327,15327,1.0
15328,15328,1.0
15329,15329,0.4285714328289032
15330,15330,1.0
15331,15331,0.8571428656578064
15332,15332,0.8571428656578064
15333,15333,1.0
15334,15334,0.7142857313156128
15335,15335,1.0
15336,15336,1.0
15337,15337,0.8571428656578064
15338,15338,1.0
15339,15339,1.0
15340,15340,0.4285714328289032
15341,15341,1.0
15342,15342,0.8571428656578064
15343,15343,0.7142857313156128
15344,15344,0.7142857313156128
15345,15345,1.0
15346,15346,1.0
15347,15347,1.0
15348,15348,1.0
15349,15349,1.0
15350,15350,0.7142857313156128
15351,15351,1.0
15352,15352,0.5714285969734192
15353,15353,1.0
15354,15354,1.0
15355,15355,0.8571428656578064
15356,15356,0.8571428656578064
15357,15357,0.8571428656578064
15358,15358,1.0
15359,15359,1.0
15360,15360,0.0
15361,15361,1.0
15362,15362,0.8571428656578064
15363,15363,0.8571428656578064
15364,15364,1.0
15365,15365,1.0
15366,15366,1.0
15367,15367,0.8571428656578064
15368,15368,0.8571428656578064
15369,15369,1.0
15370,15370,1.0
15371,15371,1.0
15372,15372,1.0
15373,15373,1.0
15374,15374,1.0
15375,15375,1.0
15376,15376,1.0
15377,15377,1.0
15378,15378,1.0
15379,15379,1.0
15380,15380,0.8571428656578064
15381,15381,1.0
15382,15382,1.0
15383,15383,1.0
15384,15384,1.0
15385,15385,0.7142857313156128
15386,15386,1.0
15387,15387,1.0
15388,15388,0.4285714328289032
15389,15389,1.0
15390,15390,0.8571428656578064
15391,15391,1.0
15392,15392,0.8571428656578064
15393,15393,0.5714285969734192
15394,15394,1.0
15395,15395,0.8571428656578064
15396,15396,1.0
15397,15397,1.0
15398,15398,0.8571428656578064
15399,15399,1.0
15400,15400,0.1428571492433548
15401,15401,1.0
15402,15402,1.0
15403,15403,1.0
15404,15404,1.0
15405,15405,1.0
15406,15406,1.0
15407,15407,1.0
15408,15408,1.0
15409,15409,1.0
15410,15410,1.0
15411,15411,1.0
15412,15412,1.0
15413,15413,1.0
15414,15414,1.0
15415,15415,1.0
15416,15416,1.0
15417,15417,1.0
15418,15418,0.8571428656578064
15419,15419,1.0
15420,15420,1.0
15421,15421,1.0
15422,15422,1.0
15423,15423,1.0
15424,15424,1.0
15425,15425,1.0
15426,15426,1.0
15427,15427,1.0
15428,15428,1.0
15429,15429,1.0
15430,15430,1.0
15431,15431,1.0
15432,15432,1.0
15433,15433,1.0
15434,15434,1.0
15435,15435,0.8571428656578064
15436,15436,1.0
15437,15437,1.0
15438,15438,1.0
15439,15439,1.0
15440,15440,1.0
15441,15441,0.8571428656578064
15442,15442,0.8571428656578064
15443,15443,1.0
15444,15444,0.7142857313156128
15445,15445,1.0
15446,15446,1.0
15447,15447,0.5714285969734192
15448,15448,0.4285714328289032
15449,15449,1.0
15450,15450,0.5714285969734192
15451,15451,1.0
15452,15452,0.8571428656578064
15453,15453,0.7142857313156128
15454,15454,0.8571428656578064
15455,15455,1.0
15456,15456,1.0
15457,15457,1.0
15458,15458,1.0
15459,15459,1.0
15460,15460,1.0
15461,15461,1.0
15462,15462,0.5714285969734192
15463,15463,1.0
15464,15464,1.0
15465,15465,0.8571428656578064
15466,15466,1.0
15467,15467,0.8571428656578064
15468,15468,1.0
15469,15469,1.0
15470,15470,1.0
15471,15471,1.0
15472,15472,0.8571428656578064
15473,15473,1.0
15474,15474,0.5714285969734192
15475,15475,1.0
15476,15476,1.0
15477,15477,0.7142857313156128
15478,15478,1.0
15479,15479,0.4285714328289032
15480,15480,0.8571428656578064
15481,15481,1.0
15482,15482,1.0
15483,15483,1.0
15484,15484,1.0
15485,15485,1.0
15486,15486,0.7142857313156128
15487,15487,1.0
15488,15488,1.0
15489,15489,1.0
15490,15490,0.8571428656578064
15491,15491,1.0
15492,15492,1.0
15493,15493,1.0
15494,15494,0.8571428656578064
15495,15495,1.0
15496,15496,0.8571428656578064
15497,15497,0.8571428656578064
15498,15498,1.0
15499,15499,1.0
15500,15500,0.8571428656578064
15501,15501,1.0
15502,15502,0.8571428656578064
15503,15503,0.5714285969734192
15504,15504,0.7142857313156128
15505,15505,0.0
15506,15506,1.0
15507,15507,1.0
15508,15508,0.8571428656578064
15509,15509,1.0
15510,15510,0.8571428656578064
15511,15511,1.0
15512,15512,1.0
15513,15513,1.0
15514,15514,1.0
15515,15515,1.0
15516,15516,1.0
15517,15517,1.0
15518,15518,1.0
15519,15519,1.0
15520,15520,1.0
15521,15521,1.0
15522,15522,1.0
15523,15523,1.0
15524,15524,1.0
15525,15525,1.0
15526,15526,1.0
15527,15527,1.0
15528,15528,0.8571428656578064
15529,15529,1.0
15530,15530,1.0
15531,15531,1.0
15532,15532,1.0
15533,15533,1.0
15534,15534,1.0
15535,15535,1.0
15536,15536,1.0
15537,15537,1.0
15538,15538,1.0
15539,15539,1.0
15540,15540,1.0
15541,15541,1.0
15542,15542,1.0
15543,15543,1.0
15544,15544,1.0
15545,15545,0.7142857313156128
15546,15546,1.0
15547,15547,1.0
15548,15548,1.0
15549,15549,1.0
15550,15550,1.0
15551,15551,0.8571428656578064
15552,15552,0.8571428656578064
15553,15553,1.0
15554,15554,0.7142857313156128
15555,15555,0.5714285969734192
15556,15556,1.0
15557,15557,0.8571428656578064
15558,15558,1.0
15559,15559,0.5714285969734192
15560,15560,1.0
15561,15561,1.0
15562,15562,0.8571428656578064
15563,15563,0.7142857313156128
15564,15564,0.8571428656578064
15565,15565,1.0
15566,15566,1.0
15567,15567,1.0
15568,15568,1.0
15569,15569,1.0
15570,15570,1.0
15571,15571,1.0
15572,15572,1.0
15573,15573,0.7142857313156128
15574,15574,1.0
15575,15575,0.8571428656578064
15576,15576,1.0
15577,15577,0.8571428656578064
15578,15578,1.0
15579,15579,1.0
15580,15580,1.0
15581,15581,0.8571428656578064
15582,15582,0.8571428656578064
15583,15583,1.0
15584,15584,1.0
15585,15585,1.0
15586,15586,0.7142857313156128
15587,15587,0.8571428656578064
15588,15588,1.0
15589,15589,0.8571428656578064
15590,15590,1.0
15591,15591,1.0
15592,15592,1.0
15593,15593,1.0
15594,15594,1.0
15595,15595,1.0
15596,15596,0.7142857313156128
15597,15597,1.0
15598,15598,1.0
15599,15599,0.5714285969734192
15600,15600,0.8571428656578064
15601,15601,1.0
15602,15602,1.0
15603,15603,1.0
15604,15604,1.0
15605,15605,1.0
15606,15606,1.0
15607,15607,1.0
15608,15608,1.0
15609,15609,1.0
15610,15610,1.0
15611,15611,0.7142857313156128
15612,15612,0.8571428656578064
15613,15613,0.7142857313156128
15614,15614,1.0
15615,15615,0.8571428656578064
15616,15616,1.0
15617,15617,1.0
15618,15618,0.8571428656578064
15619,15619,1.0
15620,15620,0.8571428656578064
15621,15621,1.0
15622,15622,1.0
15623,15623,1.0
15624,15624,0.1428571492433548
15625,15625,1.0
15626,15626,1.0
15627,15627,1.0
15628,15628,1.0
15629,15629,1.0
15630,15630,1.0
15631,15631,1.0
15632,15632,1.0
15633,15633,1.0
15634,15634,1.0
15635,15635,1.0
15636,15636,1.0
15637,15637,1.0
15638,15638,0.8571428656578064
15639,15639,1.0
15640,15640,1.0
15641,15641,1.0
15642,15642,1.0
15643,15643,1.0
15644,15644,1.0
15645,15645,1.0
15646,15646,1.0
15647,15647,1.0
15648,15648,1.0
15649,15649,1.0
15650,15650,1.0
15651,15651,1.0
15652,15652,0.8571428656578064
15653,15653,0.4285714328289032
15654,15654,1.0
15655,15655,0.8571428656578064
15656,15656,1.0
15657,15657,1.0
15658,15658,1.0
15659,15659,1.0
15660,15660,1.0
15661,15661,0.8571428656578064
15662,15662,0.8571428656578064
15663,15663,1.0
15664,15664,0.2857142984867096
15665,15665,1.0
15666,15666,1.0
15667,15667,0.8571428656578064
15668,15668,1.0
15669,15669,1.0
15670,15670,1.0
15671,15671,1.0
15672,15672,0.8571428656578064
15673,15673,0.4285714328289032
15674,15674,0.8571428656578064
15675,15675,1.0
15676,15676,1.0
15677,15677,1.0
15678,15678,1.0
15679,15679,1.0
15680,15680,1.0
15681,15681,1.0
15682,15682,1.0
15683,15683,1.0
15684,15684,1.0
15685,15685,0.8571428656578064
15686,15686,1.0
15687,15687,0.8571428656578064
15688,15688,1.0
15689,15689,1.0
15690,15690,1.0
15691,15691,1.0
15692,15692,0.8571428656578064
15693,15693,1.0
15694,15694,0.5714285969734192
15695,15695,0.8571428656578064
15696,15696,0.7142857313156128
15697,15697,0.8571428656578064
15698,15698,1.0
15699,15699,1.0
15700,15700,1.0
15701,15701,1.0
15702,15702,1.0
15703,15703,1.0
15704,15704,1.0
15705,15705,1.0
15706,15706,0.7142857313156128
15707,15707,1.0
15708,15708,1.0
15709,15709,1.0
15710,15710,0.8571428656578064
15711,15711,1.0
15712,15712,0.4285714328289032
15713,15713,1.0
15714,15714,1.0
15715,15715,0.2857142984867096
15716,15716,1.0
15717,15717,0.8571428656578064
15718,15718,1.0
15719,15719,1.0
15720,15720,1.0
15721,15721,1.0
15722,15722,0.7142857313156128
15723,15723,0.5714285969734192
15724,15724,0.7142857313156128
15725,15725,0.8571428656578064
15726,15726,1.0
15727,15727,1.0
15728,15728,0.8571428656578064
15729,15729,1.0
15730,15730,0.8571428656578064
15731,15731,1.0
15732,15732,1.0
15733,15733,1.0
15734,15734,1.0
15735,15735,1.0
15736,15736,1.0
15737,15737,1.0
15738,15738,1.0
15739,15739,1.0
15740,15740,1.0
15741,15741,1.0
15742,15742,1.0
15743,15743,1.0
15744,15744,1.0
15745,15745,1.0
15746,15746,1.0
15747,15747,1.0
15748,15748,0.8571428656578064
15749,15749,1.0
15750,15750,1.0
15751,15751,1.0
15752,15752,1.0
15753,15753,1.0
15754,15754,1.0
15755,15755,1.0
15756,15756,1.0
15757,15757,1.0
15758,15758,1.0
15759,15759,1.0
15760,15760,1.0
15761,15761,0.8571428656578064
15762,15762,1.0
15763,15763,1.0
15764,15764,1.0
15765,15765,0.8571428656578064
15766,15766,1.0
15767,15767,1.0
15768,15768,1.0
15769,15769,1.0
15770,15770,1.0
15771,15771,0.8571428656578064
15772,15772,0.2857142984867096
15773,15773,1.0
15774,15774,0.7142857313156128
15775,15775,1.0
15776,15776,1.0
15777,15777,0.8571428656578064
15778,15778,1.0
15779,15779,1.0
15780,15780,1.0
15781,15781,1.0
15782,15782,0.7142857313156128
15783,15783,0.7142857313156128
15784,15784,0.8571428656578064
15785,15785,1.0
15786,15786,1.0
15787,15787,1.0
15788,15788,1.0
15789,15789,1.0
15790,15790,0.8571428656578064
15791,15791,1.0
15792,15792,1.0
15793,15793,1.0
15794,15794,1.0
15795,15795,0.8571428656578064
15796,15796,1.0
15797,15797,0.7142857313156128
15798,15798,1.0
15799,15799,1.0
15800,15800,1.0
15801,15801,1.0
15802,15802,0.5714285969734192
15803,15803,0.8571428656578064
15804,15804,1.0
15805,15805,1.0
15806,15806,0.7142857313156128
15807,15807,0.8571428656578064
15808,15808,1.0
15809,15809,0.7142857313156128
15810,15810,0.8571428656578064
15811,15811,1.0
15812,15812,1.0
15813,15813,1.0
15814,15814,1.0
15815,15815,0.5714285969734192
15816,15816,1.0
15817,15817,0.7142857313156128
15818,15818,1.0
15819,15819,1.0
15820,15820,0.8571428656578064
15821,15821,1.0
15822,15822,1.0
15823,15823,0.8571428656578064
15824,15824,1.0
15825,15825,1.0
15826,15826,1.0
15827,15827,1.0
15828,15828,1.0
15829,15829,0.7142857313156128
15830,15830,0.8571428656578064
15831,15831,0.7142857313156128
15832,15832,0.5714285969734192
15833,15833,0.7142857313156128
15834,15834,1.0
15835,15835,0.8571428656578064
15836,15836,1.0
15837,15837,1.0
15838,15838,0.8571428656578064
15839,15839,0.8571428656578064
15840,15840,0.8571428656578064
15841,15841,1.0
15842,15842,1.0
15843,15843,1.0
15844,15844,1.0
15845,15845,1.0
15846,15846,1.0
15847,15847,1.0
15848,15848,1.0
15849,15849,1.0
15850,15850,1.0
15851,15851,1.0
15852,15852,1.0
15853,15853,1.0
15854,15854,1.0
15855,15855,1.0
15856,15856,1.0
15857,15857,1.0
15858,15858,0.8571428656578064
15859,15859,1.0
15860,15860,1.0
15861,15861,1.0
15862,15862,1.0
15863,15863,1.0
15864,15864,1.0
15865,15865,1.0
15866,15866,1.0
15867,15867,1.0
15868,15868,1.0
15869,15869,1.0
15870,15870,1.0
15871,15871,0.8571428656578064
15872,15872,1.0
15873,15873,1.0
15874,15874,1.0
15875,15875,0.8571428656578064
15876,15876,1.0
15877,15877,1.0
15878,15878,1.0
15879,15879,1.0
15880,15880,1.0
15881,15881,0.8571428656578064
15882,15882,0.8571428656578064
15883,15883,1.0
15884,15884,0.2857142984867096
15885,15885,1.0
15886,15886,1.0
15887,15887,0.8571428656578064
15888,15888,1.0
15889,15889,1.0
15890,15890,1.0
15891,15891,1.0
15892,15892,0.8571428656578064
15893,15893,0.7142857313156128
15894,15894,1.0
15895,15895,1.0
15896,15896,1.0
15897,15897,1.0
15898,15898,1.0
15899,15899,1.0
15900,15900,1.0
15901,15901,1.0
15902,15902,1.0
15903,15903,1.0
15904,15904,1.0
15905,15905,0.8571428656578064
15906,15906,1.0
15907,15907,0.8571428656578064
15908,15908,1.0
15909,15909,1.0
15910,15910,0.5714285969734192
15911,15911,0.8571428656578064
15912,15912,0.8571428656578064
15913,15913,1.0
15914,15914,0.1428571492433548
15915,15915,1.0
15916,15916,0.7142857313156128
15917,15917,0.7142857313156128
15918,15918,1.0
15919,15919,1.0
15920,15920,1.0
15921,15921,1.0
15922,15922,1.0
15923,15923,1.0
15924,15924,1.0
15925,15925,1.0
15926,15926,1.0
15927,15927,1.0
15928,15928,1.0
15929,15929,1.0
15930,15930,0.8571428656578064
15931,15931,1.0
15932,15932,1.0
15933,15933,1.0
15934,15934,1.0
15935,15935,1.0
15936,15936,1.0
15937,15937,1.0
15938,15938,0.8571428656578064
15939,15939,1.0
15940,15940,1.0
15941,15941,1.0
15942,15942,1.0
15943,15943,1.0
15944,15944,0.7142857313156128
15945,15945,0.2857142984867096
15946,15946,1.0
15947,15947,0.5714285969734192
15948,15948,0.8571428656578064
15949,15949,1.0
15950,15950,0.8571428656578064
15951,15951,1.0
15952,15952,1.0
15953,15953,1.0
15954,15954,1.0
15955,15955,1.0
15956,15956,1.0
15957,15957,1.0
15958,15958,1.0
15959,15959,1.0
15960,15960,1.0
15961,15961,1.0
15962,15962,1.0
15963,15963,1.0
15964,15964,1.0
15965,15965,1.0
15966,15966,1.0
15967,15967,1.0
15968,15968,0.8571428656578064
15969,15969,1.0
15970,15970,1.0
15971,15971,1.0
15972,15972,1.0
15973,15973,1.0
15974,15974,1.0
15975,15975,1.0
15976,15976,1.0
15977,15977,1.0
15978,15978,1.0
15979,15979,1.0
15980,15980,1.0
15981,15981,1.0
15982,15982,0.7142857313156128
15983,15983,1.0
15984,15984,1.0
15985,15985,0.8571428656578064
15986,15986,1.0
15987,15987,1.0
15988,15988,1.0
15989,15989,1.0
15990,15990,1.0
15991,15991,0.8571428656578064
15992,15992,0.8571428656578064
15993,15993,1.0
15994,15994,0.2857142984867096
15995,15995,1.0
15996,15996,1.0
15997,15997,0.7142857313156128
15998,15998,1.0
15999,15999,1.0
16000,16000,1.0
16001,16001,1.0
16002,16002,0.8571428656578064
16003,16003,0.7142857313156128
16004,16004,0.8571428656578064
16005,16005,1.0
16006,16006,1.0
16007,16007,1.0
16008,16008,1.0
16009,16009,1.0
16010,16010,1.0
16011,16011,1.0
16012,16012,0.7142857313156128
16013,16013,1.0
16014,16014,1.0
16015,16015,0.8571428656578064
16016,16016,1.0
16017,16017,0.8571428656578064
16018,16018,1.0
16019,16019,1.0
16020,16020,0.5714285969734192
16021,16021,1.0
16022,16022,0.8571428656578064
16023,16023,1.0
16024,16024,1.0
16025,16025,1.0
16026,16026,1.0
16027,16027,0.8571428656578064
16028,16028,1.0
16029,16029,0.7142857313156128
16030,16030,1.0
16031,16031,1.0
16032,16032,1.0
16033,16033,1.0
16034,16034,0.7142857313156128
16035,16035,1.0
16036,16036,0.7142857313156128
16037,16037,1.0
16038,16038,1.0
16039,16039,1.0
16040,16040,0.8571428656578064
16041,16041,1.0
16042,16042,1.0
16043,16043,1.0
16044,16044,1.0
16045,16045,1.0
16046,16046,0.1428571492433548
16047,16047,0.5714285969734192
16048,16048,1.0
16049,16049,1.0
16050,16050,1.0
16051,16051,1.0
16052,16052,0.5714285969734192
16053,16053,0.8571428656578064
16054,16054,0.7142857313156128
16055,16055,1.0
16056,16056,0.8571428656578064
16057,16057,1.0
16058,16058,0.5714285969734192
16059,16059,1.0
16060,16060,1.0
16061,16061,1.0
16062,16062,1.0
16063,16063,1.0
16064,16064,1.0
16065,16065,1.0
16066,16066,1.0
16067,16067,1.0
16068,16068,1.0
16069,16069,1.0
16070,16070,1.0
16071,16071,1.0
16072,16072,1.0
16073,16073,1.0
16074,16074,1.0
16075,16075,1.0
16076,16076,1.0
16077,16077,1.0
16078,16078,0.8571428656578064
16079,16079,1.0
16080,16080,1.0
16081,16081,1.0
16082,16082,1.0
16083,16083,1.0
16084,16084,0.0
16085,16085,1.0
16086,16086,1.0
16087,16087,1.0
16088,16088,1.0
16089,16089,1.0
16090,16090,1.0
16091,16091,0.4285714328289032
16092,16092,1.0
16093,16093,1.0
16094,16094,1.0
16095,16095,0.7142857313156128
16096,16096,0.4285714328289032
16097,16097,1.0
16098,16098,1.0
16099,16099,1.0
16100,16100,1.0
16101,16101,0.8571428656578064
16102,16102,0.8571428656578064
16103,16103,1.0
16104,16104,0.7142857313156128
16105,16105,1.0
16106,16106,1.0
16107,16107,0.8571428656578064
16108,16108,1.0
16109,16109,1.0
16110,16110,1.0
16111,16111,1.0
16112,16112,0.8571428656578064
16113,16113,0.7142857313156128
16114,16114,0.8571428656578064
16115,16115,1.0
16116,16116,1.0
16117,16117,0.0
16118,16118,1.0
16119,16119,1.0
16120,16120,1.0
16121,16121,1.0
16122,16122,1.0
16123,16123,1.0
16124,16124,1.0
16125,16125,0.8571428656578064
16126,16126,1.0
16127,16127,0.8571428656578064
16128,16128,1.0
16129,16129,1.0
16130,16130,1.0
16131,16131,0.7142857313156128
16132,16132,0.5714285969734192
16133,16133,1.0
16134,16134,0.5714285969734192
16135,16135,1.0
16136,16136,0.7142857313156128
16137,16137,0.8571428656578064
16138,16138,1.0
16139,16139,1.0
16140,16140,1.0
16141,16141,0.5714285969734192
16142,16142,1.0
16143,16143,1.0
16144,16144,0.1428571492433548
16145,16145,1.0
16146,16146,0.7142857313156128
16147,16147,1.0
16148,16148,0.0
16149,16149,1.0
16150,16150,0.8571428656578064
16151,16151,1.0
16152,16152,1.0
16153,16153,1.0
16154,16154,1.0
16155,16155,1.0
16156,16156,1.0
16157,16157,0.8571428656578064
16158,16158,0.2857142984867096
16159,16159,1.0
16160,16160,1.0
16161,16161,1.0
16162,16162,1.0
16163,16163,0.8571428656578064
16164,16164,1.0
16165,16165,0.8571428656578064
16166,16166,0.7142857313156128
16167,16167,0.5714285969734192
16168,16168,1.0
16169,16169,1.0
16170,16170,1.0
16171,16171,1.0
16172,16172,1.0
16173,16173,1.0
16174,16174,0.1428571492433548
16175,16175,1.0
16176,16176,1.0
16177,16177,1.0
16178,16178,1.0
16179,16179,1.0
16180,16180,1.0
16181,16181,1.0
16182,16182,1.0
16183,16183,1.0
16184,16184,1.0
16185,16185,1.0
16186,16186,1.0
16187,16187,1.0
16188,16188,1.0
16189,16189,1.0
16190,16190,1.0
16191,16191,1.0
16192,16192,1.0
16193,16193,1.0
16194,16194,1.0
16195,16195,1.0
16196,16196,1.0
16197,16197,1.0
16198,16198,1.0
16199,16199,1.0
16200,16200,1.0
16201,16201,1.0
16202,16202,1.0
16203,16203,0.4285714328289032
16204,16204,1.0
16205,16205,0.7142857313156128
16206,16206,1.0
16207,16207,1.0
16208,16208,1.0
16209,16209,0.4285714328289032
16210,16210,1.0
16211,16211,0.8571428656578064
16212,16212,0.4285714328289032
16213,16213,1.0
16214,16214,0.7142857313156128
16215,16215,1.0
16216,16216,1.0
16217,16217,0.7142857313156128
16218,16218,1.0
16219,16219,1.0
16220,16220,1.0
16221,16221,1.0
16222,16222,0.8571428656578064
16223,16223,1.0
16224,16224,0.8571428656578064
16225,16225,1.0
16226,16226,1.0
16227,16227,0.8571428656578064
16228,16228,1.0
16229,16229,1.0
16230,16230,0.5714285969734192
16231,16231,1.0
16232,16232,1.0
16233,16233,1.0
16234,16234,1.0
16235,16235,0.8571428656578064
16236,16236,1.0
16237,16237,0.8571428656578064
16238,16238,0.8571428656578064
16239,16239,1.0
16240,16240,1.0
16241,16241,1.0
16242,16242,0.7142857313156128
16243,16243,1.0
16244,16244,1.0
16245,16245,1.0
16246,16246,1.0
16247,16247,0.8571428656578064
16248,16248,1.0
16249,16249,1.0
16250,16250,0.8571428656578064
16251,16251,1.0
16252,16252,1.0
16253,16253,1.0
16254,16254,0.8571428656578064
16255,16255,1.0
16256,16256,1.0
16257,16257,1.0
16258,16258,1.0
16259,16259,1.0
16260,16260,0.5714285969734192
16261,16261,1.0
16262,16262,1.0
16263,16263,1.0
16264,16264,1.0
16265,16265,1.0
16266,16266,1.0
16267,16267,1.0
16268,16268,1.0
16269,16269,1.0
16270,16270,1.0
16271,16271,0.5714285969734192
16272,16272,0.5714285969734192
16273,16273,0.5714285969734192
16274,16274,0.7142857313156128
16275,16275,1.0
16276,16276,0.2857142984867096
16277,16277,1.0
16278,16278,0.8571428656578064
16279,16279,1.0
16280,16280,0.8571428656578064
16281,16281,1.0
16282,16282,1.0
16283,16283,1.0
16284,16284,0.1428571492433548
16285,16285,1.0
16286,16286,1.0
16287,16287,1.0
16288,16288,1.0
16289,16289,1.0
16290,16290,1.0
16291,16291,1.0
16292,16292,1.0
16293,16293,1.0
16294,16294,1.0
16295,16295,1.0
16296,16296,1.0
16297,16297,1.0
16298,16298,0.8571428656578064
16299,16299,1.0
16300,16300,1.0
16301,16301,1.0
16302,16302,1.0
16303,16303,1.0
16304,16304,1.0
16305,16305,1.0
16306,16306,1.0
16307,16307,1.0
16308,16308,1.0
16309,16309,1.0
16310,16310,1.0
16311,16311,1.0
16312,16312,1.0
16313,16313,1.0
16314,16314,0.0
16315,16315,0.8571428656578064
16316,16316,1.0
16317,16317,1.0
16318,16318,1.0
16319,16319,1.0
16320,16320,1.0
16321,16321,0.5714285969734192
16322,16322,0.8571428656578064
16323,16323,1.0
16324,16324,0.7142857313156128
16325,16325,1.0
16326,16326,1.0
16327,16327,0.8571428656578064
16328,16328,1.0
16329,16329,1.0
16330,16330,1.0
16331,16331,1.0
16332,16332,0.8571428656578064
16333,16333,0.7142857313156128
16334,16334,0.8571428656578064
16335,16335,1.0
16336,16336,1.0
16337,16337,1.0
16338,16338,1.0
16339,16339,1.0
16340,16340,0.7142857313156128
16341,16341,1.0
16342,16342,1.0
16343,16343,1.0
16344,16344,1.0
16345,16345,0.8571428656578064
16346,16346,1.0
16347,16347,0.8571428656578064
16348,16348,1.0
16349,16349,1.0
16350,16350,1.0
16351,16351,0.7142857313156128
16352,16352,0.8571428656578064
16353,16353,1.0
16354,16354,1.0
16355,16355,1.0
16356,16356,1.0
16357,16357,0.7142857313156128
16358,16358,1.0
16359,16359,1.0
16360,16360,1.0
16361,16361,0.5714285969734192
16362,16362,1.0
16363,16363,1.0
16364,16364,1.0
16365,16365,0.0
16366,16366,0.7142857313156128
16367,16367,1.0
16368,16368,0.0
16369,16369,1.0
16370,16370,0.8571428656578064
16371,16371,1.0
16372,16372,1.0
16373,16373,0.1428571492433548
16374,16374,0.7142857313156128
16375,16375,1.0
16376,16376,1.0
16377,16377,1.0
16378,16378,1.0
16379,16379,1.0
16380,16380,0.8571428656578064
16381,16381,1.0
16382,16382,0.8571428656578064
16383,16383,0.8571428656578064
16384,16384,0.8571428656578064
16385,16385,0.7142857313156128
16386,16386,0.8571428656578064
16387,16387,1.0
16388,16388,0.8571428656578064
16389,16389,1.0
16390,16390,0.8571428656578064
16391,16391,1.0
16392,16392,1.0
16393,16393,1.0
16394,16394,1.0
16395,16395,1.0
16396,16396,1.0
16397,16397,1.0
16398,16398,1.0
16399,16399,1.0
16400,16400,1.0
16401,16401,1.0
16402,16402,1.0
16403,16403,1.0
16404,16404,1.0
16405,16405,1.0
16406,16406,1.0
16407,16407,0.0
16408,16408,0.8571428656578064
16409,16409,1.0
16410,16410,1.0
16411,16411,1.0
16412,16412,1.0
16413,16413,1.0
16414,16414,1.0
16415,16415,1.0
16416,16416,1.0
16417,16417,1.0
16418,16418,1.0
16419,16419,1.0
16420,16420,1.0
16421,16421,1.0
16422,16422,1.0
16423,16423,1.0
16424,16424,1.0
16425,16425,0.8571428656578064
16426,16426,1.0
16427,16427,1.0
16428,16428,1.0
16429,16429,1.0
16430,16430,1.0
16431,16431,0.8571428656578064
16432,16432,0.8571428656578064
16433,16433,1.0
16434,16434,0.7142857313156128
16435,16435,1.0
16436,16436,1.0
16437,16437,0.7142857313156128
16438,16438,1.0
16439,16439,1.0
16440,16440,1.0
16441,16441,1.0
16442,16442,0.8571428656578064
16443,16443,0.7142857313156128
16444,16444,0.8571428656578064
16445,16445,1.0
16446,16446,1.0
16447,16447,1.0
16448,16448,1.0
16449,16449,1.0
16450,16450,1.0
16451,16451,1.0
16452,16452,1.0
16453,16453,1.0
16454,16454,1.0
16455,16455,0.0
16456,16456,1.0
16457,16457,0.8571428656578064
16458,16458,1.0
16459,16459,1.0
16460,16460,1.0
16461,16461,1.0
16462,16462,0.7142857313156128
16463,16463,1.0
16464,16464,1.0
16465,16465,1.0
16466,16466,1.0
16467,16467,0.8571428656578064
16468,16468,1.0
16469,16469,0.7142857313156128
16470,16470,1.0
16471,16471,0.5714285969734192
16472,16472,1.0
16473,16473,1.0
16474,16474,0.8571428656578064
16475,16475,0.5714285969734192
16476,16476,0.7142857313156128
16477,16477,1.0
16478,16478,1.0
16479,16479,1.0
16480,16480,0.8571428656578064
16481,16481,1.0
16482,16482,1.0
16483,16483,0.1428571492433548
16484,16484,1.0
16485,16485,0.8571428656578064
16486,16486,1.0
16487,16487,1.0
16488,16488,1.0
16489,16489,1.0
16490,16490,0.8571428656578064
16491,16491,1.0
16492,16492,1.0
16493,16493,0.2857142984867096
16494,16494,1.0
16495,16495,1.0
16496,16496,1.0
16497,16497,0.7142857313156128
16498,16498,0.8571428656578064
16499,16499,1.0
16500,16500,1.0
16501,16501,1.0
16502,16502,1.0
16503,16503,1.0
16504,16504,1.0
16505,16505,1.0
16506,16506,1.0
16507,16507,1.0
16508,16508,1.0
16509,16509,1.0
16510,16510,1.0
16511,16511,1.0
16512,16512,1.0
16513,16513,1.0
16514,16514,1.0
16515,16515,1.0
16516,16516,1.0
16517,16517,1.0
16518,16518,0.8571428656578064
16519,16519,1.0
16520,16520,1.0
16521,16521,1.0
16522,16522,1.0
16523,16523,1.0
16524,16524,1.0
16525,16525,1.0
16526,16526,1.0
16527,16527,1.0
16528,16528,1.0
16529,16529,1.0
16530,16530,1.0
16531,16531,1.0
16532,16532,1.0
16533,16533,0.7142857313156128
16534,16534,1.0
16535,16535,0.8571428656578064
16536,16536,1.0
16537,16537,1.0
16538,16538,1.0
16539,16539,1.0
16540,16540,1.0
16541,16541,0.8571428656578064
16542,16542,0.8571428656578064
16543,16543,1.0
16544,16544,0.7142857313156128
16545,16545,1.0
16546,16546,1.0
16547,16547,0.7142857313156128
16548,16548,1.0
16549,16549,1.0
16550,16550,1.0
16551,16551,1.0
16552,16552,0.8571428656578064
16553,16553,0.7142857313156128
16554,16554,0.8571428656578064
16555,16555,1.0
16556,16556,1.0
16557,16557,1.0
16558,16558,1.0
16559,16559,1.0
16560,16560,1.0
16561,16561,1.0
16562,16562,1.0
16563,16563,1.0
16564,16564,0.5714285969734192
16565,16565,0.8571428656578064
16566,16566,1.0
16567,16567,0.8571428656578064
16568,16568,1.0
16569,16569,1.0
16570,16570,1.0
16571,16571,0.5714285969734192
16572,16572,1.0
16573,16573,0.7142857313156128
16574,16574,1.0
16575,16575,1.0
16576,16576,1.0
16577,16577,0.8571428656578064
16578,16578,0.8571428656578064
16579,16579,1.0
16580,16580,1.0
16581,16581,1.0
16582,16582,1.0
16583,16583,1.0
16584,16584,1.0
16585,16585,1.0
16586,16586,1.0
16587,16587,1.0
16588,16588,1.0
16589,16589,1.0
16590,16590,0.8571428656578064
16591,16591,0.7142857313156128
16592,16592,1.0
16593,16593,1.0
16594,16594,1.0
16595,16595,1.0
16596,16596,1.0
16597,16597,1.0
16598,16598,0.5714285969734192
16599,16599,1.0
16600,16600,1.0
16601,16601,1.0
16602,16602,0.8571428656578064
16603,16603,0.5714285969734192
16604,16604,0.8571428656578064
16605,16605,0.7142857313156128
16606,16606,1.0
16607,16607,1.0
16608,16608,1.0
16609,16609,1.0
16610,16610,0.8571428656578064
16611,16611,1.0
16612,16612,0.0
16613,16613,1.0
16614,16614,1.0
16615,16615,1.0
16616,16616,1.0
16617,16617,1.0
16618,16618,1.0
16619,16619,1.0
16620,16620,1.0
16621,16621,1.0
16622,16622,1.0
16623,16623,1.0
16624,16624,1.0
16625,16625,1.0
16626,16626,1.0
16627,16627,1.0
16628,16628,0.8571428656578064
16629,16629,1.0
16630,16630,1.0
16631,16631,1.0
16632,16632,1.0
16633,16633,1.0
16634,16634,1.0
16635,16635,1.0
16636,16636,1.0
16637,16637,1.0
16638,16638,1.0
16639,16639,1.0
16640,16640,1.0
16641,16641,1.0
16642,16642,1.0
16643,16643,1.0
16644,16644,1.0
16645,16645,0.8571428656578064
16646,16646,1.0
16647,16647,1.0
16648,16648,1.0
16649,16649,1.0
16650,16650,1.0
16651,16651,0.8571428656578064
16652,16652,0.8571428656578064
16653,16653,1.0
16654,16654,0.7142857313156128
16655,16655,1.0
16656,16656,1.0
16657,16657,0.7142857313156128
16658,16658,1.0
16659,16659,1.0
16660,16660,1.0
16661,16661,1.0
16662,16662,0.8571428656578064
16663,16663,1.0
16664,16664,0.8571428656578064
16665,16665,0.7142857313156128
16666,16666,1.0
16667,16667,0.7142857313156128
16668,16668,1.0
16669,16669,1.0
16670,16670,1.0
16671,16671,1.0
16672,16672,1.0
16673,16673,1.0
16674,16674,1.0
16675,16675,0.8571428656578064
16676,16676,1.0
16677,16677,0.8571428656578064
16678,16678,1.0
16679,16679,1.0
16680,16680,1.0
16681,16681,1.0
16682,16682,0.8571428656578064
16683,16683,0.7142857313156128
16684,16684,1.0
16685,16685,0.8571428656578064
16686,16686,0.7142857313156128
16687,16687,0.4285714328289032
16688,16688,1.0
16689,16689,0.7142857313156128
16690,16690,0.8571428656578064
16691,16691,0.5714285969734192
16692,16692,1.0
16693,16693,1.0
16694,16694,0.8571428656578064
16695,16695,0.5714285969734192
16696,16696,0.7142857313156128
16697,16697,1.0
16698,16698,1.0
16699,16699,1.0
16700,16700,0.8571428656578064
16701,16701,1.0
16702,16702,1.0
16703,16703,0.5714285969734192
16704,16704,1.0
16705,16705,1.0
16706,16706,1.0
16707,16707,0.8571428656578064
16708,16708,1.0
16709,16709,1.0
16710,16710,0.8571428656578064
16711,16711,1.0
16712,16712,1.0
16713,16713,0.8571428656578064
16714,16714,1.0
16715,16715,1.0
16716,16716,0.8571428656578064
16717,16717,1.0
16718,16718,1.0
16719,16719,1.0
16720,16720,1.0
16721,16721,1.0
16722,16722,1.0
16723,16723,1.0
16724,16724,1.0
16725,16725,1.0
16726,16726,1.0
16727,16727,1.0
16728,16728,1.0
16729,16729,1.0
16730,16730,1.0
16731,16731,1.0
16732,16732,1.0
16733,16733,1.0
16734,16734,1.0
16735,16735,1.0
16736,16736,1.0
16737,16737,1.0
16738,16738,0.8571428656578064
16739,16739,1.0
16740,16740,1.0
16741,16741,1.0
16742,16742,1.0
16743,16743,1.0
16744,16744,1.0
16745,16745,1.0
16746,16746,1.0
16747,16747,1.0
16748,16748,1.0
16749,16749,1.0
16750,16750,1.0
16751,16751,1.0
16752,16752,1.0
16753,16753,1.0
16754,16754,1.0
16755,16755,0.7142857313156128
16756,16756,1.0
16757,16757,1.0
16758,16758,1.0
16759,16759,1.0
16760,16760,1.0
16761,16761,0.5714285969734192
16762,16762,0.8571428656578064
16763,16763,1.0
16764,16764,0.7142857313156128
16765,16765,1.0
16766,16766,1.0
16767,16767,0.7142857313156128
16768,16768,1.0
16769,16769,0.4285714328289032
16770,16770,1.0
16771,16771,0.7142857313156128
16772,16772,0.8571428656578064
16773,16773,0.7142857313156128
16774,16774,0.8571428656578064
16775,16775,1.0
16776,16776,0.7142857313156128
16777,16777,1.0
16778,16778,1.0
16779,16779,1.0
16780,16780,1.0
16781,16781,1.0
16782,16782,1.0
16783,16783,1.0
16784,16784,1.0
16785,16785,0.8571428656578064
16786,16786,1.0
16787,16787,0.8571428656578064
16788,16788,1.0
16789,16789,1.0
16790,16790,1.0
16791,16791,0.1428571492433548
16792,16792,0.8571428656578064
16793,16793,1.0
16794,16794,1.0
16795,16795,1.0
16796,16796,0.7142857313156128
16797,16797,0.8571428656578064
16798,16798,1.0
16799,16799,1.0
16800,16800,1.0
16801,16801,0.5714285969734192
16802,16802,1.0
16803,16803,1.0
16804,16804,1.0
16805,16805,0.5714285969734192
16806,16806,1.0
16807,16807,1.0
16808,16808,1.0
16809,16809,1.0
16810,16810,0.8571428656578064
16811,16811,1.0
16812,16812,0.7142857313156128
16813,16813,1.0
16814,16814,1.0
16815,16815,1.0
16816,16816,1.0
16817,16817,0.8571428656578064
16818,16818,1.0
16819,16819,1.0
16820,16820,0.8571428656578064
16821,16821,1.0
16822,16822,1.0
16823,16823,0.5714285969734192
16824,16824,1.0
16825,16825,0.7142857313156128
16826,16826,0.0
16827,16827,0.7142857313156128
16828,16828,0.8571428656578064
16829,16829,1.0
16830,16830,0.8571428656578064
16831,16831,1.0
16832,16832,0.0
16833,16833,1.0
16834,16834,0.1428571492433548
16835,16835,1.0
16836,16836,1.0
16837,16837,1.0
16838,16838,1.0
16839,16839,1.0
16840,16840,1.0
16841,16841,1.0
16842,16842,1.0
16843,16843,1.0
16844,16844,1.0
16845,16845,1.0
16846,16846,1.0
16847,16847,1.0
16848,16848,0.8571428656578064
16849,16849,1.0
16850,16850,1.0
16851,16851,1.0
16852,16852,1.0
16853,16853,1.0
16854,16854,1.0
16855,16855,1.0
16856,16856,1.0
16857,16857,1.0
16858,16858,1.0
16859,16859,1.0
16860,16860,1.0
16861,16861,1.0
16862,16862,0.8571428656578064
16863,16863,1.0
16864,16864,1.0
16865,16865,0.8571428656578064
16866,16866,1.0
16867,16867,1.0
16868,16868,1.0
16869,16869,1.0
16870,16870,1.0
16871,16871,0.8571428656578064
16872,16872,0.8571428656578064
16873,16873,1.0
16874,16874,0.7142857313156128
16875,16875,1.0
16876,16876,1.0
16877,16877,0.7142857313156128
16878,16878,1.0
16879,16879,1.0
16880,16880,1.0
16881,16881,1.0
16882,16882,0.8571428656578064
16883,16883,0.7142857313156128
16884,16884,0.8571428656578064
16885,16885,1.0
16886,16886,1.0
16887,16887,0.5714285969734192
16888,16888,1.0
16889,16889,1.0
16890,16890,0.7142857313156128
16891,16891,1.0
16892,16892,0.5714285969734192
16893,16893,1.0
16894,16894,1.0
16895,16895,0.8571428656578064
16896,16896,1.0
16897,16897,0.8571428656578064
16898,16898,1.0
16899,16899,1.0
16900,16900,1.0
16901,16901,1.0
16902,16902,0.7142857313156128
16903,16903,1.0
16904,16904,1.0
16905,16905,1.0
16906,16906,0.7142857313156128
16907,16907,0.8571428656578064
16908,16908,0.8571428656578064
16909,16909,1.0
16910,16910,1.0
16911,16911,1.0
16912,16912,1.0
16913,16913,1.0
16914,16914,0.8571428656578064
16915,16915,1.0
16916,16916,0.7142857313156128
16917,16917,1.0
16918,16918,1.0
16919,16919,1.0
16920,16920,0.7142857313156128
16921,16921,1.0
16922,16922,0.7142857313156128
16923,16923,0.5714285969734192
16924,16924,1.0
16925,16925,1.0
16926,16926,1.0
16927,16927,1.0
16928,16928,1.0
16929,16929,0.7142857313156128
16930,16930,1.0
16931,16931,1.0
16932,16932,1.0
16933,16933,0.8571428656578064
16934,16934,1.0
16935,16935,1.0
16936,16936,1.0
16937,16937,0.7142857313156128
16938,16938,0.8571428656578064
16939,16939,1.0
16940,16940,0.5714285969734192
16941,16941,1.0
16942,16942,1.0
16943,16943,1.0
16944,16944,0.1428571492433548
16945,16945,1.0
16946,16946,1.0
16947,16947,1.0
16948,16948,1.0
16949,16949,1.0
16950,16950,1.0
16951,16951,1.0
16952,16952,1.0
16953,16953,1.0
16954,16954,1.0
16955,16955,1.0
16956,16956,1.0
16957,16957,1.0
16958,16958,0.8571428656578064
16959,16959,1.0
16960,16960,1.0
16961,16961,1.0
16962,16962,1.0
16963,16963,1.0
16964,16964,1.0
16965,16965,1.0
16966,16966,1.0
16967,16967,1.0
16968,16968,1.0
16969,16969,1.0
16970,16970,1.0
16971,16971,0.8571428656578064
16972,16972,1.0
16973,16973,1.0
16974,16974,1.0
16975,16975,0.8571428656578064
16976,16976,1.0
16977,16977,1.0
16978,16978,1.0
16979,16979,1.0
16980,16980,1.0
16981,16981,0.8571428656578064
16982,16982,0.8571428656578064
16983,16983,1.0
16984,16984,0.7142857313156128
16985,16985,1.0
16986,16986,1.0
16987,16987,0.5714285969734192
16988,16988,1.0
16989,16989,1.0
16990,16990,1.0
16991,16991,1.0
16992,16992,0.8571428656578064
16993,16993,0.7142857313156128
16994,16994,0.8571428656578064
16995,16995,0.7142857313156128
16996,16996,1.0
16997,16997,1.0
16998,16998,0.7142857313156128
16999,16999,1.0
17000,17000,1.0
17001,17001,1.0
17002,17002,1.0
17003,17003,1.0
17004,17004,1.0
17005,17005,0.8571428656578064
17006,17006,1.0
17007,17007,0.8571428656578064
17008,17008,1.0
17009,17009,1.0
17010,17010,1.0
17011,17011,1.0
17012,17012,0.8571428656578064
17013,17013,1.0
17014,17014,1.0
17015,17015,1.0
17016,17016,1.0
17017,17017,0.8571428656578064
17018,17018,1.0
17019,17019,1.0
17020,17020,1.0
17021,17021,1.0
17022,17022,1.0
17023,17023,1.0
17024,17024,0.8571428656578064
17025,17025,1.0
17026,17026,0.7142857313156128
17027,17027,1.0
17028,17028,1.0
17029,17029,1.0
17030,17030,0.8571428656578064
17031,17031,1.0
17032,17032,1.0
17033,17033,0.5714285969734192
17034,17034,1.0
17035,17035,1.0
17036,17036,1.0
17037,17037,1.0
17038,17038,1.0
17039,17039,0.0
17040,17040,0.8571428656578064
17041,17041,1.0
17042,17042,1.0
17043,17043,0.5714285969734192
17044,17044,1.0
17045,17045,0.7142857313156128
17046,17046,1.0
17047,17047,1.0
17048,17048,0.8571428656578064
17049,17049,1.0
17050,17050,0.4285714328289032
17051,17051,1.0
17052,17052,1.0
17053,17053,1.0
17054,17054,1.0
17055,17055,1.0
17056,17056,1.0
17057,17057,1.0
17058,17058,1.0
17059,17059,1.0
17060,17060,1.0
17061,17061,1.0
17062,17062,1.0
17063,17063,1.0
17064,17064,1.0
17065,17065,1.0
17066,17066,1.0
17067,17067,1.0
17068,17068,0.8571428656578064
17069,17069,1.0
17070,17070,1.0
17071,17071,1.0
17072,17072,1.0
17073,17073,1.0
17074,17074,0.0
17075,17075,1.0
17076,17076,1.0
17077,17077,1.0
17078,17078,1.0
17079,17079,1.0
17080,17080,1.0
17081,17081,1.0
17082,17082,1.0
17083,17083,1.0
17084,17084,1.0
17085,17085,0.8571428656578064
17086,17086,1.0
17087,17087,1.0
17088,17088,1.0
17089,17089,1.0
17090,17090,1.0
17091,17091,0.8571428656578064
17092,17092,0.8571428656578064
17093,17093,1.0
17094,17094,0.2857142984867096
17095,17095,1.0
17096,17096,1.0
17097,17097,0.5714285969734192
17098,17098,1.0
17099,17099,0.5714285969734192
17100,17100,0.8571428656578064
17101,17101,1.0
17102,17102,1.0
17103,17103,0.7142857313156128
17104,17104,0.5714285969734192
17105,17105,1.0
17106,17106,1.0
17107,17107,1.0
17108,17108,1.0
17109,17109,1.0
17110,17110,1.0
17111,17111,1.0
17112,17112,1.0
17113,17113,0.7142857313156128
17114,17114,1.0
17115,17115,0.8571428656578064
17116,17116,1.0
17117,17117,0.8571428656578064
17118,17118,1.0
17119,17119,1.0
17120,17120,1.0
17121,17121,0.1428571492433548
17122,17122,1.0
17123,17123,1.0
17124,17124,1.0
17125,17125,1.0
17126,17126,1.0
17127,17127,0.4285714328289032
17128,17128,1.0
17129,17129,1.0
17130,17130,0.1428571492433548
17131,17131,0.5714285969734192
17132,17132,1.0
17133,17133,1.0
17134,17134,0.5714285969734192
17135,17135,0.8571428656578064
17136,17136,0.7142857313156128
17137,17137,1.0
17138,17138,1.0
17139,17139,1.0
17140,17140,0.7142857313156128
17141,17141,1.0
17142,17142,1.0
17143,17143,1.0
17144,17144,1.0
17145,17145,1.0
17146,17146,1.0
17147,17147,1.0
17148,17148,1.0
17149,17149,1.0
17150,17150,1.0
17151,17151,0.8571428656578064
17152,17152,0.8571428656578064
17153,17153,0.8571428656578064
17154,17154,0.7142857313156128
17155,17155,0.8571428656578064
17156,17156,0.8571428656578064
17157,17157,0.7142857313156128
17158,17158,1.0
17159,17159,0.7142857313156128
17160,17160,0.8571428656578064
17161,17161,1.0
17162,17162,0.0
17163,17163,1.0
17164,17164,1.0
17165,17165,1.0
17166,17166,1.0
17167,17167,1.0
17168,17168,1.0
17169,17169,1.0
17170,17170,1.0
17171,17171,1.0
17172,17172,1.0
17173,17173,1.0
17174,17174,1.0
17175,17175,1.0
17176,17176,1.0
17177,17177,1.0
17178,17178,0.8571428656578064
17179,17179,1.0
17180,17180,1.0
17181,17181,1.0
17182,17182,1.0
17183,17183,1.0
17184,17184,1.0
17185,17185,1.0
17186,17186,1.0
17187,17187,1.0
17188,17188,1.0
17189,17189,1.0
17190,17190,1.0
17191,17191,1.0
17192,17192,0.7142857313156128
17193,17193,1.0
17194,17194,1.0
17195,17195,0.8571428656578064
17196,17196,1.0
17197,17197,1.0
17198,17198,1.0
17199,17199,1.0
17200,17200,1.0
17201,17201,0.8571428656578064
17202,17202,0.8571428656578064
17203,17203,1.0
17204,17204,0.7142857313156128
17205,17205,0.4285714328289032
17206,17206,1.0
17207,17207,0.4285714328289032
17208,17208,1.0
17209,17209,1.0
17210,17210,1.0
17211,17211,1.0
17212,17212,0.8571428656578064
17213,17213,1.0
17214,17214,0.8571428656578064
17215,17215,1.0
17216,17216,1.0
17217,17217,0.5714285969734192
17218,17218,1.0
17219,17219,1.0
17220,17220,1.0
17221,17221,0.5714285969734192
17222,17222,1.0
17223,17223,1.0
17224,17224,0.0
17225,17225,0.8571428656578064
17226,17226,1.0
17227,17227,0.8571428656578064
17228,17228,1.0
17229,17229,1.0
17230,17230,1.0
17231,17231,1.0
17232,17232,0.8571428656578064
17233,17233,0.2857142984867096
17234,17234,1.0
17235,17235,1.0
17236,17236,0.7142857313156128
17237,17237,0.8571428656578064
17238,17238,0.8571428656578064
17239,17239,1.0
17240,17240,0.8571428656578064
17241,17241,1.0
17242,17242,1.0
17243,17243,1.0
17244,17244,1.0
17245,17245,1.0
17246,17246,1.0
17247,17247,1.0
17248,17248,1.0
17249,17249,1.0
17250,17250,0.8571428656578064
17251,17251,1.0
17252,17252,1.0
17253,17253,1.0
17254,17254,1.0
17255,17255,0.8571428656578064
17256,17256,0.8571428656578064
17257,17257,0.8571428656578064
17258,17258,1.0
17259,17259,1.0
17260,17260,0.8571428656578064
17261,17261,1.0
17262,17262,0.1428571492433548
17263,17263,0.8571428656578064
17264,17264,0.5714285969734192
17265,17265,0.8571428656578064
17266,17266,0.8571428656578064
17267,17267,0.7142857313156128
17268,17268,0.8571428656578064
17269,17269,1.0
17270,17270,0.8571428656578064
17271,17271,1.0
17272,17272,1.0
17273,17273,1.0
17274,17274,1.0
17275,17275,1.0
17276,17276,1.0
17277,17277,1.0
17278,17278,1.0
17279,17279,1.0
17280,17280,1.0
17281,17281,1.0
17282,17282,1.0
17283,17283,1.0
17284,17284,1.0
17285,17285,1.0
17286,17286,1.0
17287,17287,1.0
17288,17288,0.8571428656578064
17289,17289,1.0
17290,17290,1.0
17291,17291,1.0
17292,17292,1.0
17293,17293,1.0
17294,17294,1.0
17295,17295,1.0
17296,17296,1.0
17297,17297,1.0
17298,17298,1.0
17299,17299,1.0
17300,17300,1.0
17301,17301,1.0
17302,17302,1.0
17303,17303,1.0
17304,17304,1.0
17305,17305,0.8571428656578064
17306,17306,1.0
17307,17307,1.0
17308,17308,1.0
17309,17309,1.0
17310,17310,1.0
17311,17311,0.8571428656578064
17312,17312,0.8571428656578064
17313,17313,1.0
17314,17314,0.7142857313156128
17315,17315,0.7142857313156128
17316,17316,1.0
17317,17317,0.8571428656578064
17318,17318,1.0
17319,17319,1.0
17320,17320,0.2857142984867096
17321,17321,1.0
17322,17322,0.8571428656578064
17323,17323,0.7142857313156128
17324,17324,1.0
17325,17325,1.0
17326,17326,1.0
17327,17327,1.0
17328,17328,1.0
17329,17329,1.0
17330,17330,1.0
17331,17331,1.0
17332,17332,1.0
17333,17333,1.0
17334,17334,1.0
17335,17335,0.4285714328289032
17336,17336,1.0
17337,17337,0.8571428656578064
17338,17338,1.0
17339,17339,1.0
17340,17340,1.0
17341,17341,1.0
17342,17342,0.8571428656578064
17343,17343,1.0
17344,17344,1.0
17345,17345,1.0
17346,17346,0.7142857313156128
17347,17347,0.4285714328289032
17348,17348,1.0
17349,17349,1.0
17350,17350,1.0
17351,17351,0.5714285969734192
17352,17352,1.0
17353,17353,1.0
17354,17354,0.8571428656578064
17355,17355,1.0
17356,17356,1.0
17357,17357,1.0
17358,17358,1.0
17359,17359,1.0
17360,17360,1.0
17361,17361,1.0
17362,17362,1.0
17363,17363,1.0
17364,17364,1.0
17365,17365,1.0
17366,17366,1.0
17367,17367,1.0
17368,17368,0.2857142984867096
17369,17369,1.0
17370,17370,1.0
17371,17371,1.0
17372,17372,1.0
17373,17373,0.8571428656578064
17374,17374,1.0
17375,17375,0.7142857313156128
17376,17376,1.0
17377,17377,0.7142857313156128
17378,17378,0.7142857313156128
17379,17379,0.5714285969734192
17380,17380,1.0
17381,17381,1.0
17382,17382,1.0
17383,17383,1.0
17384,17384,1.0
17385,17385,1.0
17386,17386,1.0
17387,17387,1.0
17388,17388,1.0
17389,17389,1.0
17390,17390,1.0
17391,17391,1.0
17392,17392,1.0
17393,17393,1.0
17394,17394,1.0
17395,17395,1.0
17396,17396,1.0
17397,17397,1.0
17398,17398,1.0
17399,17399,1.0
17400,17400,1.0
17401,17401,1.0
17402,17402,1.0
17403,17403,1.0
17404,17404,1.0
17405,17405,1.0
17406,17406,1.0
17407,17407,1.0
17408,17408,1.0
17409,17409,1.0
17410,17410,1.0
17411,17411,1.0
17412,17412,1.0
17413,17413,1.0
17414,17414,1.0
17415,17415,0.8571428656578064
17416,17416,1.0
17417,17417,0.2857142984867096
17418,17418,1.0
17419,17419,1.0
17420,17420,1.0
17421,17421,0.8571428656578064
17422,17422,0.8571428656578064
17423,17423,0.2857142984867096
17424,17424,0.7142857313156128
17425,17425,1.0
17426,17426,1.0
17427,17427,0.7142857313156128
17428,17428,1.0
17429,17429,1.0
17430,17430,1.0
17431,17431,1.0
17432,17432,0.8571428656578064
17433,17433,1.0
17434,17434,0.8571428656578064
17435,17435,1.0
17436,17436,1.0
17437,17437,0.4285714328289032
17438,17438,1.0
17439,17439,1.0
17440,17440,1.0
17441,17441,1.0
17442,17442,1.0
17443,17443,0.4285714328289032
17444,17444,1.0
17445,17445,0.8571428656578064
17446,17446,1.0
17447,17447,0.8571428656578064
17448,17448,1.0
17449,17449,1.0
17450,17450,0.8571428656578064
17451,17451,1.0
17452,17452,0.8571428656578064
17453,17453,1.0
17454,17454,0.5714285969734192
17455,17455,1.0
17456,17456,0.7142857313156128
17457,17457,0.7142857313156128
17458,17458,1.0
17459,17459,1.0
17460,17460,0.8571428656578064
17461,17461,1.0
17462,17462,1.0
17463,17463,1.0
17464,17464,1.0
17465,17465,1.0
17466,17466,1.0
17467,17467,1.0
17468,17468,1.0
17469,17469,1.0
17470,17470,0.5714285969734192
17471,17471,1.0
17472,17472,1.0
17473,17473,1.0
17474,17474,1.0
17475,17475,1.0
17476,17476,0.5714285969734192
17477,17477,0.8571428656578064
17478,17478,1.0
17479,17479,1.0
17480,17480,0.8571428656578064
17481,17481,0.1428571492433548
17482,17482,1.0
17483,17483,0.5714285969734192
17484,17484,0.8571428656578064
17485,17485,0.8571428656578064
17486,17486,0.8571428656578064
17487,17487,1.0
17488,17488,0.8571428656578064
17489,17489,0.8571428656578064
17490,17490,0.7142857313156128
17491,17491,1.0
17492,17492,1.0
17493,17493,1.0
17494,17494,0.1428571492433548
17495,17495,1.0
17496,17496,1.0
17497,17497,1.0
17498,17498,1.0
17499,17499,1.0
17500,17500,1.0
17501,17501,1.0
17502,17502,1.0
17503,17503,1.0
17504,17504,1.0
17505,17505,1.0
17506,17506,1.0
17507,17507,1.0
17508,17508,0.8571428656578064
17509,17509,1.0
17510,17510,1.0
17511,17511,1.0
17512,17512,1.0
17513,17513,1.0
17514,17514,1.0
17515,17515,1.0
17516,17516,1.0
17517,17517,1.0
17518,17518,1.0
17519,17519,1.0
17520,17520,1.0
17521,17521,1.0
17522,17522,0.8571428656578064
17523,17523,0.7142857313156128
17524,17524,1.0
17525,17525,0.8571428656578064
17526,17526,1.0
17527,17527,1.0
17528,17528,0.5714285969734192
17529,17529,1.0
17530,17530,1.0
17531,17531,0.8571428656578064
17532,17532,0.8571428656578064
17533,17533,1.0
17534,17534,0.7142857313156128
17535,17535,1.0
17536,17536,1.0
17537,17537,0.0
17538,17538,1.0
17539,17539,1.0
17540,17540,1.0
17541,17541,1.0
17542,17542,0.8571428656578064
17543,17543,0.8571428656578064
17544,17544,0.8571428656578064
17545,17545,0.8571428656578064
17546,17546,1.0
17547,17547,1.0
17548,17548,1.0
17549,17549,0.8571428656578064
17550,17550,0.5714285969734192
17551,17551,1.0
17552,17552,1.0
17553,17553,1.0
17554,17554,1.0
17555,17555,0.5714285969734192
17556,17556,1.0
17557,17557,0.8571428656578064
17558,17558,0.8571428656578064
17559,17559,1.0
17560,17560,1.0
17561,17561,1.0
17562,17562,0.8571428656578064
17563,17563,1.0
17564,17564,1.0
17565,17565,1.0
17566,17566,1.0
17567,17567,0.8571428656578064
17568,17568,1.0
17569,17569,0.7142857313156128
17570,17570,1.0
17571,17571,1.0
17572,17572,1.0
17573,17573,1.0
17574,17574,1.0
17575,17575,1.0
17576,17576,0.7142857313156128
17577,17577,1.0
17578,17578,1.0
17579,17579,1.0
17580,17580,0.8571428656578064
17581,17581,1.0
17582,17582,1.0
17583,17583,0.4285714328289032
17584,17584,1.0
17585,17585,1.0
17586,17586,1.0
17587,17587,0.2857142984867096
17588,17588,1.0
17589,17589,1.0
17590,17590,0.2857142984867096
17591,17591,1.0
17592,17592,1.0
17593,17593,0.5714285969734192
17594,17594,0.7142857313156128
17595,17595,1.0
17596,17596,0.8571428656578064
17597,17597,0.7142857313156128
17598,17598,0.8571428656578064
17599,17599,1.0
17600,17600,0.5714285969734192
17601,17601,1.0
17602,17602,1.0
17603,17603,1.0
17604,17604,1.0
17605,17605,1.0
17606,17606,1.0
17607,17607,1.0
17608,17608,1.0
17609,17609,1.0
17610,17610,1.0
17611,17611,1.0
17612,17612,1.0
17613,17613,1.0
17614,17614,1.0
17615,17615,1.0
17616,17616,1.0
17617,17617,1.0
17618,17618,0.8571428656578064
17619,17619,1.0
17620,17620,1.0
17621,17621,1.0
17622,17622,1.0
17623,17623,1.0
17624,17624,1.0
17625,17625,1.0
17626,17626,1.0
17627,17627,1.0
17628,17628,1.0
17629,17629,1.0
17630,17630,1.0
17631,17631,1.0
17632,17632,1.0
17633,17633,1.0
17634,17634,0.2857142984867096
17635,17635,0.8571428656578064
17636,17636,0.1428571492433548
17637,17637,1.0
17638,17638,1.0
17639,17639,1.0
17640,17640,1.0
17641,17641,0.8571428656578064
17642,17642,0.8571428656578064
17643,17643,1.0
17644,17644,0.2857142984867096
17645,17645,0.5714285969734192
17646,17646,1.0
17647,17647,0.7142857313156128
17648,17648,1.0
17649,17649,1.0
17650,17650,1.0
17651,17651,0.7142857313156128
17652,17652,0.5714285969734192
17653,17653,0.0
17654,17654,0.8571428656578064
17655,17655,1.0
17656,17656,1.0
17657,17657,1.0
17658,17658,1.0
17659,17659,1.0
17660,17660,0.7142857313156128
17661,17661,1.0
17662,17662,1.0
17663,17663,0.2857142984867096
17664,17664,1.0
17665,17665,0.8571428656578064
17666,17666,0.8571428656578064
17667,17667,0.8571428656578064
17668,17668,1.0
17669,17669,1.0
17670,17670,1.0
17671,17671,0.1428571492433548
17672,17672,0.8571428656578064
17673,17673,1.0
17674,17674,1.0
17675,17675,1.0
17676,17676,0.7142857313156128
17677,17677,0.4285714328289032
17678,17678,0.7142857313156128
17679,17679,0.8571428656578064
17680,17680,1.0
17681,17681,0.5714285969734192
17682,17682,1.0
17683,17683,1.0
17684,17684,1.0
17685,17685,0.5714285969734192
17686,17686,0.7142857313156128
17687,17687,1.0
17688,17688,1.0
17689,17689,1.0
17690,17690,1.0
17691,17691,1.0
17692,17692,1.0
17693,17693,1.0
17694,17694,1.0
17695,17695,1.0
17696,17696,1.0
17697,17697,0.8571428656578064
17698,17698,1.0
17699,17699,0.0
17700,17700,1.0
17701,17701,1.0
17702,17702,1.0
17703,17703,0.5714285969734192
17704,17704,1.0
17705,17705,1.0
17706,17706,0.7142857313156128
17707,17707,0.7142857313156128
17708,17708,0.7142857313156128
17709,17709,1.0
17710,17710,0.8571428656578064
17711,17711,1.0
17712,17712,1.0
17713,17713,1.0
17714,17714,1.0
17715,17715,1.0
17716,17716,1.0
17717,17717,1.0
17718,17718,1.0
17719,17719,0.1428571492433548
17720,17720,1.0
17721,17721,1.0
17722,17722,1.0
17723,17723,1.0
17724,17724,1.0
17725,17725,1.0
17726,17726,1.0
17727,17727,1.0
17728,17728,0.8571428656578064
17729,17729,1.0
17730,17730,1.0
17731,17731,1.0
17732,17732,1.0
17733,17733,1.0
17734,17734,1.0
17735,17735,1.0
17736,17736,1.0
17737,17737,1.0
17738,17738,1.0
17739,17739,1.0
17740,17740,1.0
17741,17741,1.0
17742,17742,0.2857142984867096
17743,17743,0.7142857313156128
17744,17744,1.0
17745,17745,0.7142857313156128
17746,17746,0.1428571492433548
17747,17747,1.0
17748,17748,0.5714285969734192
17749,17749,0.4285714328289032
17750,17750,1.0
17751,17751,0.8571428656578064
17752,17752,0.8571428656578064
17753,17753,1.0
17754,17754,0.7142857313156128
17755,17755,1.0
17756,17756,1.0
17757,17757,0.4285714328289032
17758,17758,1.0
17759,17759,1.0
17760,17760,1.0
17761,17761,1.0
17762,17762,0.8571428656578064
17763,17763,0.7142857313156128
17764,17764,0.8571428656578064
17765,17765,1.0
17766,17766,1.0
17767,17767,1.0
17768,17768,1.0
17769,17769,0.8571428656578064
17770,17770,1.0
17771,17771,1.0
17772,17772,0.1428571492433548
17773,17773,1.0
17774,17774,1.0
17775,17775,0.8571428656578064
17776,17776,1.0
17777,17777,0.8571428656578064
17778,17778,1.0
17779,17779,1.0
17780,17780,1.0
17781,17781,1.0
17782,17782,0.5714285969734192
17783,17783,0.5714285969734192
17784,17784,1.0
17785,17785,1.0
17786,17786,0.5714285969734192
17787,17787,0.7142857313156128
17788,17788,1.0
17789,17789,1.0
17790,17790,1.0
17791,17791,1.0
17792,17792,1.0
17793,17793,1.0
17794,17794,1.0
17795,17795,0.5714285969734192
17796,17796,1.0
17797,17797,1.0
17798,17798,0.7142857313156128
17799,17799,0.5714285969734192
17800,17800,1.0
17801,17801,0.7142857313156128
17802,17802,1.0
17803,17803,1.0
17804,17804,1.0
17805,17805,1.0
17806,17806,1.0
17807,17807,1.0
17808,17808,0.8571428656578064
17809,17809,1.0
17810,17810,0.8571428656578064
17811,17811,0.8571428656578064
17812,17812,0.8571428656578064
17813,17813,0.5714285969734192
17814,17814,1.0
17815,17815,0.7142857313156128
17816,17816,0.4285714328289032
17817,17817,1.0
17818,17818,1.0
17819,17819,1.0
17820,17820,0.7142857313156128
17821,17821,1.0
17822,17822,1.0
17823,17823,1.0
17824,17824,1.0
17825,17825,1.0
17826,17826,1.0
17827,17827,1.0
17828,17828,1.0
17829,17829,1.0
17830,17830,1.0
17831,17831,1.0
17832,17832,1.0
17833,17833,1.0
17834,17834,1.0
17835,17835,1.0
17836,17836,1.0
17837,17837,1.0
17838,17838,0.8571428656578064
17839,17839,1.0
17840,17840,1.0
17841,17841,1.0
17842,17842,1.0
17843,17843,1.0
17844,17844,1.0
17845,17845,1.0
17846,17846,1.0
17847,17847,1.0
17848,17848,1.0
17849,17849,1.0
17850,17850,1.0
17851,17851,1.0
17852,17852,1.0
17853,17853,0.1428571492433548
17854,17854,1.0
17855,17855,0.7142857313156128
17856,17856,1.0
17857,17857,1.0
17858,17858,1.0
17859,17859,1.0
17860,17860,1.0
17861,17861,0.8571428656578064
17862,17862,0.8571428656578064
17863,17863,1.0
17864,17864,0.7142857313156128
17865,17865,1.0
17866,17866,1.0
17867,17867,0.8571428656578064
17868,17868,1.0
17869,17869,1.0
17870,17870,1.0
17871,17871,1.0
17872,17872,0.5714285969734192
17873,17873,0.8571428656578064
17874,17874,0.8571428656578064
17875,17875,1.0
17876,17876,1.0
17877,17877,1.0
17878,17878,1.0
17879,17879,1.0
17880,17880,0.5714285969734192
17881,17881,1.0
17882,17882,1.0
17883,17883,1.0
17884,17884,1.0
17885,17885,0.8571428656578064
17886,17886,0.8571428656578064
17887,17887,0.1428571492433548
17888,17888,0.8571428656578064
17889,17889,0.1428571492433548
17890,17890,1.0
17891,17891,0.7142857313156128
17892,17892,0.8571428656578064
17893,17893,1.0
17894,17894,1.0
17895,17895,1.0
17896,17896,0.7142857313156128
17897,17897,0.8571428656578064
17898,17898,1.0
17899,17899,1.0
17900,17900,1.0
17901,17901,1.0
17902,17902,1.0
17903,17903,1.0
17904,17904,1.0
17905,17905,1.0
17906,17906,1.0
17907,17907,0.5714285969734192
17908,17908,1.0
17909,17909,1.0
17910,17910,0.8571428656578064
17911,17911,1.0
17912,17912,1.0
17913,17913,1.0
17914,17914,1.0
17915,17915,1.0
17916,17916,1.0
17917,17917,0.8571428656578064
17918,17918,1.0
17919,17919,1.0
17920,17920,0.8571428656578064
17921,17921,1.0
17922,17922,1.0
17923,17923,0.8571428656578064
17924,17924,1.0
17925,17925,1.0
17926,17926,0.4285714328289032
17927,17927,1.0
17928,17928,0.5714285969734192
17929,17929,1.0
17930,17930,0.8571428656578064
17931,17931,1.0
17932,17932,1.0
17933,17933,1.0
17934,17934,1.0
17935,17935,1.0
17936,17936,1.0
17937,17937,1.0
17938,17938,1.0
17939,17939,0.1428571492433548
17940,17940,1.0
17941,17941,1.0
17942,17942,1.0
17943,17943,1.0
17944,17944,1.0
17945,17945,1.0
17946,17946,1.0
17947,17947,1.0
17948,17948,0.8571428656578064
17949,17949,1.0
17950,17950,1.0
17951,17951,1.0
17952,17952,1.0
17953,17953,1.0
17954,17954,1.0
17955,17955,1.0
17956,17956,1.0
17957,17957,1.0
17958,17958,1.0
17959,17959,1.0
17960,17960,1.0
17961,17961,0.8571428656578064
17962,17962,1.0
17963,17963,1.0
17964,17964,1.0
17965,17965,0.7142857313156128
17966,17966,1.0
17967,17967,1.0
17968,17968,0.1428571492433548
17969,17969,1.0
17970,17970,1.0
17971,17971,0.8571428656578064
17972,17972,0.8571428656578064
17973,17973,1.0
17974,17974,0.7142857313156128
17975,17975,1.0
17976,17976,1.0
17977,17977,0.7142857313156128
17978,17978,1.0
17979,17979,1.0
17980,17980,1.0
17981,17981,1.0
17982,17982,0.8571428656578064
17983,17983,0.8571428656578064
17984,17984,0.8571428656578064
17985,17985,1.0
17986,17986,1.0
17987,17987,1.0
17988,17988,1.0
17989,17989,0.1428571492433548
17990,17990,0.7142857313156128
17991,17991,0.7142857313156128
17992,17992,1.0
17993,17993,1.0
17994,17994,1.0
17995,17995,0.8571428656578064
17996,17996,1.0
17997,17997,0.0
17998,17998,0.7142857313156128
17999,17999,0.4285714328289032
18000,18000,1.0
18001,18001,0.8571428656578064
18002,18002,1.0
18003,18003,0.7142857313156128
18004,18004,0.5714285969734192
18005,18005,1.0
18006,18006,0.7142857313156128
18007,18007,0.8571428656578064
18008,18008,1.0
18009,18009,0.8571428656578064
18010,18010,1.0
18011,18011,1.0
18012,18012,1.0
18013,18013,1.0
18014,18014,1.0
18015,18015,1.0
18016,18016,0.7142857313156128
18017,18017,1.0
18018,18018,1.0
18019,18019,1.0
18020,18020,0.8571428656578064
18021,18021,1.0
18022,18022,1.0
18023,18023,1.0
18024,18024,1.0
18025,18025,1.0
18026,18026,0.5714285969734192
18027,18027,0.7142857313156128
18028,18028,1.0
18029,18029,1.0
18030,18030,0.8571428656578064
18031,18031,1.0
18032,18032,1.0
18033,18033,0.4285714328289032
18034,18034,1.0
18035,18035,0.8571428656578064
18036,18036,0.1428571492433548
18037,18037,0.4285714328289032
18038,18038,0.7142857313156128
18039,18039,0.7142857313156128
18040,18040,0.8571428656578064
18041,18041,1.0
18042,18042,1.0
18043,18043,1.0
18044,18044,1.0
18045,18045,1.0
18046,18046,1.0
18047,18047,1.0
18048,18048,1.0
18049,18049,1.0
18050,18050,1.0
18051,18051,1.0
18052,18052,1.0
18053,18053,1.0
18054,18054,1.0
18055,18055,1.0
18056,18056,1.0
18057,18057,1.0
18058,18058,0.8571428656578064
18059,18059,1.0
18060,18060,1.0
18061,18061,1.0
18062,18062,1.0
18063,18063,1.0
18064,18064,0.0
18065,18065,1.0
18066,18066,1.0
18067,18067,1.0
18068,18068,1.0
18069,18069,1.0
18070,18070,1.0
18071,18071,0.8571428656578064
18072,18072,1.0
18073,18073,0.1428571492433548
18074,18074,1.0
18075,18075,0.8571428656578064
18076,18076,0.1428571492433548
18077,18077,1.0
18078,18078,1.0
18079,18079,1.0
18080,18080,1.0
18081,18081,0.8571428656578064
18082,18082,0.8571428656578064
18083,18083,1.0
18084,18084,0.7142857313156128
18085,18085,1.0
18086,18086,0.7142857313156128
18087,18087,0.4285714328289032
18088,18088,1.0
18089,18089,0.4285714328289032
18090,18090,1.0
18091,18091,1.0
18092,18092,0.7142857313156128
18093,18093,0.7142857313156128
18094,18094,0.8571428656578064
18095,18095,1.0
18096,18096,1.0
18097,18097,1.0
18098,18098,1.0
18099,18099,0.4285714328289032
18100,18100,1.0
18101,18101,1.0
18102,18102,1.0
18103,18103,1.0
18104,18104,0.5714285969734192
18105,18105,0.8571428656578064
18106,18106,1.0
18107,18107,0.8571428656578064
18108,18108,1.0
18109,18109,1.0
18110,18110,1.0
18111,18111,1.0
18112,18112,0.8571428656578064
18113,18113,1.0
18114,18114,0.5714285969734192
18115,18115,0.4285714328289032
18116,18116,0.7142857313156128
18117,18117,0.8571428656578064
18118,18118,1.0
18119,18119,0.4285714328289032
18120,18120,1.0
18121,18121,1.0
18122,18122,1.0
18123,18123,1.0
18124,18124,1.0
18125,18125,1.0
18126,18126,1.0
18127,18127,1.0
18128,18128,1.0
18129,18129,1.0
18130,18130,0.8571428656578064
18131,18131,1.0
18132,18132,1.0
18133,18133,1.0
18134,18134,1.0
18135,18135,1.0
18136,18136,0.8571428656578064
18137,18137,0.8571428656578064
18138,18138,1.0
18139,18139,1.0
18140,18140,1.0
18141,18141,1.0
18142,18142,0.8571428656578064
18143,18143,0.5714285969734192
18144,18144,1.0
18145,18145,0.5714285969734192
18146,18146,1.0
18147,18147,0.8571428656578064
18148,18148,0.8571428656578064
18149,18149,1.0
18150,18150,0.2857142984867096
18151,18151,1.0
18152,18152,1.0
18153,18153,1.0
18154,18154,1.0
18155,18155,1.0
18156,18156,1.0
18157,18157,1.0
18158,18158,1.0
18159,18159,1.0
18160,18160,1.0
18161,18161,1.0
18162,18162,1.0
18163,18163,1.0
18164,18164,1.0
18165,18165,1.0
18166,18166,1.0
18167,18167,1.0
18168,18168,0.8571428656578064
18169,18169,1.0
18170,18170,1.0
18171,18171,1.0
18172,18172,1.0
18173,18173,1.0
18174,18174,1.0
18175,18175,1.0
18176,18176,1.0
18177,18177,1.0
18178,18178,1.0
18179,18179,1.0
18180,18180,1.0
18181,18181,0.4285714328289032
18182,18182,1.0
18183,18183,1.0
18184,18184,1.0
18185,18185,0.8571428656578064
18186,18186,1.0
18187,18187,1.0
18188,18188,1.0
18189,18189,0.4285714328289032
18190,18190,1.0
18191,18191,0.8571428656578064
18192,18192,0.8571428656578064
18193,18193,1.0
18194,18194,0.2857142984867096
18195,18195,1.0
18196,18196,1.0
18197,18197,0.7142857313156128
18198,18198,1.0
18199,18199,1.0
18200,18200,1.0
18201,18201,1.0
18202,18202,0.5714285969734192
18203,18203,0.7142857313156128
18204,18204,0.8571428656578064
18205,18205,1.0
18206,18206,1.0
18207,18207,0.4285714328289032
18208,18208,1.0
18209,18209,0.8571428656578064
18210,18210,1.0
18211,18211,1.0
18212,18212,1.0
18213,18213,1.0
18214,18214,1.0
18215,18215,0.7142857313156128
18216,18216,1.0
18217,18217,0.8571428656578064
18218,18218,0.8571428656578064
18219,18219,1.0
18220,18220,0.5714285969734192
18221,18221,0.7142857313156128
18222,18222,0.4285714328289032
18223,18223,1.0
18224,18224,0.5714285969734192
18225,18225,0.5714285969734192
18226,18226,0.7142857313156128
18227,18227,1.0
18228,18228,1.0
18229,18229,1.0
18230,18230,1.0
18231,18231,1.0
18232,18232,1.0
18233,18233,1.0
18234,18234,1.0
18235,18235,1.0
18236,18236,1.0
18237,18237,1.0
18238,18238,1.0
18239,18239,1.0
18240,18240,0.8571428656578064
18241,18241,1.0
18242,18242,0.8571428656578064
18243,18243,1.0
18244,18244,0.7142857313156128
18245,18245,0.7142857313156128
18246,18246,1.0
18247,18247,1.0
18248,18248,1.0
18249,18249,1.0
18250,18250,1.0
18251,18251,1.0
18252,18252,0.8571428656578064
18253,18253,0.8571428656578064
18254,18254,1.0
18255,18255,1.0
18256,18256,0.8571428656578064
18257,18257,0.1428571492433548
18258,18258,0.8571428656578064
18259,18259,1.0
18260,18260,1.0
18261,18261,1.0
18262,18262,1.0
18263,18263,1.0
18264,18264,0.1428571492433548
18265,18265,1.0
18266,18266,1.0
18267,18267,1.0
18268,18268,1.0
18269,18269,1.0
18270,18270,1.0
18271,18271,1.0
18272,18272,1.0
18273,18273,1.0
18274,18274,1.0
18275,18275,1.0
18276,18276,1.0
18277,18277,1.0
18278,18278,0.8571428656578064
18279,18279,1.0
18280,18280,1.0
18281,18281,1.0
18282,18282,1.0
18283,18283,1.0
18284,18284,1.0
18285,18285,1.0
18286,18286,1.0
18287,18287,1.0
18288,18288,1.0
18289,18289,1.0
18290,18290,1.0
18291,18291,0.8571428656578064
18292,18292,1.0
18293,18293,1.0
18294,18294,1.0
18295,18295,0.7142857313156128
18296,18296,1.0
18297,18297,1.0
18298,18298,1.0
18299,18299,1.0
18300,18300,1.0
18301,18301,0.2857142984867096
18302,18302,0.8571428656578064
18303,18303,1.0
18304,18304,0.7142857313156128
18305,18305,1.0
18306,18306,0.7142857313156128
18307,18307,0.7142857313156128
18308,18308,0.8571428656578064
18309,18309,1.0
18310,18310,1.0
18311,18311,0.7142857313156128
18312,18312,0.8571428656578064
18313,18313,0.7142857313156128
18314,18314,0.8571428656578064
18315,18315,1.0
18316,18316,1.0
18317,18317,1.0
18318,18318,1.0
18319,18319,0.8571428656578064
18320,18320,1.0
18321,18321,1.0
18322,18322,0.5714285969734192
18323,18323,1.0
18324,18324,1.0
18325,18325,0.8571428656578064
18326,18326,1.0
18327,18327,0.8571428656578064
18328,18328,1.0
18329,18329,1.0
18330,18330,0.7142857313156128
18331,18331,1.0
18332,18332,0.8571428656578064
18333,18333,1.0
18334,18334,1.0
18335,18335,1.0
18336,18336,0.7142857313156128
18337,18337,0.8571428656578064
18338,18338,1.0
18339,18339,0.7142857313156128
18340,18340,1.0
18341,18341,0.5714285969734192
18342,18342,1.0
18343,18343,1.0
18344,18344,0.8571428656578064
18345,18345,1.0
18346,18346,1.0
18347,18347,0.8571428656578064
18348,18348,1.0
18349,18349,0.8571428656578064
18350,18350,0.8571428656578064
18351,18351,0.8571428656578064
18352,18352,0.8571428656578064
18353,18353,1.0
18354,18354,0.0
18355,18355,1.0
18356,18356,1.0
18357,18357,0.8571428656578064
18358,18358,1.0
18359,18359,0.7142857313156128
18360,18360,1.0
18361,18361,0.8571428656578064
18362,18362,0.2857142984867096
18363,18363,0.5714285969734192
18364,18364,0.7142857313156128
18365,18365,0.8571428656578064
18366,18366,1.0
18367,18367,1.0
18368,18368,0.7142857313156128
18369,18369,0.8571428656578064
18370,18370,1.0
18371,18371,1.0
18372,18372,1.0
18373,18373,1.0
18374,18374,1.0
18375,18375,1.0
18376,18376,1.0
18377,18377,1.0
18378,18378,1.0
18379,18379,1.0
18380,18380,1.0
18381,18381,1.0
18382,18382,1.0
18383,18383,1.0
18384,18384,1.0
18385,18385,1.0
18386,18386,1.0
18387,18387,1.0
18388,18388,0.8571428656578064
18389,18389,1.0
18390,18390,1.0
18391,18391,1.0
18392,18392,1.0
18393,18393,1.0
18394,18394,1.0
18395,18395,1.0
18396,18396,1.0
18397,18397,1.0
18398,18398,1.0
18399,18399,1.0
18400,18400,1.0
18401,18401,0.8571428656578064
18402,18402,1.0
18403,18403,1.0
18404,18404,1.0
18405,18405,0.7142857313156128
18406,18406,1.0
18407,18407,1.0
18408,18408,1.0
18409,18409,1.0
18410,18410,1.0
18411,18411,0.8571428656578064
18412,18412,0.8571428656578064
18413,18413,1.0
18414,18414,0.2857142984867096
18415,18415,1.0
18416,18416,1.0
18417,18417,0.8571428656578064
18418,18418,1.0
18419,18419,1.0
18420,18420,1.0
18421,18421,1.0
18422,18422,0.8571428656578064
18423,18423,0.4285714328289032
18424,18424,0.8571428656578064
18425,18425,1.0
18426,18426,0.7142857313156128
18427,18427,0.5714285969734192
18428,18428,1.0
18429,18429,1.0
18430,18430,1.0
18431,18431,1.0
18432,18432,1.0
18433,18433,1.0
18434,18434,1.0
18435,18435,0.8571428656578064
18436,18436,1.0
18437,18437,0.8571428656578064
18438,18438,1.0
18439,18439,0.7142857313156128
18440,18440,1.0
18441,18441,1.0
18442,18442,0.8571428656578064
18443,18443,1.0
18444,18444,1.0
18445,18445,1.0
18446,18446,0.8571428656578064
18447,18447,0.8571428656578064
18448,18448,1.0
18449,18449,0.7142857313156128
18450,18450,0.8571428656578064
18451,18451,1.0
18452,18452,1.0
18453,18453,1.0
18454,18454,1.0
18455,18455,1.0
18456,18456,0.7142857313156128
18457,18457,1.0
18458,18458,1.0
18459,18459,1.0
18460,18460,0.5714285969734192
18461,18461,1.0
18462,18462,1.0
18463,18463,1.0
18464,18464,1.0
18465,18465,1.0
18466,18466,1.0
18467,18467,0.8571428656578064
18468,18468,0.5714285969734192
18469,18469,1.0
18470,18470,0.8571428656578064
18471,18471,1.0
18472,18472,0.8571428656578064
18473,18473,0.8571428656578064
18474,18474,1.0
18475,18475,1.0
18476,18476,1.0
18477,18477,1.0
18478,18478,0.8571428656578064
18479,18479,0.8571428656578064
18480,18480,0.8571428656578064
18481,18481,1.0
18482,18482,1.0
18483,18483,1.0
18484,18484,0.1428571492433548
18485,18485,1.0
18486,18486,1.0
18487,18487,1.0
18488,18488,1.0
18489,18489,1.0
18490,18490,1.0
18491,18491,1.0
18492,18492,1.0
18493,18493,1.0
18494,18494,1.0
18495,18495,1.0
18496,18496,1.0
18497,18497,1.0
18498,18498,0.8571428656578064
18499,18499,1.0
18500,18500,1.0
18501,18501,1.0
18502,18502,1.0
18503,18503,1.0
18504,18504,0.0
18505,18505,1.0
18506,18506,1.0
18507,18507,1.0
18508,18508,1.0
18509,18509,1.0
18510,18510,1.0
18511,18511,1.0
18512,18512,0.8571428656578064
18513,18513,1.0
18514,18514,0.0
18515,18515,0.7142857313156128
18516,18516,1.0
18517,18517,1.0
18518,18518,1.0
18519,18519,1.0
18520,18520,1.0
18521,18521,0.8571428656578064
18522,18522,0.8571428656578064
18523,18523,1.0
18524,18524,0.7142857313156128
18525,18525,1.0
18526,18526,1.0
18527,18527,0.8571428656578064
18528,18528,1.0
18529,18529,1.0
18530,18530,1.0
18531,18531,1.0
18532,18532,0.8571428656578064
18533,18533,0.7142857313156128
18534,18534,0.8571428656578064
18535,18535,1.0
18536,18536,1.0
18537,18537,1.0
18538,18538,1.0
18539,18539,1.0
18540,18540,1.0
18541,18541,1.0
18542,18542,1.0
18543,18543,1.0
18544,18544,1.0
18545,18545,0.8571428656578064
18546,18546,0.1428571492433548
18547,18547,0.8571428656578064
18548,18548,1.0
18549,18549,1.0
18550,18550,1.0
18551,18551,1.0
18552,18552,0.8571428656578064
18553,18553,1.0
18554,18554,1.0
18555,18555,0.5714285969734192
18556,18556,0.7142857313156128
18557,18557,0.8571428656578064
18558,18558,1.0
18559,18559,1.0
18560,18560,0.0
18561,18561,1.0
18562,18562,1.0
18563,18563,1.0
18564,18564,1.0
18565,18565,1.0
18566,18566,1.0
18567,18567,0.8571428656578064
18568,18568,1.0
18569,18569,1.0
18570,18570,0.8571428656578064
18571,18571,0.8571428656578064
18572,18572,1.0
18573,18573,1.0
18574,18574,1.0
18575,18575,1.0
18576,18576,1.0
18577,18577,0.8571428656578064
18578,18578,1.0
18579,18579,0.7142857313156128
18580,18580,0.8571428656578064
18581,18581,1.0
18582,18582,0.8571428656578064
18583,18583,0.5714285969734192
18584,18584,1.0
18585,18585,1.0
18586,18586,0.8571428656578064
18587,18587,0.5714285969734192
18588,18588,0.0
18589,18589,1.0
18590,18590,1.0
18591,18591,1.0
18592,18592,0.0
18593,18593,1.0
18594,18594,1.0
18595,18595,1.0
18596,18596,1.0
18597,18597,1.0
18598,18598,1.0
18599,18599,0.1428571492433548
18600,18600,1.0
18601,18601,1.0
18602,18602,1.0
18603,18603,1.0
18604,18604,1.0
18605,18605,1.0
18606,18606,1.0
18607,18607,1.0
18608,18608,0.8571428656578064
18609,18609,1.0
18610,18610,1.0
18611,18611,1.0
18612,18612,1.0
18613,18613,1.0
18614,18614,1.0
18615,18615,1.0
18616,18616,1.0
18617,18617,1.0
18618,18618,1.0
18619,18619,1.0
18620,18620,1.0
18621,18621,1.0
18622,18622,1.0
18623,18623,1.0
18624,18624,1.0
18625,18625,0.1428571492433548
18626,18626,1.0
18627,18627,1.0
18628,18628,1.0
18629,18629,1.0
18630,18630,1.0
18631,18631,0.8571428656578064
18632,18632,0.8571428656578064
18633,18633,1.0
18634,18634,0.7142857313156128
18635,18635,1.0
18636,18636,1.0
18637,18637,0.8571428656578064
18638,18638,1.0
18639,18639,1.0
18640,18640,1.0
18641,18641,1.0
18642,18642,0.8571428656578064
18643,18643,0.7142857313156128
18644,18644,0.8571428656578064
18645,18645,1.0
18646,18646,1.0
18647,18647,0.0
18648,18648,0.4285714328289032
18649,18649,0.8571428656578064
18650,18650,1.0
18651,18651,1.0
18652,18652,0.4285714328289032
18653,18653,1.0
18654,18654,1.0
18655,18655,0.8571428656578064
18656,18656,1.0
18657,18657,0.8571428656578064
18658,18658,1.0
18659,18659,0.5714285969734192
18660,18660,1.0
18661,18661,1.0
18662,18662,0.8571428656578064
18663,18663,1.0
18664,18664,0.2857142984867096
18665,18665,0.4285714328289032
18666,18666,0.5714285969734192
18667,18667,0.8571428656578064
18668,18668,0.8571428656578064
18669,18669,1.0
18670,18670,1.0
18671,18671,1.0
18672,18672,1.0
18673,18673,1.0
18674,18674,0.8571428656578064
18675,18675,0.8571428656578064
18676,18676,1.0
18677,18677,1.0
18678,18678,1.0
18679,18679,1.0
18680,18680,0.8571428656578064
18681,18681,1.0
18682,18682,1.0
18683,18683,1.0
18684,18684,1.0
18685,18685,1.0
18686,18686,1.0
18687,18687,0.8571428656578064
18688,18688,0.2857142984867096
18689,18689,1.0
18690,18690,0.8571428656578064
18691,18691,1.0
18692,18692,0.8571428656578064
18693,18693,0.5714285969734192
18694,18694,1.0
18695,18695,0.8571428656578064
18696,18696,1.0
18697,18697,0.7142857313156128
18698,18698,0.7142857313156128
18699,18699,1.0
18700,18700,0.8571428656578064
18701,18701,1.0
18702,18702,1.0
18703,18703,1.0
18704,18704,1.0
18705,18705,1.0
18706,18706,1.0
18707,18707,1.0
18708,18708,1.0
18709,18709,1.0
18710,18710,1.0
18711,18711,1.0
18712,18712,1.0
18713,18713,1.0
18714,18714,1.0
18715,18715,1.0
18716,18716,1.0
18717,18717,1.0
18718,18718,0.8571428656578064
18719,18719,1.0
18720,18720,1.0
18721,18721,1.0
18722,18722,1.0
18723,18723,1.0
18724,18724,0.0
18725,18725,1.0
18726,18726,1.0
18727,18727,1.0
18728,18728,1.0
18729,18729,1.0
18730,18730,1.0
18731,18731,1.0
18732,18732,0.7142857313156128
18733,18733,1.0
18734,18734,1.0
18735,18735,0.0
18736,18736,1.0
18737,18737,1.0
18738,18738,1.0
18739,18739,1.0
18740,18740,1.0
18741,18741,0.8571428656578064
18742,18742,0.5714285969734192
18743,18743,1.0
18744,18744,0.2857142984867096
18745,18745,1.0
18746,18746,1.0
18747,18747,0.7142857313156128
18748,18748,1.0
18749,18749,1.0
18750,18750,1.0
18751,18751,1.0
18752,18752,0.8571428656578064
18753,18753,0.4285714328289032
18754,18754,0.8571428656578064
18755,18755,1.0
18756,18756,1.0
18757,18757,1.0
18758,18758,1.0
18759,18759,1.0
18760,18760,1.0
18761,18761,1.0
18762,18762,0.4285714328289032
18763,18763,0.8571428656578064
18764,18764,1.0
18765,18765,0.8571428656578064
18766,18766,0.8571428656578064
18767,18767,0.8571428656578064
18768,18768,1.0
18769,18769,1.0
18770,18770,0.8571428656578064
18771,18771,0.7142857313156128
18772,18772,0.8571428656578064
18773,18773,1.0
18774,18774,1.0
18775,18775,1.0
18776,18776,1.0
18777,18777,0.8571428656578064
18778,18778,0.7142857313156128
18779,18779,1.0
18780,18780,0.5714285969734192
18781,18781,1.0
18782,18782,1.0
18783,18783,1.0
18784,18784,1.0
18785,18785,1.0
18786,18786,1.0
18787,18787,1.0
18788,18788,1.0
18789,18789,0.5714285969734192
18790,18790,0.8571428656578064
18791,18791,1.0
18792,18792,1.0
18793,18793,1.0
18794,18794,1.0
18795,18795,1.0
18796,18796,1.0
18797,18797,1.0
18798,18798,0.2857142984867096
18799,18799,1.0
18800,18800,1.0
18801,18801,1.0
18802,18802,0.8571428656578064
18803,18803,0.5714285969734192
18804,18804,1.0
18805,18805,0.8571428656578064
18806,18806,1.0
18807,18807,1.0
18808,18808,0.0
18809,18809,0.5714285969734192
18810,18810,0.8571428656578064
18811,18811,1.0
18812,18812,1.0
18813,18813,1.0
18814,18814,1.0
18815,18815,1.0
18816,18816,1.0
18817,18817,1.0
18818,18818,1.0
18819,18819,1.0
18820,18820,1.0
18821,18821,1.0
18822,18822,1.0
18823,18823,1.0
18824,18824,1.0
18825,18825,1.0
18826,18826,1.0
18827,18827,1.0
18828,18828,0.8571428656578064
18829,18829,1.0
18830,18830,1.0
18831,18831,1.0
18832,18832,1.0
18833,18833,1.0
18834,18834,1.0
18835,18835,1.0
18836,18836,1.0
18837,18837,1.0
18838,18838,1.0
18839,18839,1.0
18840,18840,1.0
18841,18841,1.0
18842,18842,1.0
18843,18843,1.0
18844,18844,0.2857142984867096
18845,18845,0.0
18846,18846,1.0
18847,18847,1.0
18848,18848,1.0
18849,18849,1.0
18850,18850,1.0
18851,18851,0.7142857313156128
18852,18852,0.8571428656578064
18853,18853,1.0
18854,18854,1.0
18855,18855,1.0
18856,18856,1.0
18857,18857,0.8571428656578064
18858,18858,1.0
18859,18859,1.0
18860,18860,1.0
18861,18861,1.0
18862,18862,0.8571428656578064
18863,18863,0.7142857313156128
18864,18864,0.8571428656578064
18865,18865,1.0
18866,18866,1.0
18867,18867,1.0
18868,18868,1.0
18869,18869,1.0
18870,18870,1.0
18871,18871,0.7142857313156128
18872,18872,1.0
18873,18873,1.0
18874,18874,1.0
18875,18875,0.8571428656578064
18876,18876,1.0
18877,18877,0.8571428656578064
18878,18878,1.0
18879,18879,0.7142857313156128
18880,18880,1.0
18881,18881,1.0
18882,18882,0.5714285969734192
18883,18883,1.0
18884,18884,0.8571428656578064
18885,18885,1.0
18886,18886,0.7142857313156128
18887,18887,0.8571428656578064
18888,18888,0.7142857313156128
18889,18889,0.8571428656578064
18890,18890,1.0
18891,18891,1.0
18892,18892,1.0
18893,18893,1.0
18894,18894,1.0
18895,18895,1.0
18896,18896,1.0
18897,18897,1.0
18898,18898,0.4285714328289032
18899,18899,1.0
18900,18900,0.8571428656578064
18901,18901,0.7142857313156128
18902,18902,0.7142857313156128
18903,18903,1.0
18904,18904,1.0
18905,18905,1.0
18906,18906,1.0
18907,18907,0.8571428656578064
18908,18908,1.0
18909,18909,1.0
18910,18910,0.8571428656578064
18911,18911,1.0
18912,18912,0.8571428656578064
18913,18913,0.8571428656578064
18914,18914,1.0
18915,18915,0.8571428656578064
18916,18916,0.7142857313156128
18917,18917,1.0
18918,18918,0.7142857313156128
18919,18919,1.0
18920,18920,1.0
18921,18921,1.0
18922,18922,1.0
18923,18923,1.0
18924,18924,1.0
18925,18925,1.0
18926,18926,1.0
18927,18927,1.0
18928,18928,1.0
18929,18929,1.0
18930,18930,1.0
18931,18931,1.0
18932,18932,1.0
18933,18933,1.0
18934,18934,1.0
18935,18935,1.0
18936,18936,1.0
18937,18937,1.0
18938,18938,0.8571428656578064
18939,18939,1.0
18940,18940,1.0
18941,18941,1.0
18942,18942,1.0
18943,18943,1.0
18944,18944,1.0
18945,18945,1.0
18946,18946,1.0
18947,18947,1.0
18948,18948,1.0
18949,18949,1.0
18950,18950,1.0
18951,18951,0.8571428656578064
18952,18952,1.0
18953,18953,0.7142857313156128
18954,18954,1.0
18955,18955,0.0
18956,18956,1.0
18957,18957,1.0
18958,18958,1.0
18959,18959,0.4285714328289032
18960,18960,1.0
18961,18961,0.8571428656578064
18962,18962,0.8571428656578064
18963,18963,0.5714285969734192
18964,18964,0.7142857313156128
18965,18965,0.5714285969734192
18966,18966,1.0
18967,18967,0.8571428656578064
18968,18968,1.0
18969,18969,1.0
18970,18970,1.0
18971,18971,1.0
18972,18972,0.8571428656578064
18973,18973,0.7142857313156128
18974,18974,0.5714285969734192
18975,18975,1.0
18976,18976,1.0
18977,18977,1.0
18978,18978,1.0
18979,18979,1.0
18980,18980,0.7142857313156128
18981,18981,1.0
18982,18982,0.7142857313156128
18983,18983,1.0
18984,18984,1.0
18985,18985,0.5714285969734192
18986,18986,0.2857142984867096
18987,18987,0.8571428656578064
18988,18988,1.0
18989,18989,1.0
18990,18990,1.0
18991,18991,1.0
18992,18992,0.8571428656578064
18993,18993,1.0
18994,18994,0.5714285969734192
18995,18995,1.0
18996,18996,0.7142857313156128
18997,18997,0.8571428656578064
18998,18998,1.0
18999,18999,1.0
19000,19000,0.8571428656578064
19001,19001,1.0
19002,19002,1.0
19003,19003,1.0
19004,19004,0.5714285969734192
19005,19005,1.0
19006,19006,1.0
19007,19007,1.0
19008,19008,0.5714285969734192
19009,19009,0.7142857313156128
19010,19010,0.8571428656578064
19011,19011,1.0
19012,19012,0.8571428656578064
19013,19013,1.0
19014,19014,1.0
19015,19015,1.0
19016,19016,1.0
19017,19017,1.0
19018,19018,0.7142857313156128
19019,19019,0.7142857313156128
19020,19020,0.8571428656578064
19021,19021,1.0
19022,19022,0.2857142984867096
19023,19023,0.5714285969734192
19024,19024,1.0
19025,19025,0.1428571492433548
19026,19026,0.0
19027,19027,1.0
19028,19028,0.7142857313156128
19029,19029,1.0
19030,19030,1.0
19031,19031,1.0
19032,19032,1.0
19033,19033,1.0
19034,19034,1.0
19035,19035,1.0
19036,19036,1.0
19037,19037,1.0
19038,19038,1.0
19039,19039,1.0
19040,19040,1.0
19041,19041,1.0
19042,19042,1.0
19043,19043,1.0
19044,19044,1.0
19045,19045,1.0
19046,19046,1.0
19047,19047,1.0
19048,19048,0.8571428656578064
19049,19049,1.0
19050,19050,1.0
19051,19051,1.0
19052,19052,1.0
19053,19053,1.0
19054,19054,1.0
19055,19055,1.0
19056,19056,1.0
19057,19057,1.0
19058,19058,1.0
19059,19059,1.0
19060,19060,1.0
19061,19061,0.8571428656578064
19062,19062,1.0
19063,19063,1.0
19064,19064,1.0
19065,19065,0.8571428656578064
19066,19066,1.0
19067,19067,1.0
19068,19068,1.0
19069,19069,1.0
19070,19070,1.0
19071,19071,0.8571428656578064
19072,19072,0.8571428656578064
19073,19073,1.0
19074,19074,0.7142857313156128
19075,19075,1.0
19076,19076,1.0
19077,19077,0.7142857313156128
19078,19078,1.0
19079,19079,1.0
19080,19080,1.0
19081,19081,1.0
19082,19082,0.8571428656578064
19083,19083,1.0
19084,19084,0.7142857313156128
19085,19085,1.0
19086,19086,1.0
19087,19087,1.0
19088,19088,1.0
19089,19089,0.8571428656578064
19090,19090,1.0
19091,19091,1.0
19092,19092,1.0
19093,19093,1.0
19094,19094,1.0
19095,19095,0.5714285969734192
19096,19096,1.0
19097,19097,0.8571428656578064
19098,19098,1.0
19099,19099,1.0
19100,19100,1.0
19101,19101,1.0
19102,19102,0.8571428656578064
19103,19103,0.8571428656578064
19104,19104,0.5714285969734192
19105,19105,1.0
19106,19106,0.7142857313156128
19107,19107,0.8571428656578064
19108,19108,0.8571428656578064
19109,19109,0.8571428656578064
19110,19110,1.0
19111,19111,1.0
19112,19112,1.0
19113,19113,1.0
19114,19114,1.0
19115,19115,0.8571428656578064
19116,19116,1.0
19117,19117,0.8571428656578064
19118,19118,1.0
19119,19119,0.7142857313156128
19120,19120,1.0
19121,19121,1.0
19122,19122,1.0
19123,19123,1.0
19124,19124,1.0
19125,19125,1.0
19126,19126,1.0
19127,19127,0.8571428656578064
19128,19128,1.0
19129,19129,1.0
19130,19130,0.8571428656578064
19131,19131,0.7142857313156128
19132,19132,0.7142857313156128
19133,19133,0.5714285969734192
19134,19134,1.0
19135,19135,1.0
19136,19136,1.0
19137,19137,1.0
19138,19138,0.8571428656578064
19139,19139,1.0
19140,19140,1.0
19141,19141,1.0
19142,19142,1.0
19143,19143,1.0
19144,19144,1.0
19145,19145,1.0
19146,19146,1.0
19147,19147,1.0
19148,19148,1.0
19149,19149,1.0
19150,19150,1.0
19151,19151,1.0
19152,19152,1.0
19153,19153,1.0
19154,19154,1.0
19155,19155,1.0
19156,19156,1.0
19157,19157,1.0
19158,19158,0.8571428656578064
19159,19159,1.0
19160,19160,1.0
19161,19161,1.0
19162,19162,1.0
19163,19163,1.0
19164,19164,1.0
19165,19165,1.0
19166,19166,1.0
19167,19167,1.0
19168,19168,1.0
19169,19169,1.0
19170,19170,1.0
19171,19171,0.1428571492433548
19172,19172,1.0
19173,19173,1.0
19174,19174,1.0
19175,19175,0.7142857313156128
19176,19176,1.0
19177,19177,1.0
19178,19178,1.0
19179,19179,1.0
19180,19180,0.4285714328289032
19181,19181,0.5714285969734192
19182,19182,0.8571428656578064
19183,19183,1.0
19184,19184,0.7142857313156128
19185,19185,1.0
19186,19186,1.0
19187,19187,0.7142857313156128
19188,19188,1.0
19189,19189,1.0
19190,19190,1.0
19191,19191,1.0
19192,19192,0.8571428656578064
19193,19193,0.7142857313156128
19194,19194,0.8571428656578064
19195,19195,1.0
19196,19196,1.0
19197,19197,0.0
19198,19198,1.0
19199,19199,1.0
19200,19200,1.0
19201,19201,1.0
19202,19202,1.0
19203,19203,1.0
19204,19204,1.0
19205,19205,0.0
19206,19206,1.0
19207,19207,0.8571428656578064
19208,19208,0.8571428656578064
19209,19209,1.0
19210,19210,1.0
19211,19211,1.0
19212,19212,0.8571428656578064
19213,19213,1.0
19214,19214,0.8571428656578064
19215,19215,1.0
19216,19216,0.7142857313156128
19217,19217,0.8571428656578064
19218,19218,0.7142857313156128
19219,19219,0.4285714328289032
19220,19220,0.8571428656578064
19221,19221,1.0
19222,19222,1.0
19223,19223,1.0
19224,19224,1.0
19225,19225,1.0
19226,19226,1.0
19227,19227,1.0
19228,19228,0.4285714328289032
19229,19229,0.7142857313156128
19230,19230,0.8571428656578064
19231,19231,1.0
19232,19232,1.0
19233,19233,0.5714285969734192
19234,19234,1.0
19235,19235,1.0
19236,19236,1.0
19237,19237,0.8571428656578064
19238,19238,1.0
19239,19239,1.0
19240,19240,1.0
19241,19241,1.0
19242,19242,0.8571428656578064
19243,19243,0.8571428656578064
19244,19244,0.7142857313156128
19245,19245,1.0
19246,19246,0.8571428656578064
19247,19247,0.8571428656578064
19248,19248,0.7142857313156128
19249,19249,1.0
19250,19250,1.0
19251,19251,1.0
19252,19252,1.0
19253,19253,1.0
19254,19254,1.0
19255,19255,1.0
19256,19256,1.0
19257,19257,1.0
19258,19258,1.0
19259,19259,1.0
19260,19260,1.0
19261,19261,1.0
19262,19262,1.0
19263,19263,1.0
19264,19264,1.0
19265,19265,1.0
19266,19266,1.0
19267,19267,1.0
19268,19268,0.8571428656578064
19269,19269,1.0
19270,19270,1.0
19271,19271,1.0
19272,19272,1.0
19273,19273,1.0
19274,19274,1.0
19275,19275,1.0
19276,19276,1.0
19277,19277,1.0
19278,19278,1.0
19279,19279,1.0
19280,19280,1.0
19281,19281,0.1428571492433548
19282,19282,1.0
19283,19283,1.0
19284,19284,1.0
19285,19285,0.8571428656578064
19286,19286,1.0
19287,19287,1.0
19288,19288,1.0
19289,19289,1.0
19290,19290,0.4285714328289032
19291,19291,0.8571428656578064
19292,19292,0.8571428656578064
19293,19293,1.0
19294,19294,0.7142857313156128
19295,19295,0.7142857313156128
19296,19296,1.0
19297,19297,0.8571428656578064
19298,19298,1.0
19299,19299,1.0
19300,19300,1.0
19301,19301,1.0
19302,19302,0.8571428656578064
19303,19303,0.7142857313156128
19304,19304,0.8571428656578064
19305,19305,1.0
19306,19306,0.1428571492433548
19307,19307,1.0
19308,19308,1.0
19309,19309,1.0
19310,19310,1.0
19311,19311,1.0
19312,19312,0.5714285969734192
19313,19313,1.0
19314,19314,1.0
19315,19315,0.8571428656578064
19316,19316,1.0
19317,19317,0.8571428656578064
19318,19318,1.0
19319,19319,1.0
19320,19320,1.0
19321,19321,0.7142857313156128
19322,19322,0.8571428656578064
19323,19323,1.0
19324,19324,1.0
19325,19325,1.0
19326,19326,0.7142857313156128
19327,19327,0.8571428656578064
19328,19328,0.7142857313156128
19329,19329,1.0
19330,19330,1.0
19331,19331,1.0
19332,19332,1.0
19333,19333,1.0
19334,19334,1.0
19335,19335,0.5714285969734192
19336,19336,0.7142857313156128
19337,19337,1.0
19338,19338,0.7142857313156128
19339,19339,1.0
19340,19340,0.8571428656578064
19341,19341,1.0
19342,19342,1.0
19343,19343,1.0
19344,19344,1.0
19345,19345,1.0
19346,19346,1.0
19347,19347,0.8571428656578064
19348,19348,0.7142857313156128
19349,19349,0.7142857313156128
19350,19350,0.2857142984867096
19351,19351,1.0
19352,19352,0.7142857313156128
19353,19353,0.2857142984867096
19354,19354,1.0
19355,19355,0.8571428656578064
19356,19356,1.0
19357,19357,0.5714285969734192
19358,19358,0.7142857313156128
19359,19359,1.0
19360,19360,0.8571428656578064
19361,19361,1.0
19362,19362,1.0
19363,19363,1.0
19364,19364,1.0
19365,19365,1.0
19366,19366,1.0
19367,19367,1.0
19368,19368,1.0
19369,19369,0.1428571492433548
19370,19370,1.0
19371,19371,1.0
19372,19372,1.0
19373,19373,1.0
19374,19374,1.0
19375,19375,1.0
19376,19376,1.0
19377,19377,0.0
19378,19378,1.0
19379,19379,1.0
19380,19380,1.0
19381,19381,1.0
19382,19382,1.0
19383,19383,1.0
19384,19384,1.0
19385,19385,1.0
19386,19386,1.0
19387,19387,1.0
19388,19388,1.0
19389,19389,1.0
19390,19390,1.0
19391,19391,1.0
19392,19392,1.0
19393,19393,0.4285714328289032
19394,19394,1.0
19395,19395,0.8571428656578064
19396,19396,1.0
19397,19397,1.0
19398,19398,0.1428571492433548
19399,19399,1.0
19400,19400,1.0
19401,19401,0.4285714328289032
19402,19402,0.8571428656578064
19403,19403,1.0
19404,19404,0.7142857313156128
19405,19405,1.0
19406,19406,1.0
19407,19407,0.8571428656578064
19408,19408,1.0
19409,19409,0.7142857313156128
19410,19410,1.0
19411,19411,1.0
19412,19412,0.8571428656578064
19413,19413,0.7142857313156128
19414,19414,0.8571428656578064
19415,19415,1.0
19416,19416,1.0
19417,19417,1.0
19418,19418,1.0
19419,19419,1.0
19420,19420,1.0
19421,19421,1.0
19422,19422,1.0
19423,19423,0.7142857313156128
19424,19424,1.0
19425,19425,0.8571428656578064
19426,19426,1.0
19427,19427,0.8571428656578064
19428,19428,1.0
19429,19429,1.0
19430,19430,1.0
19431,19431,1.0
19432,19432,0.8571428656578064
19433,19433,1.0
19434,19434,0.0
19435,19435,0.4285714328289032
19436,19436,0.7142857313156128
19437,19437,0.8571428656578064
19438,19438,0.7142857313156128
19439,19439,1.0
19440,19440,0.5714285969734192
19441,19441,1.0
19442,19442,1.0
19443,19443,1.0
19444,19444,0.8571428656578064
19445,19445,0.8571428656578064
19446,19446,0.7142857313156128
19447,19447,1.0
19448,19448,1.0
19449,19449,1.0
19450,19450,0.8571428656578064
19451,19451,1.0
19452,19452,1.0
19453,19453,1.0
19454,19454,0.7142857313156128
19455,19455,1.0
19456,19456,1.0
19457,19457,0.8571428656578064
19458,19458,1.0
19459,19459,1.0
19460,19460,0.8571428656578064
19461,19461,1.0
19462,19462,0.8571428656578064
19463,19463,0.4285714328289032
19464,19464,1.0
19465,19465,0.8571428656578064
19466,19466,1.0
19467,19467,1.0
19468,19468,0.8571428656578064
19469,19469,1.0
19470,19470,1.0
19471,19471,1.0
19472,19472,1.0
19473,19473,1.0
19474,19474,1.0
19475,19475,1.0
19476,19476,1.0
19477,19477,1.0
19478,19478,1.0
19479,19479,1.0
19480,19480,1.0
19481,19481,1.0
19482,19482,1.0
19483,19483,1.0
19484,19484,1.0
19485,19485,1.0
19486,19486,1.0
19487,19487,1.0
19488,19488,0.8571428656578064
19489,19489,1.0
19490,19490,1.0
19491,19491,1.0
19492,19492,1.0
19493,19493,1.0
19494,19494,1.0
19495,19495,1.0
19496,19496,1.0
19497,19497,1.0
19498,19498,1.0
19499,19499,1.0
19500,19500,1.0
19501,19501,0.4285714328289032
19502,19502,0.7142857313156128
19503,19503,1.0
19504,19504,1.0
19505,19505,0.7142857313156128
19506,19506,1.0
19507,19507,0.2857142984867096
19508,19508,0.2857142984867096
19509,19509,1.0
19510,19510,1.0
19511,19511,0.8571428656578064
19512,19512,0.8571428656578064
19513,19513,1.0
19514,19514,0.7142857313156128
19515,19515,1.0
19516,19516,1.0
19517,19517,0.0
19518,19518,1.0
19519,19519,1.0
19520,19520,1.0
19521,19521,1.0
19522,19522,0.8571428656578064
19523,19523,1.0
19524,19524,0.8571428656578064
19525,19525,1.0
19526,19526,1.0
19527,19527,1.0
19528,19528,1.0
19529,19529,1.0
19530,19530,1.0
19531,19531,1.0
19532,19532,1.0
19533,19533,1.0
19534,19534,1.0
19535,19535,0.8571428656578064
19536,19536,1.0
19537,19537,0.8571428656578064
19538,19538,1.0
19539,19539,1.0
19540,19540,1.0
19541,19541,0.8571428656578064
19542,19542,0.8571428656578064
19543,19543,1.0
19544,19544,0.5714285969734192
19545,19545,1.0
19546,19546,0.0
19547,19547,0.8571428656578064
19548,19548,0.8571428656578064
19549,19549,1.0
19550,19550,1.0
19551,19551,1.0
19552,19552,1.0
19553,19553,1.0
19554,19554,1.0
19555,19555,1.0
19556,19556,1.0
19557,19557,1.0
19558,19558,1.0
19559,19559,1.0
19560,19560,0.8571428656578064
19561,19561,1.0
19562,19562,1.0
19563,19563,1.0
19564,19564,1.0
19565,19565,1.0
19566,19566,1.0
19567,19567,1.0
19568,19568,0.7142857313156128
19569,19569,1.0
19570,19570,0.8571428656578064
19571,19571,1.0
19572,19572,1.0
19573,19573,0.8571428656578064
19574,19574,1.0
19575,19575,1.0
19576,19576,1.0
19577,19577,1.0
19578,19578,0.7142857313156128
19579,19579,1.0
19580,19580,0.8571428656578064
19581,19581,1.0
19582,19582,1.0
19583,19583,1.0
19584,19584,1.0
19585,19585,1.0
19586,19586,1.0
19587,19587,1.0
19588,19588,1.0
19589,19589,1.0
19590,19590,1.0
19591,19591,1.0
19592,19592,1.0
19593,19593,1.0
19594,19594,1.0
19595,19595,1.0
19596,19596,1.0
19597,19597,1.0
19598,19598,0.8571428656578064
19599,19599,1.0
19600,19600,1.0
19601,19601,1.0
19602,19602,1.0
19603,19603,1.0
19604,19604,0.0
19605,19605,1.0
19606,19606,1.0
19607,19607,1.0
19608,19608,1.0
19609,19609,1.0
19610,19610,1.0
19611,19611,1.0
19612,19612,0.8571428656578064
19613,19613,1.0
19614,19614,1.0
19615,19615,0.8571428656578064
19616,19616,1.0
19617,19617,1.0
19618,19618,1.0
19619,19619,1.0
19620,19620,1.0
19621,19621,1.0
19622,19622,0.8571428656578064
19623,19623,1.0
19624,19624,1.0
19625,19625,1.0
19626,19626,0.7142857313156128
19627,19627,0.5714285969734192
19628,19628,0.1428571492433548
19629,19629,0.5714285969734192
19630,19630,1.0
19631,19631,1.0
19632,19632,0.8571428656578064
19633,19633,0.7142857313156128
19634,19634,0.8571428656578064
19635,19635,0.1428571492433548
19636,19636,1.0
19637,19637,1.0
19638,19638,0.7142857313156128
19639,19639,0.8571428656578064
19640,19640,1.0
19641,19641,1.0
19642,19642,1.0
19643,19643,1.0
19644,19644,1.0
19645,19645,0.8571428656578064
19646,19646,1.0
19647,19647,0.8571428656578064
19648,19648,1.0
19649,19649,1.0
19650,19650,1.0
19651,19651,1.0
19652,19652,0.8571428656578064
19653,19653,1.0
19654,19654,1.0
19655,19655,1.0
19656,19656,0.0
19657,19657,0.8571428656578064
19658,19658,0.8571428656578064
19659,19659,1.0
19660,19660,1.0
19661,19661,0.5714285969734192
19662,19662,1.0
19663,19663,1.0
19664,19664,0.8571428656578064
19665,19665,1.0
19666,19666,0.7142857313156128
19667,19667,1.0
19668,19668,1.0
19669,19669,0.2857142984867096
19670,19670,1.0
19671,19671,1.0
19672,19672,1.0
19673,19673,1.0
19674,19674,0.4285714328289032
19675,19675,0.7142857313156128
19676,19676,0.8571428656578064
19677,19677,1.0
19678,19678,1.0
19679,19679,1.0
19680,19680,0.8571428656578064
19681,19681,1.0
19682,19682,1.0
19683,19683,0.5714285969734192
19684,19684,1.0
19685,19685,0.8571428656578064
19686,19686,0.7142857313156128
19687,19687,1.0
19688,19688,1.0
19689,19689,0.8571428656578064
19690,19690,1.0
19691,19691,1.0
19692,19692,1.0
19693,19693,1.0
19694,19694,1.0
19695,19695,1.0
19696,19696,1.0
19697,19697,1.0
19698,19698,1.0
19699,19699,0.1428571492433548
19700,19700,1.0
19701,19701,1.0
19702,19702,1.0
19703,19703,1.0
19704,19704,1.0
19705,19705,1.0
19706,19706,1.0
19707,19707,1.0
19708,19708,1.0
19709,19709,1.0
19710,19710,1.0
19711,19711,1.0
19712,19712,1.0
19713,19713,1.0
19714,19714,1.0
19715,19715,1.0
19716,19716,1.0
19717,19717,1.0
19718,19718,1.0
19719,19719,1.0
19720,19720,1.0
19721,19721,1.0
19722,19722,1.0
19723,19723,1.0
19724,19724,1.0
19725,19725,0.8571428656578064
19726,19726,0.1428571492433548
19727,19727,1.0
19728,19728,1.0
19729,19729,1.0
19730,19730,1.0
19731,19731,0.8571428656578064
19732,19732,0.8571428656578064
19733,19733,1.0
19734,19734,0.7142857313156128
19735,19735,1.0
19736,19736,1.0
19737,19737,0.4285714328289032
19738,19738,1.0
19739,19739,1.0
19740,19740,1.0
19741,19741,1.0
19742,19742,0.8571428656578064
19743,19743,0.7142857313156128
19744,19744,0.7142857313156128
19745,19745,1.0
19746,19746,1.0
19747,19747,1.0
19748,19748,1.0
19749,19749,1.0
19750,19750,1.0
19751,19751,1.0
19752,19752,1.0
19753,19753,1.0
19754,19754,1.0
19755,19755,0.8571428656578064
19756,19756,1.0
19757,19757,0.8571428656578064
19758,19758,1.0
19759,19759,1.0
19760,19760,1.0
19761,19761,1.0
19762,19762,0.8571428656578064
19763,19763,1.0
19764,19764,1.0
19765,19765,0.8571428656578064
19766,19766,0.7142857313156128
19767,19767,0.1428571492433548
19768,19768,1.0
19769,19769,0.7142857313156128
19770,19770,0.8571428656578064
19771,19771,0.5714285969734192
19772,19772,1.0
19773,19773,1.0
19774,19774,1.0
19775,19775,1.0
19776,19776,0.7142857313156128
19777,19777,1.0
19778,19778,0.4285714328289032
19779,19779,1.0
19780,19780,0.8571428656578064
19781,19781,1.0
19782,19782,1.0
19783,19783,1.0
19784,19784,1.0
19785,19785,1.0
19786,19786,1.0
19787,19787,1.0
19788,19788,1.0
19789,19789,1.0
19790,19790,0.8571428656578064
19791,19791,0.8571428656578064
19792,19792,0.1428571492433548
19793,19793,0.8571428656578064
19794,19794,1.0
19795,19795,0.8571428656578064
19796,19796,1.0
19797,19797,0.8571428656578064
19798,19798,0.8571428656578064
19799,19799,1.0
19800,19800,0.8571428656578064
19801,19801,1.0
19802,19802,1.0
19803,19803,1.0
19804,19804,1.0
19805,19805,1.0
19806,19806,1.0
19807,19807,1.0
19808,19808,1.0
19809,19809,1.0
19810,19810,1.0
19811,19811,1.0
19812,19812,1.0
19813,19813,1.0
19814,19814,1.0
19815,19815,1.0
19816,19816,1.0
19817,19817,0.0
19818,19818,0.8571428656578064
19819,19819,1.0
19820,19820,1.0
19821,19821,1.0
19822,19822,1.0
19823,19823,1.0
19824,19824,1.0
19825,19825,1.0
19826,19826,1.0
19827,19827,1.0
19828,19828,1.0
19829,19829,1.0
19830,19830,1.0
19831,19831,0.8571428656578064
19832,19832,1.0
19833,19833,1.0
19834,19834,1.0
19835,19835,0.8571428656578064
19836,19836,1.0
19837,19837,1.0
19838,19838,1.0
19839,19839,1.0
19840,19840,1.0
19841,19841,0.8571428656578064
19842,19842,0.8571428656578064
19843,19843,0.2857142984867096
19844,19844,0.7142857313156128
19845,19845,1.0
19846,19846,1.0
19847,19847,0.8571428656578064
19848,19848,1.0
19849,19849,1.0
19850,19850,1.0
19851,19851,1.0
19852,19852,0.8571428656578064
19853,19853,0.7142857313156128
19854,19854,0.8571428656578064
19855,19855,1.0
19856,19856,1.0
19857,19857,1.0
19858,19858,0.7142857313156128
19859,19859,1.0
19860,19860,1.0
19861,19861,1.0
19862,19862,0.5714285969734192
19863,19863,1.0
19864,19864,1.0
19865,19865,0.8571428656578064
19866,19866,1.0
19867,19867,0.8571428656578064
19868,19868,0.8571428656578064
19869,19869,0.4285714328289032
19870,19870,0.5714285969734192
19871,19871,1.0
19872,19872,0.8571428656578064
19873,19873,1.0
19874,19874,1.0
19875,19875,1.0
19876,19876,0.7142857313156128
19877,19877,0.8571428656578064
19878,19878,0.2857142984867096
19879,19879,0.7142857313156128
19880,19880,1.0
19881,19881,1.0
19882,19882,1.0
19883,19883,1.0
19884,19884,0.8571428656578064
19885,19885,1.0
19886,19886,0.7142857313156128
19887,19887,1.0
19888,19888,1.0
19889,19889,1.0
19890,19890,1.0
19891,19891,1.0
19892,19892,1.0
19893,19893,1.0
19894,19894,1.0
19895,19895,1.0
19896,19896,0.5714285969734192
19897,19897,0.5714285969734192
19898,19898,1.0
19899,19899,1.0
19900,19900,0.8571428656578064
19901,19901,0.8571428656578064
19902,19902,1.0
19903,19903,0.8571428656578064
19904,19904,0.4285714328289032
19905,19905,1.0
19906,19906,0.7142857313156128
19907,19907,1.0
19908,19908,0.8571428656578064
19909,19909,1.0
19910,19910,1.0
19911,19911,1.0
19912,19912,1.0
19913,19913,1.0
19914,19914,1.0
19915,19915,1.0
19916,19916,1.0
19917,19917,1.0
19918,19918,1.0
19919,19919,0.1428571492433548
19920,19920,1.0
19921,19921,1.0
19922,19922,1.0
19923,19923,1.0
19924,19924,1.0
19925,19925,1.0
19926,19926,1.0
19927,19927,1.0
19928,19928,1.0
19929,19929,1.0
19930,19930,1.0
19931,19931,1.0
19932,19932,1.0
19933,19933,1.0
19934,19934,1.0
19935,19935,1.0
19936,19936,1.0
19937,19937,1.0
19938,19938,1.0
19939,19939,1.0
19940,19940,1.0
19941,19941,1.0
19942,19942,1.0
19943,19943,0.4285714328289032
19944,19944,1.0
19945,19945,0.8571428656578064
19946,19946,1.0
19947,19947,1.0
19948,19948,1.0
19949,19949,1.0
19950,19950,0.4285714328289032
19951,19951,0.5714285969734192
19952,19952,0.8571428656578064
19953,19953,1.0
19954,19954,0.7142857313156128
19955,19955,1.0
19956,19956,1.0
19957,19957,0.5714285969734192
19958,19958,0.1428571492433548
19959,19959,1.0
19960,19960,1.0
19961,19961,0.7142857313156128
19962,19962,0.5714285969734192
19963,19963,0.7142857313156128
19964,19964,0.8571428656578064
19965,19965,1.0
19966,19966,1.0
19967,19967,0.7142857313156128
19968,19968,1.0
19969,19969,1.0
19970,19970,1.0
19971,19971,1.0
19972,19972,1.0
19973,19973,1.0
19974,19974,1.0
19975,19975,0.8571428656578064
19976,19976,1.0
19977,19977,0.8571428656578064
19978,19978,1.0
19979,19979,1.0
19980,19980,1.0
19981,19981,1.0
19982,19982,0.8571428656578064
19983,19983,1.0
19984,19984,1.0
19985,19985,1.0
19986,19986,0.7142857313156128
19987,19987,0.8571428656578064
19988,19988,1.0
19989,19989,1.0
19990,19990,1.0
19991,19991,0.5714285969734192
19992,19992,1.0
19993,19993,1.0
19994,19994,0.5714285969734192
19995,19995,1.0
19996,19996,0.7142857313156128
19997,19997,1.0
19998,19998,1.0
19999,19999,1.0
20000,20000,1.0
20001,20001,1.0
20002,20002,0.8571428656578064
20003,20003,1.0
20004,20004,1.0
20005,20005,1.0
20006,20006,1.0
20007,20007,0.8571428656578064
20008,20008,1.0
20009,20009,1.0
20010,20010,0.8571428656578064
20011,20011,0.7142857313156128
20012,20012,1.0
20013,20013,0.8571428656578064
20014,20014,0.1428571492433548
20015,20015,0.8571428656578064
20016,20016,0.8571428656578064
20017,20017,1.0
20018,20018,0.8571428656578064
20019,20019,1.0
20020,20020,0.8571428656578064
20021,20021,1.0
20022,20022,1.0
20023,20023,1.0
20024,20024,0.1428571492433548
20025,20025,1.0
20026,20026,1.0
20027,20027,1.0
20028,20028,1.0
20029,20029,1.0
20030,20030,1.0
20031,20031,1.0
20032,20032,1.0
20033,20033,1.0
20034,20034,1.0
20035,20035,1.0
20036,20036,1.0
20037,20037,1.0
20038,20038,0.8571428656578064
20039,20039,1.0
20040,20040,1.0
20041,20041,1.0
20042,20042,1.0
20043,20043,1.0
20044,20044,1.0
20045,20045,1.0
20046,20046,1.0
20047,20047,1.0
20048,20048,1.0
20049,20049,1.0
20050,20050,1.0
20051,20051,0.4285714328289032
20052,20052,1.0
20053,20053,0.7142857313156128
20054,20054,1.0
20055,20055,0.7142857313156128
20056,20056,1.0
20057,20057,1.0
20058,20058,1.0
20059,20059,1.0
20060,20060,1.0
20061,20061,0.8571428656578064
20062,20062,0.8571428656578064
20063,20063,1.0
20064,20064,0.2857142984867096
20065,20065,1.0
20066,20066,0.7142857313156128
20067,20067,0.5714285969734192
20068,20068,1.0
20069,20069,1.0
20070,20070,1.0
20071,20071,1.0
20072,20072,0.8571428656578064
20073,20073,0.7142857313156128
20074,20074,0.7142857313156128
20075,20075,1.0
20076,20076,1.0
20077,20077,1.0
20078,20078,1.0
20079,20079,1.0
20080,20080,1.0
20081,20081,1.0
20082,20082,1.0
20083,20083,1.0
20084,20084,1.0
20085,20085,0.8571428656578064
20086,20086,1.0
20087,20087,0.8571428656578064
20088,20088,0.2857142984867096
20089,20089,1.0
20090,20090,1.0
20091,20091,1.0
20092,20092,0.8571428656578064
20093,20093,0.5714285969734192
20094,20094,1.0
20095,20095,1.0
20096,20096,0.7142857313156128
20097,20097,0.7142857313156128
20098,20098,0.8571428656578064
20099,20099,0.8571428656578064
20100,20100,0.8571428656578064
20101,20101,1.0
20102,20102,1.0
20103,20103,1.0
20104,20104,1.0
20105,20105,1.0
20106,20106,1.0
20107,20107,0.0
20108,20108,1.0
20109,20109,1.0
20110,20110,1.0
20111,20111,1.0
20112,20112,1.0
20113,20113,0.8571428656578064
20114,20114,1.0
20115,20115,1.0
20116,20116,1.0
20117,20117,1.0
20118,20118,1.0
20119,20119,1.0
20120,20120,1.0
20121,20121,1.0
20122,20122,0.8571428656578064
20123,20123,0.8571428656578064
20124,20124,0.4285714328289032
20125,20125,0.8571428656578064
20126,20126,0.8571428656578064
20127,20127,1.0
20128,20128,1.0
20129,20129,1.0
20130,20130,0.8571428656578064
20131,20131,1.0
20132,20132,1.0
20133,20133,1.0
20134,20134,1.0
20135,20135,1.0
20136,20136,1.0
20137,20137,1.0
20138,20138,1.0
20139,20139,1.0
20140,20140,1.0
20141,20141,1.0
20142,20142,1.0
20143,20143,1.0
20144,20144,1.0
20145,20145,1.0
20146,20146,1.0
20147,20147,1.0
20148,20148,0.8571428656578064
20149,20149,1.0
20150,20150,1.0
20151,20151,1.0
20152,20152,1.0
20153,20153,1.0
20154,20154,1.0
20155,20155,1.0
20156,20156,1.0
20157,20157,1.0
20158,20158,1.0
20159,20159,1.0
20160,20160,1.0
20161,20161,1.0
20162,20162,1.0
20163,20163,1.0
20164,20164,1.0
20165,20165,0.8571428656578064
20166,20166,1.0
20167,20167,1.0
20168,20168,1.0
20169,20169,1.0
20170,20170,1.0
20171,20171,0.8571428656578064
20172,20172,0.8571428656578064
20173,20173,1.0
20174,20174,1.0
20175,20175,1.0
20176,20176,1.0
20177,20177,0.8571428656578064
20178,20178,1.0
20179,20179,1.0
20180,20180,0.0
20181,20181,1.0
20182,20182,0.8571428656578064
20183,20183,0.7142857313156128
20184,20184,0.8571428656578064
20185,20185,1.0
20186,20186,1.0
20187,20187,1.0
20188,20188,1.0
20189,20189,1.0
20190,20190,1.0
20191,20191,1.0
20192,20192,1.0
20193,20193,1.0
20194,20194,0.8571428656578064
20195,20195,0.8571428656578064
20196,20196,1.0
20197,20197,0.8571428656578064
20198,20198,1.0
20199,20199,0.4285714328289032
20200,20200,0.8571428656578064
20201,20201,1.0
20202,20202,0.8571428656578064
20203,20203,1.0
20204,20204,1.0
20205,20205,1.0
20206,20206,0.7142857313156128
20207,20207,0.8571428656578064
20208,20208,1.0
20209,20209,1.0
20210,20210,1.0
20211,20211,0.5714285969734192
20212,20212,1.0
20213,20213,1.0
20214,20214,1.0
20215,20215,1.0
20216,20216,1.0
20217,20217,1.0
20218,20218,1.0
20219,20219,1.0
20220,20220,0.8571428656578064
20221,20221,1.0
20222,20222,1.0
20223,20223,0.7142857313156128
20224,20224,1.0
20225,20225,0.7142857313156128
20226,20226,0.2857142984867096
20227,20227,1.0
20228,20228,1.0
20229,20229,1.0
20230,20230,0.8571428656578064
20231,20231,0.7142857313156128
20232,20232,1.0
20233,20233,0.8571428656578064
20234,20234,0.7142857313156128
20235,20235,0.7142857313156128
20236,20236,1.0
20237,20237,0.8571428656578064
20238,20238,0.7142857313156128
20239,20239,1.0
20240,20240,1.0
20241,20241,1.0
20242,20242,1.0
20243,20243,1.0
20244,20244,1.0
20245,20245,1.0
20246,20246,1.0
20247,20247,1.0
20248,20248,1.0
20249,20249,1.0
20250,20250,1.0
20251,20251,1.0
20252,20252,1.0
20253,20253,1.0
20254,20254,1.0
20255,20255,1.0
20256,20256,1.0
20257,20257,1.0
20258,20258,0.8571428656578064
20259,20259,1.0
20260,20260,1.0
20261,20261,1.0
20262,20262,1.0
20263,20263,1.0
20264,20264,1.0
20265,20265,1.0
20266,20266,1.0
20267,20267,1.0
20268,20268,1.0
20269,20269,1.0
20270,20270,1.0
20271,20271,1.0
20272,20272,1.0
20273,20273,1.0
20274,20274,1.0
20275,20275,0.7142857313156128
20276,20276,1.0
20277,20277,0.2857142984867096
20278,20278,1.0
20279,20279,1.0
20280,20280,1.0
20281,20281,0.8571428656578064
20282,20282,0.8571428656578064
20283,20283,1.0
20284,20284,0.7142857313156128
20285,20285,1.0
20286,20286,1.0
20287,20287,0.5714285969734192
20288,20288,1.0
20289,20289,1.0
20290,20290,1.0
20291,20291,1.0
20292,20292,0.7142857313156128
20293,20293,0.7142857313156128
20294,20294,0.7142857313156128
20295,20295,1.0
20296,20296,1.0
20297,20297,1.0
20298,20298,1.0
20299,20299,1.0
20300,20300,1.0
20301,20301,0.1428571492433548
20302,20302,1.0
20303,20303,1.0
20304,20304,1.0
20305,20305,0.8571428656578064
20306,20306,1.0
20307,20307,0.8571428656578064
20308,20308,1.0
20309,20309,0.7142857313156128
20310,20310,1.0
20311,20311,1.0
20312,20312,0.8571428656578064
20313,20313,1.0
20314,20314,1.0
20315,20315,1.0
20316,20316,0.7142857313156128
20317,20317,0.8571428656578064
20318,20318,1.0
20319,20319,0.2857142984867096
20320,20320,1.0
20321,20321,1.0
20322,20322,1.0
20323,20323,1.0
20324,20324,1.0
20325,20325,1.0
20326,20326,1.0
20327,20327,1.0
20328,20328,1.0
20329,20329,1.0
20330,20330,0.2857142984867096
20331,20331,1.0
20332,20332,1.0
20333,20333,1.0
20334,20334,1.0
20335,20335,1.0
20336,20336,1.0
20337,20337,1.0
20338,20338,1.0
20339,20339,1.0
20340,20340,0.2857142984867096
20341,20341,0.5714285969734192
20342,20342,1.0
20343,20343,0.8571428656578064
20344,20344,1.0
20345,20345,0.8571428656578064
20346,20346,1.0
20347,20347,1.0
20348,20348,0.8571428656578064
20349,20349,1.0
20350,20350,0.8571428656578064
20351,20351,1.0
20352,20352,1.0
20353,20353,1.0
20354,20354,1.0
20355,20355,1.0
20356,20356,1.0
20357,20357,1.0
20358,20358,1.0
20359,20359,1.0
20360,20360,1.0
20361,20361,1.0
20362,20362,1.0
20363,20363,1.0
20364,20364,1.0
20365,20365,1.0
20366,20366,1.0
20367,20367,1.0
20368,20368,0.8571428656578064
20369,20369,1.0
20370,20370,1.0
20371,20371,1.0
20372,20372,1.0
20373,20373,1.0
20374,20374,1.0
20375,20375,1.0
20376,20376,1.0
20377,20377,1.0
20378,20378,1.0
20379,20379,1.0
20380,20380,1.0
20381,20381,1.0
20382,20382,1.0
20383,20383,0.7142857313156128
20384,20384,1.0
20385,20385,0.8571428656578064
20386,20386,1.0
20387,20387,1.0
20388,20388,1.0
20389,20389,1.0
20390,20390,1.0
20391,20391,0.7142857313156128
20392,20392,0.8571428656578064
20393,20393,1.0
20394,20394,0.7142857313156128
20395,20395,1.0
20396,20396,0.8571428656578064
20397,20397,0.7142857313156128
20398,20398,1.0
20399,20399,1.0
20400,20400,1.0
20401,20401,1.0
20402,20402,0.8571428656578064
20403,20403,0.4285714328289032
20404,20404,0.8571428656578064
20405,20405,1.0
20406,20406,1.0
20407,20407,1.0
20408,20408,1.0
20409,20409,1.0
20410,20410,1.0
20411,20411,1.0
20412,20412,1.0
20413,20413,1.0
20414,20414,1.0
20415,20415,0.8571428656578064
20416,20416,1.0
20417,20417,0.8571428656578064
20418,20418,1.0
20419,20419,1.0
20420,20420,1.0
20421,20421,1.0
20422,20422,0.8571428656578064
20423,20423,1.0
20424,20424,1.0
20425,20425,1.0
20426,20426,0.7142857313156128
20427,20427,0.8571428656578064
20428,20428,0.7142857313156128
20429,20429,0.7142857313156128
20430,20430,1.0
20431,20431,1.0
20432,20432,1.0
20433,20433,1.0
20434,20434,1.0
20435,20435,1.0
20436,20436,0.7142857313156128
20437,20437,1.0
20438,20438,1.0
20439,20439,1.0
20440,20440,0.8571428656578064
20441,20441,1.0
20442,20442,0.0
20443,20443,1.0
20444,20444,1.0
20445,20445,1.0
20446,20446,1.0
20447,20447,1.0
20448,20448,1.0
20449,20449,1.0
20450,20450,1.0
20451,20451,1.0
20452,20452,0.8571428656578064
20453,20453,0.8571428656578064
20454,20454,1.0
20455,20455,0.8571428656578064
20456,20456,1.0
20457,20457,1.0
20458,20458,0.8571428656578064
20459,20459,1.0
20460,20460,0.8571428656578064
20461,20461,1.0
20462,20462,1.0
20463,20463,1.0
20464,20464,1.0
20465,20465,1.0
20466,20466,1.0
20467,20467,1.0
20468,20468,1.0
20469,20469,1.0
20470,20470,1.0
20471,20471,1.0
20472,20472,1.0
20473,20473,1.0
20474,20474,1.0
20475,20475,1.0
20476,20476,1.0
20477,20477,1.0
20478,20478,0.8571428656578064
20479,20479,1.0
20480,20480,1.0
20481,20481,1.0
20482,20482,1.0
20483,20483,1.0
20484,20484,1.0
20485,20485,1.0
20486,20486,1.0
20487,20487,1.0
20488,20488,1.0
20489,20489,1.0
20490,20490,1.0
20491,20491,0.8571428656578064
20492,20492,1.0
20493,20493,1.0
20494,20494,1.0
20495,20495,0.8571428656578064
20496,20496,1.0
20497,20497,0.2857142984867096
20498,20498,1.0
20499,20499,1.0
20500,20500,1.0
20501,20501,0.8571428656578064
20502,20502,0.8571428656578064
20503,20503,1.0
20504,20504,0.2857142984867096
20505,20505,1.0
20506,20506,1.0
20507,20507,0.8571428656578064
20508,20508,1.0
20509,20509,1.0
20510,20510,0.2857142984867096
20511,20511,1.0
20512,20512,0.0
20513,20513,0.7142857313156128
20514,20514,0.8571428656578064
20515,20515,1.0
20516,20516,1.0
20517,20517,1.0
20518,20518,1.0
20519,20519,1.0
20520,20520,0.7142857313156128
20521,20521,1.0
20522,20522,1.0
20523,20523,1.0
20524,20524,1.0
20525,20525,0.8571428656578064
20526,20526,1.0
20527,20527,0.8571428656578064
20528,20528,1.0
20529,20529,0.5714285969734192
20530,20530,1.0
20531,20531,0.8571428656578064
20532,20532,0.7142857313156128
20533,20533,1.0
20534,20534,1.0
20535,20535,1.0
20536,20536,0.7142857313156128
20537,20537,0.8571428656578064
20538,20538,0.7142857313156128
20539,20539,0.8571428656578064
20540,20540,0.5714285969734192
20541,20541,1.0
20542,20542,1.0
20543,20543,1.0
20544,20544,1.0
20545,20545,1.0
20546,20546,1.0
20547,20547,1.0
20548,20548,1.0
20549,20549,1.0
20550,20550,0.8571428656578064
20551,20551,1.0
20552,20552,1.0
20553,20553,1.0
20554,20554,1.0
20555,20555,1.0
20556,20556,1.0
20557,20557,1.0
20558,20558,1.0
20559,20559,1.0
20560,20560,1.0
20561,20561,0.8571428656578064
20562,20562,0.5714285969734192
20563,20563,0.5714285969734192
20564,20564,0.7142857313156128
20565,20565,1.0
20566,20566,0.8571428656578064
20567,20567,0.7142857313156128
20568,20568,0.7142857313156128
20569,20569,1.0
20570,20570,0.8571428656578064
20571,20571,1.0
20572,20572,1.0
20573,20573,1.0
20574,20574,1.0
20575,20575,1.0
20576,20576,1.0
20577,20577,1.0
20578,20578,1.0
20579,20579,1.0
20580,20580,1.0
20581,20581,1.0
20582,20582,1.0
20583,20583,1.0
20584,20584,1.0
20585,20585,1.0
20586,20586,1.0
20587,20587,1.0
20588,20588,0.8571428656578064
20589,20589,1.0
20590,20590,1.0
20591,20591,1.0
20592,20592,1.0
20593,20593,1.0
20594,20594,1.0
20595,20595,1.0
20596,20596,1.0
20597,20597,1.0
20598,20598,1.0
20599,20599,1.0
20600,20600,1.0
20601,20601,1.0
20602,20602,0.8571428656578064
20603,20603,1.0
20604,20604,0.1428571492433548
20605,20605,0.7142857313156128
20606,20606,1.0
20607,20607,1.0
20608,20608,1.0
20609,20609,1.0
20610,20610,1.0
20611,20611,0.8571428656578064
20612,20612,0.8571428656578064
20613,20613,1.0
20614,20614,0.2857142984867096
20615,20615,1.0
20616,20616,1.0
20617,20617,0.8571428656578064
20618,20618,1.0
20619,20619,1.0
20620,20620,1.0
20621,20621,1.0
20622,20622,0.8571428656578064
20623,20623,0.7142857313156128
20624,20624,0.8571428656578064
20625,20625,1.0
20626,20626,0.5714285969734192
20627,20627,1.0
20628,20628,1.0
20629,20629,1.0
20630,20630,1.0
20631,20631,0.5714285969734192
20632,20632,1.0
20633,20633,0.7142857313156128
20634,20634,1.0
20635,20635,0.4285714328289032
20636,20636,1.0
20637,20637,0.8571428656578064
20638,20638,1.0
20639,20639,1.0
20640,20640,0.7142857313156128
20641,20641,1.0
20642,20642,0.8571428656578064
20643,20643,1.0
20644,20644,1.0
20645,20645,1.0
20646,20646,0.8571428656578064
20647,20647,0.8571428656578064
20648,20648,1.0
20649,20649,1.0
20650,20650,0.8571428656578064
20651,20651,1.0
20652,20652,1.0
20653,20653,1.0
20654,20654,0.8571428656578064
20655,20655,1.0
20656,20656,0.7142857313156128
20657,20657,1.0
20658,20658,0.4285714328289032
20659,20659,1.0
20660,20660,1.0
20661,20661,0.7142857313156128
20662,20662,1.0
20663,20663,1.0
20664,20664,1.0
20665,20665,1.0
20666,20666,1.0
20667,20667,1.0
20668,20668,1.0
20669,20669,1.0
20670,20670,0.8571428656578064
20671,20671,1.0
20672,20672,1.0
20673,20673,0.8571428656578064
20674,20674,1.0
20675,20675,0.8571428656578064
20676,20676,0.8571428656578064
20677,20677,0.4285714328289032
20678,20678,0.5714285969734192
20679,20679,1.0
20680,20680,0.7142857313156128
20681,20681,1.0
20682,20682,1.0
20683,20683,1.0
20684,20684,1.0
20685,20685,1.0
20686,20686,1.0
20687,20687,1.0
20688,20688,1.0
20689,20689,0.1428571492433548
20690,20690,1.0
20691,20691,1.0
20692,20692,1.0
20693,20693,1.0
20694,20694,1.0
20695,20695,1.0
20696,20696,1.0
20697,20697,1.0
20698,20698,0.8571428656578064
20699,20699,1.0
20700,20700,1.0
20701,20701,1.0
20702,20702,1.0
20703,20703,1.0
20704,20704,1.0
20705,20705,1.0
20706,20706,1.0
20707,20707,1.0
20708,20708,1.0
20709,20709,1.0
20710,20710,1.0
20711,20711,0.8571428656578064
20712,20712,1.0
20713,20713,0.0
20714,20714,1.0
20715,20715,0.8571428656578064
20716,20716,1.0
20717,20717,1.0
20718,20718,1.0
20719,20719,1.0
20720,20720,1.0
20721,20721,0.8571428656578064
20722,20722,0.8571428656578064
20723,20723,1.0
20724,20724,0.7142857313156128
20725,20725,1.0
20726,20726,1.0
20727,20727,0.5714285969734192
20728,20728,1.0
20729,20729,0.7142857313156128
20730,20730,1.0
20731,20731,1.0
20732,20732,0.8571428656578064
20733,20733,0.7142857313156128
20734,20734,0.8571428656578064
20735,20735,1.0
20736,20736,1.0
20737,20737,0.4285714328289032
20738,20738,1.0
20739,20739,0.2857142984867096
20740,20740,1.0
20741,20741,1.0
20742,20742,1.0
20743,20743,1.0
20744,20744,1.0
20745,20745,0.8571428656578064
20746,20746,1.0
20747,20747,0.8571428656578064
20748,20748,1.0
20749,20749,1.0
20750,20750,1.0
20751,20751,1.0
20752,20752,0.8571428656578064
20753,20753,1.0
20754,20754,1.0
20755,20755,1.0
20756,20756,1.0
20757,20757,0.8571428656578064
20758,20758,1.0
20759,20759,0.7142857313156128
20760,20760,0.2857142984867096
20761,20761,1.0
20762,20762,1.0
20763,20763,1.0
20764,20764,0.5714285969734192
20765,20765,1.0
20766,20766,1.0
20767,20767,1.0
20768,20768,1.0
20769,20769,1.0
20770,20770,0.8571428656578064
20771,20771,0.5714285969734192
20772,20772,1.0
20773,20773,1.0
20774,20774,1.0
20775,20775,1.0
20776,20776,1.0
20777,20777,1.0
20778,20778,1.0
20779,20779,1.0
20780,20780,1.0
20781,20781,1.0
20782,20782,0.8571428656578064
20783,20783,0.4285714328289032
20784,20784,1.0
20785,20785,1.0
20786,20786,0.8571428656578064
20787,20787,0.7142857313156128
20788,20788,0.8571428656578064
20789,20789,0.7142857313156128
20790,20790,0.8571428656578064
20791,20791,1.0
20792,20792,1.0
20793,20793,1.0
20794,20794,0.1428571492433548
20795,20795,1.0
20796,20796,1.0
20797,20797,1.0
20798,20798,1.0
20799,20799,1.0
20800,20800,1.0
20801,20801,1.0
20802,20802,1.0
20803,20803,1.0
20804,20804,1.0
20805,20805,1.0
20806,20806,1.0
20807,20807,1.0
20808,20808,0.8571428656578064
20809,20809,1.0
20810,20810,1.0
20811,20811,1.0
20812,20812,1.0
20813,20813,1.0
20814,20814,1.0
20815,20815,1.0
20816,20816,1.0
20817,20817,1.0
20818,20818,1.0
20819,20819,1.0
20820,20820,1.0
20821,20821,1.0
20822,20822,0.7142857313156128
20823,20823,1.0
20824,20824,1.0
20825,20825,0.8571428656578064
20826,20826,1.0
20827,20827,1.0
20828,20828,1.0
20829,20829,1.0
20830,20830,1.0
20831,20831,0.2857142984867096
20832,20832,0.8571428656578064
20833,20833,1.0
20834,20834,1.0
20835,20835,0.2857142984867096
20836,20836,1.0
20837,20837,0.5714285969734192
20838,20838,1.0
20839,20839,1.0
20840,20840,1.0
20841,20841,1.0
20842,20842,0.8571428656578064
20843,20843,0.7142857313156128
20844,20844,0.4285714328289032
20845,20845,0.7142857313156128
20846,20846,0.0
20847,20847,1.0
20848,20848,0.8571428656578064
20849,20849,1.0
20850,20850,1.0
20851,20851,1.0
20852,20852,1.0
20853,20853,1.0
20854,20854,1.0
20855,20855,0.8571428656578064
20856,20856,1.0
20857,20857,0.8571428656578064
20858,20858,1.0
20859,20859,1.0
20860,20860,1.0
20861,20861,1.0
20862,20862,0.8571428656578064
20863,20863,1.0
20864,20864,1.0
20865,20865,1.0
20866,20866,0.7142857313156128
20867,20867,0.8571428656578064
20868,20868,0.7142857313156128
20869,20869,0.8571428656578064
20870,20870,1.0
20871,20871,1.0
20872,20872,1.0
20873,20873,1.0
20874,20874,1.0
20875,20875,1.0
20876,20876,1.0
20877,20877,0.0
20878,20878,1.0
20879,20879,1.0
20880,20880,0.5714285969734192
20881,20881,0.7142857313156128
20882,20882,1.0
20883,20883,1.0
20884,20884,1.0
20885,20885,1.0
20886,20886,0.5714285969734192
20887,20887,0.8571428656578064
20888,20888,1.0
20889,20889,1.0
20890,20890,1.0
20891,20891,0.5714285969734192
20892,20892,0.8571428656578064
20893,20893,0.5714285969734192
20894,20894,0.7142857313156128
20895,20895,0.8571428656578064
20896,20896,0.8571428656578064
20897,20897,0.8571428656578064
20898,20898,0.8571428656578064
20899,20899,1.0
20900,20900,0.8571428656578064
20901,20901,1.0
20902,20902,1.0
20903,20903,1.0
20904,20904,1.0
20905,20905,1.0
20906,20906,1.0
20907,20907,1.0
20908,20908,1.0
20909,20909,1.0
20910,20910,1.0
20911,20911,1.0
20912,20912,1.0
20913,20913,1.0
20914,20914,1.0
20915,20915,1.0
20916,20916,1.0
20917,20917,1.0
20918,20918,1.0
20919,20919,1.0
20920,20920,1.0
20921,20921,1.0
20922,20922,1.0
20923,20923,1.0
20924,20924,1.0
20925,20925,1.0
20926,20926,1.0
20927,20927,1.0
20928,20928,1.0
20929,20929,1.0
20930,20930,1.0
20931,20931,0.4285714328289032
20932,20932,1.0
20933,20933,1.0
20934,20934,1.0
20935,20935,0.8571428656578064
20936,20936,1.0
20937,20937,1.0
20938,20938,1.0
20939,20939,1.0
20940,20940,1.0
20941,20941,0.8571428656578064
20942,20942,0.8571428656578064
20943,20943,1.0
20944,20944,0.2857142984867096
20945,20945,1.0
20946,20946,1.0
20947,20947,0.1428571492433548
20948,20948,1.0
20949,20949,1.0
20950,20950,1.0
20951,20951,0.5714285969734192
20952,20952,0.8571428656578064
20953,20953,0.7142857313156128
20954,20954,0.8571428656578064
20955,20955,1.0
20956,20956,1.0
20957,20957,1.0
20958,20958,1.0
20959,20959,1.0
20960,20960,1.0
20961,20961,1.0
20962,20962,1.0
20963,20963,1.0
20964,20964,1.0
20965,20965,0.8571428656578064
20966,20966,1.0
20967,20967,0.8571428656578064
20968,20968,1.0
20969,20969,1.0
20970,20970,1.0
20971,20971,1.0
20972,20972,1.0
20973,20973,1.0
20974,20974,0.5714285969734192
20975,20975,1.0
20976,20976,1.0
20977,20977,0.8571428656578064
20978,20978,1.0
20979,20979,0.7142857313156128
20980,20980,0.8571428656578064
20981,20981,0.5714285969734192
20982,20982,1.0
20983,20983,1.0
20984,20984,0.8571428656578064
20985,20985,1.0
20986,20986,1.0
20987,20987,1.0
20988,20988,1.0
20989,20989,1.0
20990,20990,1.0
20991,20991,1.0
20992,20992,1.0
20993,20993,1.0
20994,20994,1.0
20995,20995,1.0
20996,20996,1.0
20997,20997,0.8571428656578064
20998,20998,1.0
20999,20999,0.5714285969734192
21000,21000,1.0
21001,21001,1.0
21002,21002,1.0
21003,21003,0.5714285969734192
21004,21004,1.0
21005,21005,1.0
21006,21006,1.0
21007,21007,1.0
21008,21008,0.7142857313156128
21009,21009,1.0
21010,21010,0.1428571492433548
21011,21011,1.0
21012,21012,1.0
21013,21013,1.0
21014,21014,1.0
21015,21015,1.0
21016,21016,1.0
21017,21017,1.0
21018,21018,1.0
21019,21019,1.0
21020,21020,1.0
21021,21021,1.0
21022,21022,1.0
21023,21023,1.0
21024,21024,1.0
21025,21025,1.0
21026,21026,1.0
21027,21027,1.0
21028,21028,0.8571428656578064
21029,21029,1.0
21030,21030,1.0
21031,21031,1.0
21032,21032,1.0
21033,21033,1.0
21034,21034,1.0
21035,21035,1.0
21036,21036,1.0
21037,21037,1.0
21038,21038,1.0
21039,21039,1.0
21040,21040,1.0
21041,21041,0.1428571492433548
21042,21042,0.7142857313156128
21043,21043,1.0
21044,21044,1.0
21045,21045,0.8571428656578064
21046,21046,1.0
21047,21047,1.0
21048,21048,1.0
21049,21049,1.0
21050,21050,1.0
21051,21051,1.0
21052,21052,0.8571428656578064
21053,21053,1.0
21054,21054,0.7142857313156128
21055,21055,1.0
21056,21056,1.0
21057,21057,0.7142857313156128
21058,21058,1.0
21059,21059,0.7142857313156128
21060,21060,0.8571428656578064
21061,21061,1.0
21062,21062,0.8571428656578064
21063,21063,1.0
21064,21064,0.7142857313156128
21065,21065,0.1428571492433548
21066,21066,1.0
21067,21067,0.7142857313156128
21068,21068,1.0
21069,21069,1.0
21070,21070,1.0
21071,21071,1.0
21072,21072,1.0
21073,21073,1.0
21074,21074,1.0
21075,21075,0.8571428656578064
21076,21076,1.0
21077,21077,0.8571428656578064
21078,21078,0.4285714328289032
21079,21079,1.0
21080,21080,1.0
21081,21081,1.0
21082,21082,0.7142857313156128
21083,21083,0.8571428656578064
21084,21084,1.0
21085,21085,1.0
21086,21086,0.7142857313156128
21087,21087,0.8571428656578064
21088,21088,1.0
21089,21089,0.7142857313156128
21090,21090,0.8571428656578064
21091,21091,1.0
21092,21092,1.0
21093,21093,1.0
21094,21094,1.0
21095,21095,1.0
21096,21096,1.0
21097,21097,0.1428571492433548
21098,21098,1.0
21099,21099,1.0
21100,21100,0.8571428656578064
21101,21101,1.0
21102,21102,1.0
21103,21103,0.8571428656578064
21104,21104,0.2857142984867096
21105,21105,1.0
21106,21106,0.5714285969734192
21107,21107,0.8571428656578064
21108,21108,1.0
21109,21109,0.7142857313156128
21110,21110,0.8571428656578064
21111,21111,1.0
21112,21112,1.0
21113,21113,0.8571428656578064
21114,21114,1.0
21115,21115,1.0
21116,21116,1.0
21117,21117,1.0
21118,21118,0.8571428656578064
21119,21119,1.0
21120,21120,0.8571428656578064
21121,21121,1.0
21122,21122,1.0
21123,21123,1.0
21124,21124,1.0
21125,21125,1.0
21126,21126,1.0
21127,21127,1.0
21128,21128,1.0
21129,21129,1.0
21130,21130,1.0
21131,21131,1.0
21132,21132,1.0
21133,21133,1.0
21134,21134,1.0
21135,21135,1.0
21136,21136,1.0
21137,21137,1.0
21138,21138,0.8571428656578064
21139,21139,1.0
21140,21140,1.0
21141,21141,1.0
21142,21142,1.0
21143,21143,1.0
21144,21144,1.0
21145,21145,1.0
21146,21146,1.0
21147,21147,1.0
21148,21148,1.0
21149,21149,1.0
21150,21150,1.0
21151,21151,1.0
21152,21152,1.0
21153,21153,1.0
21154,21154,1.0
21155,21155,0.8571428656578064
21156,21156,1.0
21157,21157,1.0
21158,21158,0.5714285969734192
21159,21159,1.0
21160,21160,0.0
21161,21161,0.5714285969734192
21162,21162,0.8571428656578064
21163,21163,1.0
21164,21164,0.2857142984867096
21165,21165,1.0
21166,21166,1.0
21167,21167,0.7142857313156128
21168,21168,1.0
21169,21169,1.0
21170,21170,1.0
21171,21171,1.0
21172,21172,0.8571428656578064
21173,21173,0.7142857313156128
21174,21174,0.1428571492433548
21175,21175,0.5714285969734192
21176,21176,1.0
21177,21177,1.0
21178,21178,0.5714285969734192
21179,21179,1.0
21180,21180,1.0
21181,21181,1.0
21182,21182,1.0
21183,21183,0.8571428656578064
21184,21184,1.0
21185,21185,0.5714285969734192
21186,21186,1.0
21187,21187,0.8571428656578064
21188,21188,1.0
21189,21189,1.0
21190,21190,1.0
21191,21191,1.0
21192,21192,0.2857142984867096
21193,21193,1.0
21194,21194,1.0
21195,21195,1.0
21196,21196,1.0
21197,21197,0.8571428656578064
21198,21198,1.0
21199,21199,1.0
21200,21200,0.8571428656578064
21201,21201,0.5714285969734192
21202,21202,1.0
21203,21203,1.0
21204,21204,0.7142857313156128
21205,21205,1.0
21206,21206,0.7142857313156128
21207,21207,1.0
21208,21208,1.0
21209,21209,1.0
21210,21210,0.8571428656578064
21211,21211,1.0
21212,21212,1.0
21213,21213,1.0
21214,21214,1.0
21215,21215,1.0
21216,21216,1.0
21217,21217,0.5714285969734192
21218,21218,0.8571428656578064
21219,21219,1.0
21220,21220,0.8571428656578064
21221,21221,1.0
21222,21222,1.0
21223,21223,0.8571428656578064
21224,21224,1.0
21225,21225,0.8571428656578064
21226,21226,1.0
21227,21227,0.5714285969734192
21228,21228,0.7142857313156128
21229,21229,1.0
21230,21230,0.8571428656578064
21231,21231,1.0
21232,21232,1.0
21233,21233,1.0
21234,21234,1.0
21235,21235,1.0
21236,21236,1.0
21237,21237,1.0
21238,21238,1.0
21239,21239,1.0
21240,21240,1.0
21241,21241,1.0
21242,21242,1.0
21243,21243,1.0
21244,21244,1.0
21245,21245,1.0
21246,21246,1.0
21247,21247,0.0
21248,21248,1.0
21249,21249,1.0
21250,21250,1.0
21251,21251,1.0
21252,21252,1.0
21253,21253,1.0
21254,21254,1.0
21255,21255,1.0
21256,21256,1.0
21257,21257,1.0
21258,21258,1.0
21259,21259,1.0
21260,21260,1.0
21261,21261,1.0
21262,21262,1.0
21263,21263,1.0
21264,21264,1.0
21265,21265,0.8571428656578064
21266,21266,1.0
21267,21267,1.0
21268,21268,1.0
21269,21269,1.0
21270,21270,1.0
21271,21271,0.8571428656578064
21272,21272,0.8571428656578064
21273,21273,1.0
21274,21274,1.0
21275,21275,1.0
21276,21276,1.0
21277,21277,0.8571428656578064
21278,21278,1.0
21279,21279,1.0
21280,21280,1.0
21281,21281,1.0
21282,21282,0.8571428656578064
21283,21283,0.7142857313156128
21284,21284,0.8571428656578064
21285,21285,1.0
21286,21286,0.5714285969734192
21287,21287,1.0
21288,21288,1.0
21289,21289,1.0
21290,21290,0.8571428656578064
21291,21291,0.2857142984867096
21292,21292,1.0
21293,21293,0.8571428656578064
21294,21294,1.0
21295,21295,0.8571428656578064
21296,21296,1.0
21297,21297,0.8571428656578064
21298,21298,1.0
21299,21299,1.0
21300,21300,0.8571428656578064
21301,21301,0.5714285969734192
21302,21302,1.0
21303,21303,1.0
21304,21304,1.0
21305,21305,1.0
21306,21306,0.7142857313156128
21307,21307,0.8571428656578064
21308,21308,1.0
21309,21309,0.7142857313156128
21310,21310,0.8571428656578064
21311,21311,1.0
21312,21312,1.0
21313,21313,1.0
21314,21314,0.8571428656578064
21315,21315,1.0
21316,21316,1.0
21317,21317,1.0
21318,21318,1.0
21319,21319,1.0
21320,21320,0.8571428656578064
21321,21321,1.0
21322,21322,1.0
21323,21323,0.8571428656578064
21324,21324,1.0
21325,21325,1.0
21326,21326,1.0
21327,21327,1.0
21328,21328,0.4285714328289032
21329,21329,1.0
21330,21330,0.8571428656578064
21331,21331,0.8571428656578064
21332,21332,1.0
21333,21333,0.5714285969734192
21334,21334,1.0
21335,21335,1.0
21336,21336,0.4285714328289032
21337,21337,0.5714285969734192
21338,21338,0.8571428656578064
21339,21339,1.0
21340,21340,0.8571428656578064
21341,21341,1.0
21342,21342,1.0
21343,21343,1.0
21344,21344,0.1428571492433548
21345,21345,1.0
21346,21346,1.0
21347,21347,1.0
21348,21348,1.0
21349,21349,0.1428571492433548
21350,21350,1.0
21351,21351,1.0
21352,21352,1.0
21353,21353,1.0
21354,21354,1.0
21355,21355,1.0
21356,21356,1.0
21357,21357,1.0
21358,21358,0.8571428656578064
21359,21359,1.0
21360,21360,1.0
21361,21361,1.0
21362,21362,1.0
21363,21363,1.0
21364,21364,1.0
21365,21365,1.0
21366,21366,1.0
21367,21367,1.0
21368,21368,1.0
21369,21369,1.0
21370,21370,1.0
21371,21371,1.0
21372,21372,1.0
21373,21373,1.0
21374,21374,1.0
21375,21375,0.8571428656578064
21376,21376,1.0
21377,21377,1.0
21378,21378,1.0
21379,21379,1.0
21380,21380,1.0
21381,21381,0.1428571492433548
21382,21382,0.8571428656578064
21383,21383,1.0
21384,21384,0.7142857313156128
21385,21385,1.0
21386,21386,1.0
21387,21387,0.7142857313156128
21388,21388,1.0
21389,21389,0.2857142984867096
21390,21390,1.0
21391,21391,1.0
21392,21392,0.8571428656578064
21393,21393,0.7142857313156128
21394,21394,0.8571428656578064
21395,21395,1.0
21396,21396,1.0
21397,21397,1.0
21398,21398,1.0
21399,21399,1.0
21400,21400,1.0
21401,21401,1.0
21402,21402,1.0
21403,21403,1.0
21404,21404,1.0
21405,21405,0.8571428656578064
21406,21406,1.0
21407,21407,0.8571428656578064
21408,21408,1.0
21409,21409,1.0
21410,21410,1.0
21411,21411,1.0
21412,21412,0.7142857313156128
21413,21413,0.7142857313156128
21414,21414,1.0
21415,21415,1.0
21416,21416,1.0
21417,21417,0.7142857313156128
21418,21418,1.0
21419,21419,0.7142857313156128
21420,21420,1.0
21421,21421,1.0
21422,21422,1.0
21423,21423,1.0
21424,21424,1.0
21425,21425,1.0
21426,21426,1.0
21427,21427,0.2857142984867096
21428,21428,1.0
21429,21429,1.0
21430,21430,0.8571428656578064
21431,21431,1.0
21432,21432,1.0
21433,21433,1.0
21434,21434,1.0
21435,21435,1.0
21436,21436,1.0
21437,21437,1.0
21438,21438,1.0
21439,21439,0.7142857313156128
21440,21440,0.8571428656578064
21441,21441,1.0
21442,21442,1.0
21443,21443,0.5714285969734192
21444,21444,0.7142857313156128
21445,21445,1.0
21446,21446,0.8571428656578064
21447,21447,1.0
21448,21448,0.8571428656578064
21449,21449,1.0
21450,21450,0.5714285969734192
21451,21451,1.0
21452,21452,1.0
21453,21453,1.0
21454,21454,1.0
21455,21455,1.0
21456,21456,1.0
21457,21457,1.0
21458,21458,1.0
21459,21459,0.1428571492433548
21460,21460,1.0
21461,21461,1.0
21462,21462,1.0
21463,21463,1.0
21464,21464,1.0
21465,21465,1.0
21466,21466,1.0
21467,21467,1.0
21468,21468,0.8571428656578064
21469,21469,1.0
21470,21470,1.0
21471,21471,1.0
21472,21472,1.0
21473,21473,1.0
21474,21474,1.0
21475,21475,1.0
21476,21476,1.0
21477,21477,1.0
21478,21478,1.0
21479,21479,1.0
21480,21480,1.0
21481,21481,1.0
21482,21482,1.0
21483,21483,1.0
21484,21484,0.4285714328289032
21485,21485,0.8571428656578064
21486,21486,1.0
21487,21487,1.0
21488,21488,0.5714285969734192
21489,21489,1.0
21490,21490,1.0
21491,21491,0.8571428656578064
21492,21492,0.8571428656578064
21493,21493,1.0
21494,21494,0.7142857313156128
21495,21495,1.0
21496,21496,1.0
21497,21497,0.7142857313156128
21498,21498,1.0
21499,21499,1.0
21500,21500,1.0
21501,21501,1.0
21502,21502,0.8571428656578064
21503,21503,0.7142857313156128
21504,21504,0.8571428656578064
21505,21505,1.0
21506,21506,1.0
21507,21507,1.0
21508,21508,1.0
21509,21509,0.5714285969734192
21510,21510,1.0
21511,21511,1.0
21512,21512,1.0
21513,21513,1.0
21514,21514,1.0
21515,21515,0.5714285969734192
21516,21516,1.0
21517,21517,0.8571428656578064
21518,21518,1.0
21519,21519,1.0
21520,21520,1.0
21521,21521,1.0
21522,21522,0.8571428656578064
21523,21523,1.0
21524,21524,1.0
21525,21525,1.0
21526,21526,1.0
21527,21527,0.8571428656578064
21528,21528,1.0
21529,21529,0.7142857313156128
21530,21530,1.0
21531,21531,1.0
21532,21532,1.0
21533,21533,1.0
21534,21534,0.8571428656578064
21535,21535,1.0
21536,21536,1.0
21537,21537,1.0
21538,21538,1.0
21539,21539,1.0
21540,21540,0.8571428656578064
21541,21541,1.0
21542,21542,1.0
21543,21543,1.0
21544,21544,0.4285714328289032
21545,21545,1.0
21546,21546,1.0
21547,21547,1.0
21548,21548,0.1428571492433548
21549,21549,0.8571428656578064
21550,21550,1.0
21551,21551,1.0
21552,21552,0.8571428656578064
21553,21553,0.8571428656578064
21554,21554,1.0
21555,21555,0.7142857313156128
21556,21556,1.0
21557,21557,1.0
21558,21558,0.8571428656578064
21559,21559,1.0
21560,21560,1.0
21561,21561,1.0
21562,21562,1.0
21563,21563,1.0
21564,21564,1.0
21565,21565,1.0
21566,21566,1.0
21567,21567,1.0
21568,21568,1.0
21569,21569,1.0
21570,21570,1.0
21571,21571,1.0
21572,21572,1.0
21573,21573,1.0
21574,21574,1.0
21575,21575,1.0
21576,21576,1.0
21577,21577,1.0
21578,21578,1.0
21579,21579,1.0
21580,21580,1.0
21581,21581,1.0
21582,21582,1.0
21583,21583,1.0
21584,21584,1.0
21585,21585,1.0
21586,21586,1.0
21587,21587,1.0
21588,21588,1.0
21589,21589,1.0
21590,21590,1.0
21591,21591,1.0
21592,21592,1.0
21593,21593,1.0
21594,21594,1.0
21595,21595,0.8571428656578064
21596,21596,1.0
21597,21597,1.0
21598,21598,1.0
21599,21599,1.0
21600,21600,1.0
21601,21601,0.8571428656578064
21602,21602,0.8571428656578064
21603,21603,1.0
21604,21604,0.7142857313156128
21605,21605,1.0
21606,21606,1.0
21607,21607,0.7142857313156128
21608,21608,1.0
21609,21609,1.0
21610,21610,1.0
21611,21611,1.0
21612,21612,0.8571428656578064
21613,21613,0.7142857313156128
21614,21614,0.8571428656578064
21615,21615,1.0
21616,21616,1.0
21617,21617,1.0
21618,21618,1.0
21619,21619,1.0
21620,21620,1.0
21621,21621,1.0
21622,21622,0.0
21623,21623,1.0
21624,21624,0.0
21625,21625,0.8571428656578064
21626,21626,1.0
21627,21627,0.8571428656578064
21628,21628,1.0
21629,21629,0.5714285969734192
21630,21630,1.0
21631,21631,1.0
21632,21632,0.8571428656578064
21633,21633,1.0
21634,21634,1.0
21635,21635,0.4285714328289032
21636,21636,0.8571428656578064
21637,21637,0.8571428656578064
21638,21638,1.0
21639,21639,0.7142857313156128
21640,21640,1.0
21641,21641,0.5714285969734192
21642,21642,1.0
21643,21643,1.0
21644,21644,0.7142857313156128
21645,21645,1.0
21646,21646,1.0
21647,21647,1.0
21648,21648,1.0
21649,21649,0.7142857313156128
21650,21650,1.0
21651,21651,1.0
21652,21652,1.0
21653,21653,1.0
21654,21654,1.0
21655,21655,1.0
21656,21656,1.0
21657,21657,1.0
21658,21658,0.5714285969734192
21659,21659,0.0
21660,21660,1.0
21661,21661,1.0
21662,21662,1.0
21663,21663,0.8571428656578064
21664,21664,0.7142857313156128
21665,21665,0.8571428656578064
21666,21666,1.0
21667,21667,0.4285714328289032
21668,21668,0.8571428656578064
21669,21669,1.0
21670,21670,1.0
21671,21671,1.0
21672,21672,1.0
21673,21673,1.0
21674,21674,1.0
21675,21675,1.0
21676,21676,1.0
21677,21677,1.0
21678,21678,1.0
21679,21679,1.0
21680,21680,1.0
21681,21681,1.0
21682,21682,1.0
21683,21683,1.0
21684,21684,1.0
21685,21685,1.0
21686,21686,1.0
21687,21687,1.0
21688,21688,1.0
21689,21689,1.0
21690,21690,1.0
21691,21691,1.0
21692,21692,1.0
21693,21693,1.0
21694,21694,1.0
21695,21695,1.0
21696,21696,1.0
21697,21697,1.0
21698,21698,1.0
21699,21699,1.0
21700,21700,1.0
21701,21701,1.0
21702,21702,1.0
21703,21703,1.0
21704,21704,1.0
21705,21705,0.8571428656578064
21706,21706,1.0
21707,21707,1.0
21708,21708,1.0
21709,21709,0.4285714328289032
21710,21710,1.0
21711,21711,0.8571428656578064
21712,21712,0.8571428656578064
21713,21713,1.0
21714,21714,0.7142857313156128
21715,21715,1.0
21716,21716,1.0
21717,21717,0.7142857313156128
21718,21718,1.0
21719,21719,1.0
21720,21720,1.0
21721,21721,1.0
21722,21722,0.8571428656578064
21723,21723,0.7142857313156128
21724,21724,0.8571428656578064
21725,21725,1.0
21726,21726,0.5714285969734192
21727,21727,1.0
21728,21728,0.7142857313156128
21729,21729,1.0
21730,21730,1.0
21731,21731,1.0
21732,21732,1.0
21733,21733,1.0
21734,21734,1.0
21735,21735,0.8571428656578064
21736,21736,1.0
21737,21737,0.8571428656578064
21738,21738,1.0
21739,21739,1.0
21740,21740,1.0
21741,21741,1.0
21742,21742,0.7142857313156128
21743,21743,1.0
21744,21744,1.0
21745,21745,0.4285714328289032
21746,21746,1.0
21747,21747,0.8571428656578064
21748,21748,1.0
21749,21749,1.0
21750,21750,1.0
21751,21751,1.0
21752,21752,1.0
21753,21753,1.0
21754,21754,1.0
21755,21755,0.5714285969734192
21756,21756,0.7142857313156128
21757,21757,1.0
21758,21758,1.0
21759,21759,1.0
21760,21760,0.8571428656578064
21761,21761,1.0
21762,21762,1.0
21763,21763,1.0
21764,21764,1.0
21765,21765,1.0
21766,21766,1.0
21767,21767,1.0
21768,21768,1.0
21769,21769,1.0
21770,21770,0.8571428656578064
21771,21771,0.7142857313156128
21772,21772,0.8571428656578064
21773,21773,0.8571428656578064
21774,21774,1.0
21775,21775,0.8571428656578064
21776,21776,1.0
21777,21777,0.7142857313156128
21778,21778,0.7142857313156128
21779,21779,1.0
21780,21780,1.0
21781,21781,1.0
21782,21782,1.0
21783,21783,1.0
21784,21784,1.0
21785,21785,1.0
21786,21786,1.0
21787,21787,1.0
21788,21788,1.0
21789,21789,1.0
21790,21790,1.0
21791,21791,1.0
21792,21792,1.0
21793,21793,1.0
21794,21794,1.0
21795,21795,1.0
21796,21796,1.0
21797,21797,1.0
21798,21798,0.8571428656578064
21799,21799,1.0
21800,21800,1.0
21801,21801,1.0
21802,21802,1.0
21803,21803,1.0
21804,21804,1.0
21805,21805,1.0
21806,21806,1.0
21807,21807,1.0
21808,21808,1.0
21809,21809,1.0
21810,21810,1.0
21811,21811,1.0
21812,21812,1.0
21813,21813,1.0
21814,21814,1.0
21815,21815,0.8571428656578064
21816,21816,1.0
21817,21817,1.0
21818,21818,1.0
21819,21819,1.0
21820,21820,1.0
21821,21821,0.8571428656578064
21822,21822,0.8571428656578064
21823,21823,1.0
21824,21824,0.7142857313156128
21825,21825,1.0
21826,21826,1.0
21827,21827,0.8571428656578064
21828,21828,1.0
21829,21829,1.0
21830,21830,0.5714285969734192
21831,21831,1.0
21832,21832,0.8571428656578064
21833,21833,0.7142857313156128
21834,21834,0.5714285969734192
21835,21835,0.8571428656578064
21836,21836,1.0
21837,21837,1.0
21838,21838,1.0
21839,21839,0.8571428656578064
21840,21840,1.0
21841,21841,0.8571428656578064
21842,21842,0.8571428656578064
21843,21843,1.0
21844,21844,1.0
21845,21845,0.8571428656578064
21846,21846,1.0
21847,21847,0.8571428656578064
21848,21848,1.0
21849,21849,1.0
21850,21850,1.0
21851,21851,1.0
21852,21852,0.8571428656578064
21853,21853,1.0
21854,21854,1.0
21855,21855,0.5714285969734192
21856,21856,1.0
21857,21857,0.8571428656578064
21858,21858,1.0
21859,21859,0.0
21860,21860,0.8571428656578064
21861,21861,1.0
21862,21862,1.0
21863,21863,1.0
21864,21864,0.5714285969734192
21865,21865,1.0
21866,21866,1.0
21867,21867,1.0
21868,21868,1.0
21869,21869,0.4285714328289032
21870,21870,0.8571428656578064
21871,21871,0.7142857313156128
21872,21872,1.0
21873,21873,1.0
21874,21874,1.0
21875,21875,1.0
21876,21876,1.0
21877,21877,1.0
21878,21878,1.0
21879,21879,1.0
21880,21880,1.0
21881,21881,1.0
21882,21882,1.0
21883,21883,0.5714285969734192
21884,21884,1.0
21885,21885,0.8571428656578064
21886,21886,0.8571428656578064
21887,21887,0.8571428656578064
21888,21888,0.7142857313156128
21889,21889,1.0
21890,21890,1.0
21891,21891,1.0
21892,21892,1.0
21893,21893,1.0
21894,21894,1.0
21895,21895,1.0
21896,21896,1.0
21897,21897,1.0
21898,21898,1.0
21899,21899,1.0
21900,21900,1.0
21901,21901,1.0
21902,21902,1.0
21903,21903,1.0
21904,21904,1.0
21905,21905,1.0
21906,21906,1.0
21907,21907,1.0
21908,21908,0.8571428656578064
21909,21909,1.0
21910,21910,1.0
21911,21911,1.0
21912,21912,1.0
21913,21913,1.0
21914,21914,1.0
21915,21915,1.0
21916,21916,1.0
21917,21917,1.0
21918,21918,1.0
21919,21919,1.0
21920,21920,1.0
21921,21921,1.0
21922,21922,1.0
21923,21923,0.7142857313156128
21924,21924,1.0
21925,21925,0.8571428656578064
21926,21926,1.0
21927,21927,1.0
21928,21928,1.0
21929,21929,1.0
21930,21930,1.0
21931,21931,0.8571428656578064
21932,21932,0.8571428656578064
21933,21933,1.0
21934,21934,0.7142857313156128
21935,21935,1.0
21936,21936,0.2857142984867096
21937,21937,0.7142857313156128
21938,21938,1.0
21939,21939,0.8571428656578064
21940,21940,1.0
21941,21941,1.0
21942,21942,0.8571428656578064
21943,21943,0.7142857313156128
21944,21944,1.0
21945,21945,1.0
21946,21946,0.5714285969734192
21947,21947,1.0
21948,21948,1.0
21949,21949,1.0
21950,21950,0.1428571492433548
21951,21951,1.0
21952,21952,1.0
21953,21953,1.0
21954,21954,1.0
21955,21955,0.8571428656578064
21956,21956,1.0
21957,21957,0.8571428656578064
21958,21958,0.0
21959,21959,1.0
21960,21960,1.0
21961,21961,1.0
21962,21962,1.0
21963,21963,1.0
21964,21964,0.5714285969734192
21965,21965,1.0
21966,21966,0.8571428656578064
21967,21967,0.8571428656578064
21968,21968,1.0
21969,21969,0.7142857313156128
21970,21970,0.8571428656578064
21971,21971,1.0
21972,21972,1.0
21973,21973,1.0
21974,21974,1.0
21975,21975,1.0
21976,21976,1.0
21977,21977,1.0
21978,21978,1.0
21979,21979,1.0
21980,21980,1.0
21981,21981,1.0
21982,21982,0.2857142984867096
21983,21983,1.0
21984,21984,1.0
21985,21985,1.0
21986,21986,0.5714285969734192
21987,21987,1.0
21988,21988,1.0
21989,21989,0.0
21990,21990,1.0
21991,21991,1.0
21992,21992,0.8571428656578064
21993,21993,0.8571428656578064
21994,21994,1.0
21995,21995,0.7142857313156128
21996,21996,0.7142857313156128
21997,21997,1.0
21998,21998,0.8571428656578064
21999,21999,1.0
22000,22000,1.0
22001,22001,1.0
22002,22002,1.0
22003,22003,1.0
22004,22004,1.0
22005,22005,1.0
22006,22006,1.0
22007,22007,1.0
22008,22008,1.0
22009,22009,1.0
22010,22010,1.0
22011,22011,1.0
22012,22012,1.0
22013,22013,1.0
22014,22014,1.0
22015,22015,1.0
22016,22016,1.0
22017,22017,1.0
22018,22018,0.8571428656578064
22019,22019,1.0
22020,22020,1.0
22021,22021,1.0
22022,22022,1.0
22023,22023,1.0
22024,22024,1.0
22025,22025,1.0
22026,22026,1.0
22027,22027,1.0
22028,22028,1.0
22029,22029,1.0
22030,22030,1.0
22031,22031,0.8571428656578064
22032,22032,1.0
22033,22033,0.4285714328289032
22034,22034,1.0
22035,22035,0.8571428656578064
22036,22036,1.0
22037,22037,1.0
22038,22038,1.0
22039,22039,1.0
22040,22040,1.0
22041,22041,0.8571428656578064
22042,22042,0.8571428656578064
22043,22043,1.0
22044,22044,0.7142857313156128
22045,22045,0.5714285969734192
22046,22046,1.0
22047,22047,0.4285714328289032
22048,22048,1.0
22049,22049,1.0
22050,22050,1.0
22051,22051,1.0
22052,22052,0.8571428656578064
22053,22053,0.7142857313156128
22054,22054,0.8571428656578064
22055,22055,1.0
22056,22056,0.5714285969734192
22057,22057,1.0
22058,22058,1.0
22059,22059,1.0
22060,22060,1.0
22061,22061,1.0
22062,22062,1.0
22063,22063,1.0
22064,22064,1.0
22065,22065,0.8571428656578064
22066,22066,1.0
22067,22067,0.8571428656578064
22068,22068,0.4285714328289032
22069,22069,1.0
22070,22070,1.0
22071,22071,1.0
22072,22072,0.8571428656578064
22073,22073,0.8571428656578064
22074,22074,1.0
22075,22075,0.5714285969734192
22076,22076,0.7142857313156128
22077,22077,0.8571428656578064
22078,22078,1.0
22079,22079,1.0
22080,22080,1.0
22081,22081,1.0
22082,22082,1.0
22083,22083,1.0
22084,22084,1.0
22085,22085,0.8571428656578064
22086,22086,0.7142857313156128
22087,22087,1.0
22088,22088,1.0
22089,22089,1.0
22090,22090,0.8571428656578064
22091,22091,1.0
22092,22092,1.0
22093,22093,1.0
22094,22094,1.0
22095,22095,1.0
22096,22096,0.8571428656578064
22097,22097,1.0
22098,22098,1.0
22099,22099,0.7142857313156128
22100,22100,0.8571428656578064
22101,22101,1.0
22102,22102,1.0
22103,22103,0.5714285969734192
22104,22104,1.0
22105,22105,0.0
22106,22106,0.5714285969734192
22107,22107,1.0
22108,22108,1.0
22109,22109,0.8571428656578064
22110,22110,1.0
22111,22111,1.0
22112,22112,1.0
22113,22113,1.0
22114,22114,1.0
22115,22115,1.0
22116,22116,1.0
22117,22117,1.0
22118,22118,1.0
22119,22119,0.1428571492433548
22120,22120,1.0
22121,22121,1.0
22122,22122,1.0
22123,22123,1.0
22124,22124,1.0
22125,22125,1.0
22126,22126,1.0
22127,22127,1.0
22128,22128,0.8571428656578064
22129,22129,1.0
22130,22130,1.0
22131,22131,1.0
22132,22132,1.0
22133,22133,1.0
22134,22134,1.0
22135,22135,1.0
22136,22136,1.0
22137,22137,1.0
22138,22138,1.0
22139,22139,1.0
22140,22140,1.0
22141,22141,1.0
22142,22142,0.7142857313156128
22143,22143,1.0
22144,22144,1.0
22145,22145,1.0
22146,22146,1.0
22147,22147,1.0
22148,22148,1.0
22149,22149,1.0
22150,22150,1.0
22151,22151,0.8571428656578064
22152,22152,0.5714285969734192
22153,22153,1.0
22154,22154,1.0
22155,22155,0.8571428656578064
22156,22156,1.0
22157,22157,0.4285714328289032
22158,22158,0.8571428656578064
22159,22159,1.0
22160,22160,1.0
22161,22161,1.0
22162,22162,0.8571428656578064
22163,22163,0.7142857313156128
22164,22164,0.7142857313156128
22165,22165,1.0
22166,22166,1.0
22167,22167,1.0
22168,22168,0.4285714328289032
22169,22169,0.4285714328289032
22170,22170,1.0
22171,22171,1.0
22172,22172,1.0
22173,22173,1.0
22174,22174,1.0
22175,22175,0.8571428656578064
22176,22176,1.0
22177,22177,0.8571428656578064
22178,22178,1.0
22179,22179,1.0
22180,22180,1.0
22181,22181,1.0
22182,22182,0.8571428656578064
22183,22183,1.0
22184,22184,1.0
22185,22185,0.5714285969734192
22186,22186,0.8571428656578064
22187,22187,0.8571428656578064
22188,22188,1.0
22189,22189,1.0
22190,22190,0.8571428656578064
22191,22191,1.0
22192,22192,1.0
22193,22193,1.0
22194,22194,1.0
22195,22195,1.0
22196,22196,1.0
22197,22197,1.0
22198,22198,1.0
22199,22199,1.0
22200,22200,0.8571428656578064
22201,22201,1.0
22202,22202,1.0
22203,22203,1.0
22204,22204,1.0
22205,22205,1.0
22206,22206,1.0
22207,22207,0.8571428656578064
22208,22208,0.7142857313156128
22209,22209,1.0
22210,22210,0.8571428656578064
22211,22211,0.8571428656578064
22212,22212,1.0
22213,22213,0.8571428656578064
22214,22214,0.7142857313156128
22215,22215,0.8571428656578064
22216,22216,0.5714285969734192
22217,22217,1.0
22218,22218,1.0
22219,22219,1.0
22220,22220,0.8571428656578064
22221,22221,1.0
22222,22222,1.0
22223,22223,1.0
22224,22224,1.0
22225,22225,1.0
22226,22226,1.0
22227,22227,1.0
22228,22228,1.0
22229,22229,1.0
22230,22230,1.0
22231,22231,1.0
22232,22232,1.0
22233,22233,1.0
22234,22234,1.0
22235,22235,1.0
22236,22236,1.0
22237,22237,1.0
22238,22238,0.8571428656578064
22239,22239,1.0
22240,22240,1.0
22241,22241,1.0
22242,22242,1.0
22243,22243,1.0
22244,22244,1.0
22245,22245,1.0
22246,22246,1.0
22247,22247,1.0
22248,22248,1.0
22249,22249,1.0
22250,22250,1.0
22251,22251,1.0
22252,22252,0.7142857313156128
22253,22253,1.0
22254,22254,1.0
22255,22255,0.8571428656578064
22256,22256,1.0
22257,22257,1.0
22258,22258,1.0
22259,22259,1.0
22260,22260,1.0
22261,22261,1.0
22262,22262,0.8571428656578064
22263,22263,1.0
22264,22264,0.7142857313156128
22265,22265,1.0
22266,22266,1.0
22267,22267,0.8571428656578064
22268,22268,1.0
22269,22269,1.0
22270,22270,0.8571428656578064
22271,22271,1.0
22272,22272,0.8571428656578064
22273,22273,0.7142857313156128
22274,22274,0.8571428656578064
22275,22275,1.0
22276,22276,0.0
22277,22277,1.0
22278,22278,1.0
22279,22279,0.8571428656578064
22280,22280,1.0
22281,22281,1.0
22282,22282,1.0
22283,22283,1.0
22284,22284,1.0
22285,22285,0.8571428656578064
22286,22286,1.0
22287,22287,0.8571428656578064
22288,22288,1.0
22289,22289,1.0
22290,22290,1.0
22291,22291,1.0
22292,22292,1.0
22293,22293,1.0
22294,22294,1.0
22295,22295,1.0
22296,22296,1.0
22297,22297,0.8571428656578064
22298,22298,1.0
22299,22299,0.7142857313156128
22300,22300,0.1428571492433548
22301,22301,1.0
22302,22302,1.0
22303,22303,1.0
22304,22304,0.8571428656578064
22305,22305,1.0
22306,22306,0.7142857313156128
22307,22307,0.8571428656578064
22308,22308,1.0
22309,22309,1.0
22310,22310,0.8571428656578064
22311,22311,1.0
22312,22312,1.0
22313,22313,1.0
22314,22314,1.0
22315,22315,1.0
22316,22316,1.0
22317,22317,1.0
22318,22318,1.0
22319,22319,1.0
22320,22320,0.8571428656578064
22321,22321,1.0
22322,22322,1.0
22323,22323,0.8571428656578064
22324,22324,1.0
22325,22325,0.8571428656578064
22326,22326,0.4285714328289032
22327,22327,1.0
22328,22328,0.7142857313156128
22329,22329,0.8571428656578064
22330,22330,1.0
22331,22331,1.0
22332,22332,1.0
22333,22333,1.0
22334,22334,1.0
22335,22335,1.0
22336,22336,1.0
22337,22337,1.0
22338,22338,1.0
22339,22339,1.0
22340,22340,1.0
22341,22341,1.0
22342,22342,1.0
22343,22343,1.0
22344,22344,1.0
22345,22345,1.0
22346,22346,1.0
22347,22347,1.0
22348,22348,0.8571428656578064
22349,22349,1.0
22350,22350,1.0
22351,22351,1.0
22352,22352,1.0
22353,22353,1.0
22354,22354,1.0
22355,22355,1.0
22356,22356,1.0
22357,22357,1.0
22358,22358,1.0
22359,22359,1.0
22360,22360,1.0
22361,22361,1.0
22362,22362,1.0
22363,22363,1.0
22364,22364,1.0
22365,22365,0.8571428656578064
22366,22366,1.0
22367,22367,0.2857142984867096
22368,22368,1.0
22369,22369,1.0
22370,22370,1.0
22371,22371,0.8571428656578064
22372,22372,0.5714285969734192
22373,22373,0.5714285969734192
22374,22374,0.2857142984867096
22375,22375,1.0
22376,22376,1.0
22377,22377,0.5714285969734192
22378,22378,1.0
22379,22379,1.0
22380,22380,0.2857142984867096
22381,22381,1.0
22382,22382,0.8571428656578064
22383,22383,0.7142857313156128
22384,22384,0.8571428656578064
22385,22385,0.5714285969734192
22386,22386,1.0
22387,22387,1.0
22388,22388,1.0
22389,22389,1.0
22390,22390,1.0
22391,22391,1.0
22392,22392,1.0
22393,22393,1.0
22394,22394,1.0
22395,22395,0.8571428656578064
22396,22396,1.0
22397,22397,0.8571428656578064
22398,22398,1.0
22399,22399,0.5714285969734192
22400,22400,1.0
22401,22401,1.0
22402,22402,0.8571428656578064
22403,22403,1.0
22404,22404,1.0
22405,22405,1.0
22406,22406,0.7142857313156128
22407,22407,0.8571428656578064
22408,22408,1.0
22409,22409,0.7142857313156128
22410,22410,1.0
22411,22411,0.5714285969734192
22412,22412,1.0
22413,22413,1.0
22414,22414,0.8571428656578064
22415,22415,0.5714285969734192
22416,22416,1.0
22417,22417,1.0
22418,22418,1.0
22419,22419,0.8571428656578064
22420,22420,0.8571428656578064
22421,22421,1.0
22422,22422,1.0
22423,22423,1.0
22424,22424,1.0
22425,22425,1.0
22426,22426,1.0
22427,22427,0.8571428656578064
22428,22428,1.0
22429,22429,1.0
22430,22430,0.8571428656578064
22431,22431,1.0
22432,22432,0.8571428656578064
22433,22433,0.8571428656578064
22434,22434,0.1428571492433548
22435,22435,1.0
22436,22436,0.8571428656578064
22437,22437,1.0
22438,22438,0.8571428656578064
22439,22439,1.0
22440,22440,1.0
22441,22441,1.0
22442,22442,1.0
22443,22443,1.0
22444,22444,1.0
22445,22445,1.0
22446,22446,1.0
22447,22447,1.0
22448,22448,1.0
22449,22449,1.0
22450,22450,1.0
22451,22451,1.0
22452,22452,1.0
22453,22453,1.0
22454,22454,1.0
22455,22455,1.0
22456,22456,1.0
22457,22457,1.0
22458,22458,0.8571428656578064
22459,22459,1.0
22460,22460,1.0
22461,22461,1.0
22462,22462,1.0
22463,22463,1.0
22464,22464,1.0
22465,22465,1.0
22466,22466,1.0
22467,22467,1.0
22468,22468,1.0
22469,22469,1.0
22470,22470,1.0
22471,22471,1.0
22472,22472,0.7142857313156128
22473,22473,0.4285714328289032
22474,22474,0.0
22475,22475,0.8571428656578064
22476,22476,1.0
22477,22477,0.2857142984867096
22478,22478,1.0
22479,22479,1.0
22480,22480,1.0
22481,22481,0.8571428656578064
22482,22482,0.8571428656578064
22483,22483,1.0
22484,22484,0.7142857313156128
22485,22485,1.0
22486,22486,1.0
22487,22487,0.8571428656578064
22488,22488,1.0
22489,22489,0.4285714328289032
22490,22490,1.0
22491,22491,0.2857142984867096
22492,22492,0.8571428656578064
22493,22493,0.7142857313156128
22494,22494,0.8571428656578064
22495,22495,1.0
22496,22496,1.0
22497,22497,1.0
22498,22498,1.0
22499,22499,1.0
22500,22500,1.0
22501,22501,1.0
22502,22502,0.8571428656578064
22503,22503,1.0
22504,22504,1.0
22505,22505,0.8571428656578064
22506,22506,1.0
22507,22507,0.8571428656578064
22508,22508,1.0
22509,22509,1.0
22510,22510,1.0
22511,22511,1.0
22512,22512,1.0
22513,22513,0.8571428656578064
22514,22514,1.0
22515,22515,1.0
22516,22516,0.7142857313156128
22517,22517,0.2857142984867096
22518,22518,1.0
22519,22519,0.7142857313156128
22520,22520,1.0
22521,22521,1.0
22522,22522,1.0
22523,22523,1.0
22524,22524,1.0
22525,22525,1.0
22526,22526,1.0
22527,22527,1.0
22528,22528,1.0
22529,22529,0.5714285969734192
22530,22530,0.8571428656578064
22531,22531,1.0
22532,22532,1.0
22533,22533,1.0
22534,22534,1.0
22535,22535,1.0
22536,22536,1.0
22537,22537,1.0
22538,22538,1.0
22539,22539,1.0
22540,22540,0.8571428656578064
22541,22541,1.0
22542,22542,1.0
22543,22543,0.8571428656578064
22544,22544,1.0
22545,22545,0.8571428656578064
22546,22546,0.5714285969734192
22547,22547,1.0
22548,22548,0.8571428656578064
22549,22549,1.0
22550,22550,0.8571428656578064
22551,22551,1.0
22552,22552,0.0
22553,22553,1.0
22554,22554,1.0
22555,22555,1.0
22556,22556,1.0
22557,22557,1.0
22558,22558,1.0
22559,22559,1.0
22560,22560,1.0
22561,22561,1.0
22562,22562,1.0
22563,22563,1.0
22564,22564,1.0
22565,22565,1.0
22566,22566,1.0
22567,22567,1.0
22568,22568,0.8571428656578064
22569,22569,1.0
22570,22570,1.0
22571,22571,1.0
22572,22572,1.0
22573,22573,1.0
22574,22574,1.0
22575,22575,1.0
22576,22576,1.0
22577,22577,1.0
22578,22578,1.0
22579,22579,1.0
22580,22580,1.0
22581,22581,1.0
22582,22582,1.0
22583,22583,0.7142857313156128
22584,22584,1.0
22585,22585,0.8571428656578064
22586,22586,1.0
22587,22587,1.0
22588,22588,1.0
22589,22589,1.0
22590,22590,1.0
22591,22591,0.8571428656578064
22592,22592,0.8571428656578064
22593,22593,1.0
22594,22594,0.2857142984867096
22595,22595,1.0
22596,22596,1.0
22597,22597,0.4285714328289032
22598,22598,1.0
22599,22599,1.0
22600,22600,1.0
22601,22601,1.0
22602,22602,0.8571428656578064
22603,22603,0.7142857313156128
22604,22604,0.8571428656578064
22605,22605,1.0
22606,22606,0.5714285969734192
22607,22607,0.2857142984867096
22608,22608,1.0
22609,22609,1.0
22610,22610,1.0
22611,22611,1.0
22612,22612,1.0
22613,22613,1.0
22614,22614,1.0
22615,22615,0.4285714328289032
22616,22616,1.0
22617,22617,0.8571428656578064
22618,22618,0.8571428656578064
22619,22619,1.0
22620,22620,0.8571428656578064
22621,22621,1.0
22622,22622,0.4285714328289032
22623,22623,1.0
22624,22624,1.0
22625,22625,1.0
22626,22626,1.0
22627,22627,0.7142857313156128
22628,22628,1.0
22629,22629,0.8571428656578064
22630,22630,1.0
22631,22631,1.0
22632,22632,1.0
22633,22633,1.0
22634,22634,0.1428571492433548
22635,22635,1.0
22636,22636,1.0
22637,22637,1.0
22638,22638,1.0
22639,22639,1.0
22640,22640,1.0
22641,22641,0.7142857313156128
22642,22642,1.0
22643,22643,1.0
22644,22644,1.0
22645,22645,1.0
22646,22646,1.0
22647,22647,1.0
22648,22648,1.0
22649,22649,1.0
22650,22650,1.0
22651,22651,1.0
22652,22652,0.5714285969734192
22653,22653,0.8571428656578064
22654,22654,1.0
22655,22655,0.5714285969734192
22656,22656,0.8571428656578064
22657,22657,1.0
22658,22658,0.8571428656578064
22659,22659,1.0
22660,22660,1.0
22661,22661,1.0
22662,22662,1.0
22663,22663,1.0
22664,22664,1.0
22665,22665,1.0
22666,22666,1.0
22667,22667,1.0
22668,22668,1.0
22669,22669,1.0
22670,22670,1.0
22671,22671,1.0
22672,22672,1.0
22673,22673,1.0
22674,22674,1.0
22675,22675,1.0
22676,22676,1.0
22677,22677,1.0
22678,22678,0.8571428656578064
22679,22679,1.0
22680,22680,1.0
22681,22681,1.0
22682,22682,1.0
22683,22683,1.0
22684,22684,1.0
22685,22685,1.0
22686,22686,1.0
22687,22687,1.0
22688,22688,1.0
22689,22689,1.0
22690,22690,1.0
22691,22691,0.1428571492433548
22692,22692,1.0
22693,22693,1.0
22694,22694,0.4285714328289032
22695,22695,0.8571428656578064
22696,22696,1.0
22697,22697,1.0
22698,22698,1.0
22699,22699,1.0
22700,22700,1.0
22701,22701,1.0
22702,22702,0.8571428656578064
22703,22703,1.0
22704,22704,0.7142857313156128
22705,22705,1.0
22706,22706,1.0
22707,22707,0.7142857313156128
22708,22708,1.0
22709,22709,0.2857142984867096
22710,22710,1.0
22711,22711,1.0
22712,22712,0.8571428656578064
22713,22713,0.7142857313156128
22714,22714,0.8571428656578064
22715,22715,1.0
22716,22716,1.0
22717,22717,1.0
22718,22718,1.0
22719,22719,1.0
22720,22720,1.0
22721,22721,1.0
22722,22722,1.0
22723,22723,1.0
22724,22724,1.0
22725,22725,0.8571428656578064
22726,22726,1.0
22727,22727,0.8571428656578064
22728,22728,1.0
22729,22729,1.0
22730,22730,1.0
22731,22731,1.0
22732,22732,0.7142857313156128
22733,22733,1.0
22734,22734,1.0
22735,22735,1.0
22736,22736,0.8571428656578064
22737,22737,0.8571428656578064
22738,22738,1.0
22739,22739,1.0
22740,22740,0.8571428656578064
22741,22741,0.5714285969734192
22742,22742,1.0
22743,22743,1.0
22744,22744,0.8571428656578064
22745,22745,1.0
22746,22746,1.0
22747,22747,1.0
22748,22748,1.0
22749,22749,1.0
22750,22750,1.0
22751,22751,1.0
22752,22752,1.0
22753,22753,0.4285714328289032
22754,22754,1.0
22755,22755,1.0
22756,22756,1.0
22757,22757,0.8571428656578064
22758,22758,1.0
22759,22759,1.0
22760,22760,1.0
22761,22761,1.0
22762,22762,0.8571428656578064
22763,22763,0.8571428656578064
22764,22764,1.0
22765,22765,1.0
22766,22766,1.0
22767,22767,0.8571428656578064
22768,22768,0.7142857313156128
22769,22769,1.0
22770,22770,0.8571428656578064
22771,22771,1.0
22772,22772,0.0
22773,22773,1.0
22774,22774,0.1428571492433548
22775,22775,1.0
22776,22776,1.0
22777,22777,1.0
22778,22778,1.0
22779,22779,1.0
22780,22780,1.0
22781,22781,1.0
22782,22782,1.0
22783,22783,1.0
22784,22784,1.0
22785,22785,1.0
22786,22786,1.0
22787,22787,1.0
22788,22788,0.8571428656578064
22789,22789,1.0
22790,22790,1.0
22791,22791,1.0
22792,22792,1.0
22793,22793,1.0
22794,22794,1.0
22795,22795,1.0
22796,22796,1.0
22797,22797,1.0
22798,22798,1.0
22799,22799,1.0
22800,22800,1.0
22801,22801,1.0
22802,22802,1.0
22803,22803,0.7142857313156128
22804,22804,1.0
22805,22805,0.2857142984867096
22806,22806,1.0
22807,22807,1.0
22808,22808,1.0
22809,22809,1.0
22810,22810,0.4285714328289032
22811,22811,0.8571428656578064
22812,22812,0.8571428656578064
22813,22813,1.0
22814,22814,0.7142857313156128
22815,22815,1.0
22816,22816,1.0
22817,22817,0.4285714328289032
22818,22818,1.0
22819,22819,1.0
22820,22820,1.0
22821,22821,1.0
22822,22822,0.8571428656578064
22823,22823,0.7142857313156128
22824,22824,0.8571428656578064
22825,22825,1.0
22826,22826,1.0
22827,22827,1.0
22828,22828,1.0
22829,22829,1.0
22830,22830,1.0
22831,22831,1.0
22832,22832,1.0
22833,22833,1.0
22834,22834,1.0
22835,22835,0.5714285969734192
22836,22836,1.0
22837,22837,0.8571428656578064
22838,22838,1.0
22839,22839,1.0
22840,22840,1.0
22841,22841,1.0
22842,22842,0.8571428656578064
22843,22843,1.0
22844,22844,1.0
22845,22845,0.8571428656578064
22846,22846,0.7142857313156128
22847,22847,0.8571428656578064
22848,22848,1.0
22849,22849,1.0
22850,22850,0.8571428656578064
22851,22851,1.0
22852,22852,1.0
22853,22853,1.0
22854,22854,1.0
22855,22855,1.0
22856,22856,1.0
22857,22857,1.0
22858,22858,1.0
22859,22859,1.0
22860,22860,1.0
22861,22861,1.0
22862,22862,1.0
22863,22863,0.5714285969734192
22864,22864,1.0
22865,22865,1.0
22866,22866,1.0
22867,22867,0.8571428656578064
22868,22868,0.8571428656578064
22869,22869,1.0
22870,22870,0.8571428656578064
22871,22871,1.0
22872,22872,0.8571428656578064
22873,22873,0.5714285969734192
22874,22874,1.0
22875,22875,0.8571428656578064
22876,22876,0.2857142984867096
22877,22877,0.7142857313156128
22878,22878,0.7142857313156128
22879,22879,1.0
22880,22880,1.0
22881,22881,1.0
22882,22882,1.0
22883,22883,1.0
22884,22884,1.0
22885,22885,1.0
22886,22886,1.0
22887,22887,1.0
22888,22888,1.0
22889,22889,1.0
22890,22890,1.0
22891,22891,1.0
22892,22892,1.0
22893,22893,1.0
22894,22894,1.0
22895,22895,1.0
22896,22896,1.0
22897,22897,1.0
22898,22898,0.8571428656578064
22899,22899,1.0
22900,22900,1.0
22901,22901,1.0
22902,22902,1.0
22903,22903,1.0
22904,22904,0.0
22905,22905,1.0
22906,22906,1.0
22907,22907,1.0
22908,22908,1.0
22909,22909,1.0
22910,22910,1.0
22911,22911,1.0
22912,22912,0.7142857313156128
22913,22913,0.7142857313156128
22914,22914,1.0
22915,22915,0.7142857313156128
22916,22916,1.0
22917,22917,1.0
22918,22918,1.0
22919,22919,1.0
22920,22920,0.4285714328289032
22921,22921,0.8571428656578064
22922,22922,0.8571428656578064
22923,22923,1.0
22924,22924,0.7142857313156128
22925,22925,1.0
22926,22926,1.0
22927,22927,0.8571428656578064
22928,22928,0.8571428656578064
22929,22929,1.0
22930,22930,0.0
22931,22931,1.0
22932,22932,0.8571428656578064
22933,22933,0.7142857313156128
22934,22934,0.8571428656578064
22935,22935,1.0
22936,22936,1.0
22937,22937,1.0
22938,22938,1.0
22939,22939,1.0
22940,22940,1.0
22941,22941,1.0
22942,22942,1.0
22943,22943,1.0
22944,22944,0.4285714328289032
22945,22945,0.8571428656578064
22946,22946,1.0
22947,22947,0.8571428656578064
22948,22948,1.0
22949,22949,1.0
22950,22950,1.0
22951,22951,1.0
22952,22952,0.7142857313156128
22953,22953,0.8571428656578064
22954,22954,1.0
22955,22955,1.0
22956,22956,1.0
22957,22957,0.4285714328289032
22958,22958,1.0
22959,22959,0.8571428656578064
22960,22960,1.0
22961,22961,1.0
22962,22962,1.0
22963,22963,1.0
22964,22964,0.8571428656578064
22965,22965,1.0
22966,22966,1.0
22967,22967,1.0
22968,22968,1.0
22969,22969,1.0
22970,22970,0.8571428656578064
22971,22971,1.0
22972,22972,1.0
22973,22973,1.0
22974,22974,1.0
22975,22975,1.0
22976,22976,1.0
22977,22977,1.0
22978,22978,1.0
22979,22979,1.0
22980,22980,1.0
22981,22981,1.0
22982,22982,1.0
22983,22983,0.8571428656578064
22984,22984,1.0
22985,22985,1.0
22986,22986,0.8571428656578064
22987,22987,1.0
22988,22988,0.8571428656578064
22989,22989,1.0
22990,22990,1.0
22991,22991,1.0
22992,22992,1.0
22993,22993,1.0
22994,22994,1.0
22995,22995,1.0
22996,22996,1.0
22997,22997,1.0
22998,22998,1.0
22999,22999,1.0
23000,23000,1.0
23001,23001,1.0
23002,23002,1.0
23003,23003,1.0
23004,23004,1.0
23005,23005,1.0
23006,23006,1.0
23007,23007,1.0
23008,23008,0.8571428656578064
23009,23009,1.0
23010,23010,1.0
23011,23011,1.0
23012,23012,1.0
23013,23013,1.0
23014,23014,1.0
23015,23015,1.0
23016,23016,1.0
23017,23017,1.0
23018,23018,1.0
23019,23019,1.0
23020,23020,1.0
23021,23021,1.0
23022,23022,1.0
23023,23023,1.0
23024,23024,1.0
23025,23025,0.7142857313156128
23026,23026,1.0
23027,23027,1.0
23028,23028,1.0
23029,23029,1.0
23030,23030,1.0
23031,23031,0.8571428656578064
23032,23032,0.8571428656578064
23033,23033,1.0
23034,23034,0.7142857313156128
23035,23035,1.0
23036,23036,1.0
23037,23037,0.8571428656578064
23038,23038,1.0
23039,23039,1.0
23040,23040,1.0
23041,23041,1.0
23042,23042,0.8571428656578064
23043,23043,0.7142857313156128
23044,23044,0.8571428656578064
23045,23045,1.0
23046,23046,1.0
23047,23047,1.0
23048,23048,1.0
23049,23049,1.0
23050,23050,1.0
23051,23051,1.0
23052,23052,1.0
23053,23053,1.0
23054,23054,1.0
23055,23055,0.8571428656578064
23056,23056,1.0
23057,23057,0.8571428656578064
23058,23058,1.0
23059,23059,1.0
23060,23060,1.0
23061,23061,0.7142857313156128
23062,23062,1.0
23063,23063,0.5714285969734192
23064,23064,0.8571428656578064
23065,23065,1.0
23066,23066,0.7142857313156128
23067,23067,0.8571428656578064
23068,23068,1.0
23069,23069,1.0
23070,23070,1.0
23071,23071,1.0
23072,23072,1.0
23073,23073,1.0
23074,23074,1.0
23075,23075,1.0
23076,23076,1.0
23077,23077,1.0
23078,23078,1.0
23079,23079,1.0
23080,23080,1.0
23081,23081,0.7142857313156128
23082,23082,1.0
23083,23083,1.0
23084,23084,1.0
23085,23085,1.0
23086,23086,1.0
23087,23087,0.8571428656578064
23088,23088,0.8571428656578064
23089,23089,1.0
23090,23090,1.0
23091,23091,1.0
23092,23092,1.0
23093,23093,0.8571428656578064
23094,23094,1.0
23095,23095,0.7142857313156128
23096,23096,0.8571428656578064
23097,23097,1.0
23098,23098,0.7142857313156128
23099,23099,1.0
23100,23100,0.8571428656578064
23101,23101,1.0
23102,23102,1.0
23103,23103,1.0
23104,23104,1.0
23105,23105,1.0
23106,23106,1.0
23107,23107,1.0
23108,23108,1.0
23109,23109,1.0
23110,23110,1.0
23111,23111,1.0
23112,23112,1.0
23113,23113,1.0
23114,23114,1.0
23115,23115,1.0
23116,23116,1.0
23117,23117,1.0
23118,23118,0.8571428656578064
23119,23119,1.0
23120,23120,1.0
23121,23121,1.0
23122,23122,1.0
23123,23123,1.0
23124,23124,0.0
23125,23125,1.0
23126,23126,1.0
23127,23127,1.0
23128,23128,1.0
23129,23129,1.0
23130,23130,1.0
23131,23131,1.0
23132,23132,1.0
23133,23133,1.0
23134,23134,1.0
23135,23135,0.8571428656578064
23136,23136,1.0
23137,23137,1.0
23138,23138,1.0
23139,23139,1.0
23140,23140,1.0
23141,23141,0.8571428656578064
23142,23142,0.8571428656578064
23143,23143,0.5714285969734192
23144,23144,0.7142857313156128
23145,23145,1.0
23146,23146,1.0
23147,23147,0.7142857313156128
23148,23148,0.0
23149,23149,1.0
23150,23150,1.0
23151,23151,1.0
23152,23152,0.8571428656578064
23153,23153,0.1428571492433548
23154,23154,0.8571428656578064
23155,23155,1.0
23156,23156,1.0
23157,23157,1.0
23158,23158,1.0
23159,23159,1.0
23160,23160,1.0
23161,23161,1.0
23162,23162,1.0
23163,23163,0.7142857313156128
23164,23164,1.0
23165,23165,0.8571428656578064
23166,23166,1.0
23167,23167,0.7142857313156128
23168,23168,1.0
23169,23169,1.0
23170,23170,1.0
23171,23171,0.7142857313156128
23172,23172,0.8571428656578064
23173,23173,1.0
23174,23174,0.5714285969734192
23175,23175,0.4285714328289032
23176,23176,0.7142857313156128
23177,23177,0.8571428656578064
23178,23178,1.0
23179,23179,1.0
23180,23180,1.0
23181,23181,1.0
23182,23182,1.0
23183,23183,1.0
23184,23184,1.0
23185,23185,1.0
23186,23186,1.0
23187,23187,1.0
23188,23188,1.0
23189,23189,1.0
23190,23190,0.8571428656578064
23191,23191,1.0
23192,23192,0.8571428656578064
23193,23193,0.8571428656578064
23194,23194,1.0
23195,23195,1.0
23196,23196,1.0
23197,23197,1.0
23198,23198,1.0
23199,23199,1.0
23200,23200,0.8571428656578064
23201,23201,1.0
23202,23202,1.0
23203,23203,0.8571428656578064
23204,23204,1.0
23205,23205,0.4285714328289032
23206,23206,0.8571428656578064
23207,23207,0.8571428656578064
23208,23208,0.8571428656578064
23209,23209,1.0
23210,23210,0.5714285969734192
23211,23211,1.0
23212,23212,1.0
23213,23213,1.0
23214,23214,1.0
23215,23215,1.0
23216,23216,1.0
23217,23217,1.0
23218,23218,1.0
23219,23219,1.0
23220,23220,1.0
23221,23221,1.0
23222,23222,1.0
23223,23223,1.0
23224,23224,1.0
23225,23225,1.0
23226,23226,1.0
23227,23227,1.0
23228,23228,0.8571428656578064
23229,23229,1.0
23230,23230,1.0
23231,23231,1.0
23232,23232,1.0
23233,23233,1.0
23234,23234,1.0
23235,23235,1.0
23236,23236,1.0
23237,23237,1.0
23238,23238,1.0
23239,23239,1.0
23240,23240,1.0
23241,23241,1.0
23242,23242,1.0
23243,23243,1.0
23244,23244,1.0
23245,23245,0.8571428656578064
23246,23246,1.0
23247,23247,1.0
23248,23248,1.0
23249,23249,1.0
23250,23250,1.0
23251,23251,0.8571428656578064
23252,23252,0.8571428656578064
23253,23253,1.0
23254,23254,0.2857142984867096
23255,23255,1.0
23256,23256,1.0
23257,23257,0.8571428656578064
23258,23258,1.0
23259,23259,1.0
23260,23260,1.0
23261,23261,0.0
23262,23262,0.8571428656578064
23263,23263,0.7142857313156128
23264,23264,0.8571428656578064
23265,23265,1.0
23266,23266,1.0
23267,23267,1.0
23268,23268,1.0
23269,23269,1.0
23270,23270,1.0
23271,23271,1.0
23272,23272,1.0
23273,23273,1.0
23274,23274,1.0
23275,23275,0.8571428656578064
23276,23276,0.1428571492433548
23277,23277,0.8571428656578064
23278,23278,1.0
23279,23279,1.0
23280,23280,1.0
23281,23281,1.0
23282,23282,0.8571428656578064
23283,23283,1.0
23284,23284,1.0
23285,23285,1.0
23286,23286,0.7142857313156128
23287,23287,0.7142857313156128
23288,23288,1.0
23289,23289,0.4285714328289032
23290,23290,1.0
23291,23291,1.0
23292,23292,1.0
23293,23293,1.0
23294,23294,1.0
23295,23295,1.0
23296,23296,1.0
23297,23297,1.0
23298,23298,1.0
23299,23299,1.0
23300,23300,1.0
23301,23301,0.7142857313156128
23302,23302,1.0
23303,23303,0.7142857313156128
23304,23304,0.8571428656578064
23305,23305,1.0
23306,23306,1.0
23307,23307,0.8571428656578064
23308,23308,1.0
23309,23309,1.0
23310,23310,1.0
23311,23311,1.0
23312,23312,0.8571428656578064
23313,23313,0.8571428656578064
23314,23314,0.7142857313156128
23315,23315,1.0
23316,23316,1.0
23317,23317,0.8571428656578064
23318,23318,0.8571428656578064
23319,23319,0.7142857313156128
23320,23320,0.5714285969734192
23321,23321,1.0
23322,23322,1.0
23323,23323,1.0
23324,23324,1.0
23325,23325,1.0
23326,23326,1.0
23327,23327,1.0
23328,23328,1.0
23329,23329,1.0
23330,23330,1.0
23331,23331,1.0
23332,23332,1.0
23333,23333,1.0
23334,23334,1.0
23335,23335,1.0
23336,23336,1.0
23337,23337,1.0
23338,23338,0.8571428656578064
23339,23339,1.0
23340,23340,1.0
23341,23341,1.0
23342,23342,1.0
23343,23343,1.0
23344,23344,1.0
23345,23345,1.0
23346,23346,1.0
23347,23347,1.0
23348,23348,1.0
23349,23349,1.0
23350,23350,1.0
23351,23351,1.0
23352,23352,1.0
23353,23353,1.0
23354,23354,1.0
23355,23355,0.0
23356,23356,1.0
23357,23357,1.0
23358,23358,1.0
23359,23359,1.0
23360,23360,0.4285714328289032
23361,23361,0.8571428656578064
23362,23362,0.1428571492433548
23363,23363,1.0
23364,23364,0.7142857313156128
23365,23365,1.0
23366,23366,1.0
23367,23367,0.7142857313156128
23368,23368,1.0
23369,23369,0.7142857313156128
23370,23370,1.0
23371,23371,0.8571428656578064
23372,23372,0.8571428656578064
23373,23373,0.7142857313156128
23374,23374,0.0
23375,23375,1.0
23376,23376,1.0
23377,23377,1.0
23378,23378,1.0
23379,23379,1.0
23380,23380,1.0
23381,23381,1.0
23382,23382,1.0
23383,23383,1.0
23384,23384,1.0
23385,23385,0.8571428656578064
23386,23386,1.0
23387,23387,0.5714285969734192
23388,23388,1.0
23389,23389,1.0
23390,23390,1.0
23391,23391,1.0
23392,23392,0.8571428656578064
23393,23393,1.0
23394,23394,0.5714285969734192
23395,23395,1.0
23396,23396,0.7142857313156128
23397,23397,0.2857142984867096
23398,23398,0.8571428656578064
23399,23399,1.0
23400,23400,1.0
23401,23401,1.0
23402,23402,1.0
23403,23403,1.0
23404,23404,1.0
23405,23405,1.0
23406,23406,1.0
23407,23407,1.0
23408,23408,0.7142857313156128
23409,23409,1.0
23410,23410,0.7142857313156128
23411,23411,1.0
23412,23412,1.0
23413,23413,1.0
23414,23414,1.0
23415,23415,1.0
23416,23416,1.0
23417,23417,1.0
23418,23418,1.0
23419,23419,1.0
23420,23420,0.8571428656578064
23421,23421,1.0
23422,23422,0.7142857313156128
23423,23423,0.8571428656578064
23424,23424,1.0
23425,23425,1.0
23426,23426,0.8571428656578064
23427,23427,0.8571428656578064
23428,23428,0.7142857313156128
23429,23429,1.0
23430,23430,0.7142857313156128
23431,23431,1.0
23432,23432,1.0
23433,23433,1.0
23434,23434,1.0
23435,23435,1.0
23436,23436,1.0
23437,23437,1.0
23438,23438,1.0
23439,23439,1.0
23440,23440,1.0
23441,23441,1.0
23442,23442,1.0
23443,23443,1.0
23444,23444,1.0
23445,23445,1.0
23446,23446,1.0
23447,23447,1.0
23448,23448,0.8571428656578064
23449,23449,1.0
23450,23450,1.0
23451,23451,1.0
23452,23452,1.0
23453,23453,1.0
23454,23454,1.0
23455,23455,1.0
23456,23456,1.0
23457,23457,1.0
23458,23458,1.0
23459,23459,1.0
23460,23460,1.0
23461,23461,1.0
23462,23462,1.0
23463,23463,1.0
23464,23464,1.0
23465,23465,0.7142857313156128
23466,23466,1.0
23467,23467,1.0
23468,23468,1.0
23469,23469,1.0
23470,23470,1.0
23471,23471,0.8571428656578064
23472,23472,0.8571428656578064
23473,23473,1.0
23474,23474,0.2857142984867096
23475,23475,1.0
23476,23476,1.0
23477,23477,0.7142857313156128
23478,23478,1.0
23479,23479,1.0
23480,23480,1.0
23481,23481,0.7142857313156128
23482,23482,0.8571428656578064
23483,23483,0.7142857313156128
23484,23484,0.2857142984867096
23485,23485,1.0
23486,23486,1.0
23487,23487,1.0
23488,23488,1.0
23489,23489,1.0
23490,23490,0.4285714328289032
23491,23491,1.0
23492,23492,1.0
23493,23493,1.0
23494,23494,0.5714285969734192
23495,23495,0.8571428656578064
23496,23496,1.0
23497,23497,0.8571428656578064
23498,23498,1.0
23499,23499,1.0
23500,23500,1.0
23501,23501,1.0
23502,23502,0.8571428656578064
23503,23503,1.0
23504,23504,1.0
23505,23505,1.0
23506,23506,1.0
23507,23507,0.8571428656578064
23508,23508,1.0
23509,23509,1.0
23510,23510,0.2857142984867096
23511,23511,1.0
23512,23512,1.0
23513,23513,1.0
23514,23514,0.8571428656578064
23515,23515,1.0
23516,23516,1.0
23517,23517,1.0
23518,23518,1.0
23519,23519,1.0
23520,23520,1.0
23521,23521,0.7142857313156128
23522,23522,1.0
23523,23523,0.8571428656578064
23524,23524,1.0
23525,23525,1.0
23526,23526,1.0
23527,23527,1.0
23528,23528,1.0
23529,23529,1.0
23530,23530,1.0
23531,23531,1.0
23532,23532,1.0
23533,23533,0.5714285969734192
23534,23534,1.0
23535,23535,1.0
23536,23536,0.7142857313156128
23537,23537,1.0
23538,23538,0.7142857313156128
23539,23539,1.0
23540,23540,1.0
23541,23541,1.0
23542,23542,1.0
23543,23543,1.0
23544,23544,1.0
23545,23545,1.0
23546,23546,1.0
23547,23547,1.0
23548,23548,1.0
23549,23549,1.0
23550,23550,1.0
23551,23551,1.0
23552,23552,1.0
23553,23553,1.0
23554,23554,1.0
23555,23555,1.0
23556,23556,1.0
23557,23557,1.0
23558,23558,0.8571428656578064
23559,23559,1.0
23560,23560,1.0
23561,23561,1.0
23562,23562,1.0
23563,23563,1.0
23564,23564,1.0
23565,23565,1.0
23566,23566,1.0
23567,23567,1.0
23568,23568,1.0
23569,23569,1.0
23570,23570,1.0
23571,23571,1.0
23572,23572,1.0
23573,23573,1.0
23574,23574,1.0
23575,23575,0.8571428656578064
23576,23576,1.0
23577,23577,1.0
23578,23578,1.0
23579,23579,1.0
23580,23580,1.0
23581,23581,0.1428571492433548
23582,23582,0.8571428656578064
23583,23583,1.0
23584,23584,0.7142857313156128
23585,23585,1.0
23586,23586,1.0
23587,23587,0.7142857313156128
23588,23588,1.0
23589,23589,1.0
23590,23590,1.0
23591,23591,0.8571428656578064
23592,23592,0.8571428656578064
23593,23593,0.7142857313156128
23594,23594,0.8571428656578064
23595,23595,1.0
23596,23596,1.0
23597,23597,1.0
23598,23598,1.0
23599,23599,0.4285714328289032
23600,23600,1.0
23601,23601,1.0
23602,23602,1.0
23603,23603,1.0
23604,23604,1.0
23605,23605,0.8571428656578064
23606,23606,1.0
23607,23607,1.0
23608,23608,1.0
23609,23609,1.0
23610,23610,1.0
23611,23611,0.7142857313156128
23612,23612,1.0
23613,23613,0.8571428656578064
23614,23614,1.0
23615,23615,1.0
23616,23616,0.5714285969734192
23617,23617,0.8571428656578064
23618,23618,1.0
23619,23619,1.0
23620,23620,1.0
23621,23621,1.0
23622,23622,1.0
23623,23623,1.0
23624,23624,1.0
23625,23625,1.0
23626,23626,0.7142857313156128
23627,23627,0.7142857313156128
23628,23628,1.0
23629,23629,1.0
23630,23630,0.8571428656578064
23631,23631,0.8571428656578064
23632,23632,1.0
23633,23633,0.8571428656578064
23634,23634,1.0
23635,23635,1.0
23636,23636,1.0
23637,23637,0.5714285969734192
23638,23638,1.0
23639,23639,1.0
23640,23640,1.0
23641,23641,1.0
23642,23642,1.0
23643,23643,0.8571428656578064
23644,23644,1.0
23645,23645,0.8571428656578064
23646,23646,0.8571428656578064
23647,23647,1.0
23648,23648,0.7142857313156128
23649,23649,1.0
23650,23650,1.0
23651,23651,1.0
23652,23652,1.0
23653,23653,1.0
23654,23654,1.0
23655,23655,1.0
23656,23656,1.0
23657,23657,1.0
23658,23658,1.0
23659,23659,1.0
23660,23660,1.0
23661,23661,1.0
23662,23662,1.0
23663,23663,1.0
23664,23664,1.0
23665,23665,1.0
23666,23666,1.0
23667,23667,0.0
23668,23668,0.8571428656578064
23669,23669,1.0
23670,23670,1.0
23671,23671,1.0
23672,23672,1.0
23673,23673,1.0
23674,23674,1.0
23675,23675,1.0
23676,23676,1.0
23677,23677,1.0
23678,23678,1.0
23679,23679,1.0
23680,23680,1.0
23681,23681,1.0
23682,23682,1.0
23683,23683,1.0
23684,23684,1.0
23685,23685,0.8571428656578064
23686,23686,1.0
23687,23687,1.0
23688,23688,1.0
23689,23689,1.0
23690,23690,1.0
23691,23691,0.8571428656578064
23692,23692,0.5714285969734192
23693,23693,1.0
23694,23694,0.2857142984867096
23695,23695,0.5714285969734192
23696,23696,1.0
23697,23697,0.7142857313156128
23698,23698,1.0
23699,23699,1.0
23700,23700,0.2857142984867096
23701,23701,1.0
23702,23702,0.8571428656578064
23703,23703,0.7142857313156128
23704,23704,0.2857142984867096
23705,23705,1.0
23706,23706,1.0
23707,23707,1.0
23708,23708,1.0
23709,23709,1.0
23710,23710,1.0
23711,23711,1.0
23712,23712,1.0
23713,23713,0.8571428656578064
23714,23714,1.0
23715,23715,0.8571428656578064
23716,23716,1.0
23717,23717,0.8571428656578064
23718,23718,1.0
23719,23719,1.0
23720,23720,1.0
23721,23721,1.0
23722,23722,0.8571428656578064
23723,23723,1.0
23724,23724,0.5714285969734192
23725,23725,1.0
23726,23726,0.5714285969734192
23727,23727,0.8571428656578064
23728,23728,1.0
23729,23729,1.0
23730,23730,1.0
23731,23731,1.0
23732,23732,1.0
23733,23733,1.0
23734,23734,1.0
23735,23735,0.5714285969734192
23736,23736,1.0
23737,23737,1.0
23738,23738,0.4285714328289032
23739,23739,1.0
23740,23740,1.0
23741,23741,0.7142857313156128
23742,23742,1.0
23743,23743,1.0
23744,23744,1.0
23745,23745,1.0
23746,23746,1.0
23747,23747,1.0
23748,23748,1.0
23749,23749,1.0
23750,23750,1.0
23751,23751,1.0
23752,23752,0.8571428656578064
23753,23753,0.5714285969734192
23754,23754,1.0
23755,23755,0.8571428656578064
23756,23756,1.0
23757,23757,1.0
23758,23758,0.8571428656578064
23759,23759,1.0
23760,23760,0.8571428656578064
23761,23761,1.0
23762,23762,1.0
23763,23763,1.0
23764,23764,1.0
23765,23765,1.0
23766,23766,1.0
23767,23767,1.0
23768,23768,1.0
23769,23769,1.0
23770,23770,1.0
23771,23771,1.0
23772,23772,1.0
23773,23773,1.0
23774,23774,1.0
23775,23775,1.0
23776,23776,1.0
23777,23777,1.0
23778,23778,0.8571428656578064
23779,23779,1.0
23780,23780,1.0
23781,23781,1.0
23782,23782,1.0
23783,23783,1.0
23784,23784,1.0
23785,23785,1.0
23786,23786,1.0
23787,23787,1.0
23788,23788,1.0
23789,23789,1.0
23790,23790,1.0
23791,23791,1.0
23792,23792,0.2857142984867096
23793,23793,1.0
23794,23794,1.0
23795,23795,0.8571428656578064
23796,23796,1.0
23797,23797,1.0
23798,23798,1.0
23799,23799,1.0
23800,23800,1.0
23801,23801,0.8571428656578064
23802,23802,0.8571428656578064
23803,23803,1.0
23804,23804,1.0
23805,23805,1.0
23806,23806,1.0
23807,23807,0.8571428656578064
23808,23808,1.0
23809,23809,1.0
23810,23810,1.0
23811,23811,1.0
23812,23812,0.8571428656578064
23813,23813,1.0
23814,23814,1.0
23815,23815,1.0
23816,23816,1.0
23817,23817,1.0
23818,23818,1.0
23819,23819,1.0
23820,23820,1.0
23821,23821,1.0
23822,23822,1.0
23823,23823,1.0
23824,23824,1.0
23825,23825,0.8571428656578064
23826,23826,1.0
23827,23827,0.8571428656578064
23828,23828,1.0
23829,23829,1.0
23830,23830,1.0
23831,23831,0.8571428656578064
23832,23832,0.8571428656578064
23833,23833,0.5714285969734192
23834,23834,1.0
23835,23835,1.0
23836,23836,0.7142857313156128
23837,23837,1.0
23838,23838,1.0
23839,23839,0.8571428656578064
23840,23840,0.8571428656578064
23841,23841,1.0
23842,23842,1.0
23843,23843,1.0
23844,23844,1.0
23845,23845,0.8571428656578064
23846,23846,0.7142857313156128
23847,23847,1.0
23848,23848,1.0
23849,23849,1.0
23850,23850,0.8571428656578064
23851,23851,1.0
23852,23852,1.0
23853,23853,1.0
23854,23854,1.0
23855,23855,1.0
23856,23856,1.0
23857,23857,0.8571428656578064
23858,23858,1.0
23859,23859,1.0
23860,23860,0.8571428656578064
23861,23861,1.0
23862,23862,0.8571428656578064
23863,23863,0.5714285969734192
23864,23864,1.0
23865,23865,0.8571428656578064
23866,23866,0.7142857313156128
23867,23867,1.0
23868,23868,1.0
23869,23869,1.0
23870,23870,1.0
23871,23871,1.0
23872,23872,1.0
23873,23873,1.0
23874,23874,1.0
23875,23875,1.0
23876,23876,1.0
23877,23877,1.0
23878,23878,1.0
23879,23879,1.0
23880,23880,1.0
23881,23881,1.0
23882,23882,1.0
23883,23883,1.0
23884,23884,1.0
23885,23885,1.0
23886,23886,1.0
23887,23887,1.0
23888,23888,0.8571428656578064
23889,23889,1.0
23890,23890,1.0
23891,23891,1.0
23892,23892,1.0
23893,23893,1.0
23894,23894,1.0
23895,23895,1.0
23896,23896,1.0
23897,23897,1.0
23898,23898,1.0
23899,23899,1.0
23900,23900,1.0
23901,23901,1.0
23902,23902,1.0
23903,23903,1.0
23904,23904,1.0
23905,23905,0.8571428656578064
23906,23906,1.0
23907,23907,1.0
23908,23908,1.0
23909,23909,1.0
23910,23910,1.0
23911,23911,0.8571428656578064
23912,23912,0.8571428656578064
23913,23913,1.0
23914,23914,0.7142857313156128
23915,23915,1.0
23916,23916,1.0
23917,23917,0.7142857313156128
23918,23918,1.0
23919,23919,1.0
23920,23920,1.0
23921,23921,1.0
23922,23922,0.8571428656578064
23923,23923,0.7142857313156128
23924,23924,0.7142857313156128
23925,23925,0.7142857313156128
23926,23926,1.0
23927,23927,1.0
23928,23928,1.0
23929,23929,1.0
23930,23930,1.0
23931,23931,1.0
23932,23932,1.0
23933,23933,1.0
23934,23934,1.0
23935,23935,0.8571428656578064
23936,23936,1.0
23937,23937,0.8571428656578064
23938,23938,1.0
23939,23939,0.7142857313156128
23940,23940,1.0
23941,23941,1.0
23942,23942,0.8571428656578064
23943,23943,1.0
23944,23944,1.0
23945,23945,1.0
23946,23946,0.7142857313156128
23947,23947,1.0
23948,23948,1.0
23949,23949,1.0
23950,23950,0.8571428656578064
23951,23951,1.0
23952,23952,1.0
23953,23953,1.0
23954,23954,1.0
23955,23955,1.0
23956,23956,1.0
23957,23957,1.0
23958,23958,1.0
23959,23959,1.0
23960,23960,1.0
23961,23961,1.0
23962,23962,1.0
23963,23963,1.0
23964,23964,1.0
23965,23965,1.0
23966,23966,1.0
23967,23967,0.8571428656578064
23968,23968,1.0
23969,23969,0.8571428656578064
23970,23970,1.0
23971,23971,1.0
23972,23972,0.8571428656578064
23973,23973,0.8571428656578064
23974,23974,1.0
23975,23975,0.7142857313156128
23976,23976,0.0
23977,23977,0.7142857313156128
23978,23978,0.7142857313156128
23979,23979,1.0
23980,23980,1.0
23981,23981,1.0
23982,23982,1.0
23983,23983,1.0
23984,23984,1.0
23985,23985,1.0
23986,23986,1.0
23987,23987,1.0
23988,23988,1.0
23989,23989,1.0
23990,23990,1.0
23991,23991,1.0
23992,23992,1.0
23993,23993,1.0
23994,23994,1.0
23995,23995,1.0
23996,23996,1.0
23997,23997,1.0
23998,23998,0.8571428656578064
23999,23999,1.0
24000,24000,1.0
24001,24001,1.0
24002,24002,1.0
24003,24003,1.0
24004,24004,1.0
24005,24005,1.0
24006,24006,1.0
24007,24007,1.0
24008,24008,1.0
24009,24009,1.0
24010,24010,1.0
24011,24011,1.0
24012,24012,1.0
24013,24013,1.0
24014,24014,1.0
24015,24015,0.8571428656578064
24016,24016,1.0
24017,24017,1.0
24018,24018,1.0
24019,24019,1.0
24020,24020,1.0
24021,24021,0.5714285969734192
24022,24022,0.8571428656578064
24023,24023,1.0
24024,24024,1.0
24025,24025,1.0
24026,24026,1.0
24027,24027,0.8571428656578064
24028,24028,1.0
24029,24029,0.7142857313156128
24030,24030,1.0
24031,24031,1.0
24032,24032,0.8571428656578064
24033,24033,0.7142857313156128
24034,24034,0.8571428656578064
24035,24035,1.0
24036,24036,1.0
24037,24037,1.0
24038,24038,1.0
24039,24039,1.0
24040,24040,0.5714285969734192
24041,24041,1.0
24042,24042,1.0
24043,24043,1.0
24044,24044,1.0
24045,24045,0.8571428656578064
24046,24046,1.0
24047,24047,0.8571428656578064
24048,24048,1.0
24049,24049,1.0
24050,24050,1.0
24051,24051,0.5714285969734192
24052,24052,0.8571428656578064
24053,24053,1.0
24054,24054,1.0
24055,24055,0.5714285969734192
24056,24056,0.8571428656578064
24057,24057,0.8571428656578064
24058,24058,1.0
24059,24059,0.8571428656578064
24060,24060,1.0
24061,24061,1.0
24062,24062,1.0
24063,24063,1.0
24064,24064,0.7142857313156128
24065,24065,0.5714285969734192
24066,24066,0.7142857313156128
24067,24067,1.0
24068,24068,1.0
24069,24069,1.0
24070,24070,0.8571428656578064
24071,24071,1.0
24072,24072,0.8571428656578064
24073,24073,1.0
24074,24074,1.0
24075,24075,1.0
24076,24076,1.0
24077,24077,0.8571428656578064
24078,24078,0.8571428656578064
24079,24079,0.7142857313156128
24080,24080,0.8571428656578064
24081,24081,0.8571428656578064
24082,24082,1.0
24083,24083,0.8571428656578064
24084,24084,1.0
24085,24085,0.7142857313156128
24086,24086,0.7142857313156128
24087,24087,0.8571428656578064
24088,24088,0.7142857313156128
24089,24089,1.0
24090,24090,0.8571428656578064
24091,24091,1.0
24092,24092,1.0
24093,24093,1.0
24094,24094,1.0
24095,24095,1.0
24096,24096,1.0
24097,24097,1.0
24098,24098,1.0
24099,24099,1.0
24100,24100,1.0
24101,24101,1.0
24102,24102,1.0
24103,24103,1.0
24104,24104,1.0
24105,24105,1.0
24106,24106,1.0
24107,24107,1.0
24108,24108,0.8571428656578064
24109,24109,1.0
24110,24110,1.0
24111,24111,1.0
24112,24112,1.0
24113,24113,1.0
24114,24114,1.0
24115,24115,1.0
24116,24116,1.0
24117,24117,1.0
24118,24118,1.0
24119,24119,1.0
24120,24120,1.0
24121,24121,1.0
24122,24122,1.0
24123,24123,0.7142857313156128
24124,24124,1.0
24125,24125,0.8571428656578064
24126,24126,1.0
24127,24127,1.0
24128,24128,1.0
24129,24129,1.0
24130,24130,1.0
24131,24131,0.8571428656578064
24132,24132,0.8571428656578064
24133,24133,1.0
24134,24134,0.7142857313156128
24135,24135,1.0
24136,24136,1.0
24137,24137,0.7142857313156128
24138,24138,1.0
24139,24139,1.0
24140,24140,1.0
24141,24141,1.0
24142,24142,0.8571428656578064
24143,24143,0.7142857313156128
24144,24144,0.8571428656578064
24145,24145,1.0
24146,24146,1.0
24147,24147,0.7142857313156128
24148,24148,1.0
24149,24149,1.0
24150,24150,1.0
24151,24151,0.5714285969734192
24152,24152,1.0
24153,24153,1.0
24154,24154,0.8571428656578064
24155,24155,0.5714285969734192
24156,24156,1.0
24157,24157,0.8571428656578064
24158,24158,0.2857142984867096
24159,24159,1.0
24160,24160,1.0
24161,24161,1.0
24162,24162,0.8571428656578064
24163,24163,1.0
24164,24164,1.0
24165,24165,1.0
24166,24166,1.0
24167,24167,0.8571428656578064
24168,24168,1.0
24169,24169,1.0
24170,24170,1.0
24171,24171,1.0
24172,24172,1.0
24173,24173,1.0
24174,24174,1.0
24175,24175,1.0
24176,24176,1.0
24177,24177,1.0
24178,24178,1.0
24179,24179,1.0
24180,24180,1.0
24181,24181,1.0
24182,24182,1.0
24183,24183,0.7142857313156128
24184,24184,0.4285714328289032
24185,24185,1.0
24186,24186,0.8571428656578064
24187,24187,1.0
24188,24188,1.0
24189,24189,0.7142857313156128
24190,24190,0.8571428656578064
24191,24191,1.0
24192,24192,0.8571428656578064
24193,24193,0.8571428656578064
24194,24194,1.0
24195,24195,1.0
24196,24196,1.0
24197,24197,0.7142857313156128
24198,24198,1.0
24199,24199,1.0
24200,24200,0.8571428656578064
24201,24201,1.0
24202,24202,1.0
24203,24203,1.0
24204,24204,1.0
24205,24205,1.0
24206,24206,1.0
24207,24207,1.0
24208,24208,1.0
24209,24209,1.0
24210,24210,1.0
24211,24211,1.0
24212,24212,1.0
24213,24213,1.0
24214,24214,1.0
24215,24215,1.0
24216,24216,1.0
24217,24217,1.0
24218,24218,0.8571428656578064
24219,24219,1.0
24220,24220,1.0
24221,24221,1.0
24222,24222,1.0
24223,24223,1.0
24224,24224,1.0
24225,24225,1.0
24226,24226,1.0
24227,24227,1.0
24228,24228,1.0
24229,24229,1.0
24230,24230,1.0
24231,24231,1.0
24232,24232,1.0
24233,24233,1.0
24234,24234,1.0
24235,24235,0.8571428656578064
24236,24236,1.0
24237,24237,1.0
24238,24238,1.0
24239,24239,1.0
24240,24240,1.0
24241,24241,0.8571428656578064
24242,24242,0.8571428656578064
24243,24243,0.4285714328289032
24244,24244,0.7142857313156128
24245,24245,1.0
24246,24246,1.0
24247,24247,0.4285714328289032
24248,24248,1.0
24249,24249,1.0
24250,24250,1.0
24251,24251,1.0
24252,24252,0.8571428656578064
24253,24253,0.7142857313156128
24254,24254,0.8571428656578064
24255,24255,1.0
24256,24256,1.0
24257,24257,1.0
24258,24258,1.0
24259,24259,1.0
24260,24260,0.7142857313156128
24261,24261,1.0
24262,24262,1.0
24263,24263,1.0
24264,24264,1.0
24265,24265,0.8571428656578064
24266,24266,1.0
24267,24267,0.8571428656578064
24268,24268,0.2857142984867096
24269,24269,1.0
24270,24270,1.0
24271,24271,1.0
24272,24272,0.8571428656578064
24273,24273,1.0
24274,24274,1.0
24275,24275,1.0
24276,24276,0.7142857313156128
24277,24277,0.8571428656578064
24278,24278,1.0
24279,24279,0.8571428656578064
24280,24280,1.0
24281,24281,0.5714285969734192
24282,24282,1.0
24283,24283,1.0
24284,24284,1.0
24285,24285,0.8571428656578064
24286,24286,0.7142857313156128
24287,24287,0.1428571492433548
24288,24288,1.0
24289,24289,1.0
24290,24290,1.0
24291,24291,0.7142857313156128
24292,24292,1.0
24293,24293,1.0
24294,24294,1.0
24295,24295,1.0
24296,24296,1.0
24297,24297,1.0
24298,24298,1.0
24299,24299,1.0
24300,24300,1.0
24301,24301,1.0
24302,24302,0.8571428656578064
24303,24303,0.8571428656578064
24304,24304,1.0
24305,24305,0.8571428656578064
24306,24306,1.0
24307,24307,0.4285714328289032
24308,24308,0.8571428656578064
24309,24309,1.0
24310,24310,1.0
24311,24311,1.0
24312,24312,1.0
24313,24313,1.0
24314,24314,1.0
24315,24315,1.0
24316,24316,1.0
24317,24317,1.0
24318,24318,1.0
24319,24319,1.0
24320,24320,1.0
24321,24321,1.0
24322,24322,1.0
24323,24323,1.0
24324,24324,1.0
24325,24325,1.0
24326,24326,1.0
24327,24327,1.0
24328,24328,1.0
24329,24329,1.0
24330,24330,1.0
24331,24331,1.0
24332,24332,1.0
24333,24333,1.0
24334,24334,1.0
24335,24335,1.0
24336,24336,1.0
24337,24337,1.0
24338,24338,1.0
24339,24339,1.0
24340,24340,1.0
24341,24341,1.0
24342,24342,1.0
24343,24343,1.0
24344,24344,1.0
24345,24345,0.8571428656578064
24346,24346,1.0
24347,24347,1.0
24348,24348,1.0
24349,24349,1.0
24350,24350,1.0
24351,24351,0.8571428656578064
24352,24352,0.8571428656578064
24353,24353,1.0
24354,24354,0.7142857313156128
24355,24355,1.0
24356,24356,1.0
24357,24357,0.7142857313156128
24358,24358,1.0
24359,24359,1.0
24360,24360,1.0
24361,24361,0.5714285969734192
24362,24362,0.8571428656578064
24363,24363,0.7142857313156128
24364,24364,1.0
24365,24365,1.0
24366,24366,1.0
24367,24367,1.0
24368,24368,1.0
24369,24369,1.0
24370,24370,1.0
24371,24371,1.0
24372,24372,1.0
24373,24373,1.0
24374,24374,1.0
24375,24375,0.8571428656578064
24376,24376,1.0
24377,24377,0.7142857313156128
24378,24378,1.0
24379,24379,1.0
24380,24380,1.0
24381,24381,0.5714285969734192
24382,24382,0.8571428656578064
24383,24383,1.0
24384,24384,1.0
24385,24385,1.0
24386,24386,0.8571428656578064
24387,24387,0.8571428656578064
24388,24388,0.8571428656578064
24389,24389,1.0
24390,24390,1.0
24391,24391,0.5714285969734192
24392,24392,1.0
24393,24393,1.0
24394,24394,1.0
24395,24395,0.5714285969734192
24396,24396,0.7142857313156128
24397,24397,1.0
24398,24398,1.0
24399,24399,1.0
24400,24400,1.0
24401,24401,1.0
24402,24402,1.0
24403,24403,1.0
24404,24404,1.0
24405,24405,1.0
24406,24406,1.0
24407,24407,0.8571428656578064
24408,24408,1.0
24409,24409,1.0
24410,24410,0.8571428656578064
24411,24411,1.0
24412,24412,0.5714285969734192
24413,24413,0.8571428656578064
24414,24414,1.0
24415,24415,0.8571428656578064
24416,24416,1.0
24417,24417,1.0
24418,24418,0.8571428656578064
24419,24419,0.8571428656578064
24420,24420,0.8571428656578064
24421,24421,1.0
24422,24422,1.0
24423,24423,1.0
24424,24424,1.0
24425,24425,1.0
24426,24426,1.0
24427,24427,1.0
24428,24428,1.0
24429,24429,1.0
24430,24430,1.0
24431,24431,1.0
24432,24432,1.0
24433,24433,1.0
24434,24434,1.0
24435,24435,1.0
24436,24436,1.0
24437,24437,1.0
24438,24438,0.8571428656578064
24439,24439,1.0
24440,24440,1.0
24441,24441,1.0
24442,24442,1.0
24443,24443,1.0
24444,24444,1.0
24445,24445,1.0
24446,24446,1.0
24447,24447,1.0
24448,24448,1.0
24449,24449,1.0
24450,24450,1.0
24451,24451,0.8571428656578064
24452,24452,1.0
24453,24453,1.0
24454,24454,1.0
24455,24455,0.7142857313156128
24456,24456,1.0
24457,24457,1.0
24458,24458,1.0
24459,24459,1.0
24460,24460,1.0
24461,24461,0.8571428656578064
24462,24462,0.8571428656578064
24463,24463,1.0
24464,24464,1.0
24465,24465,1.0
24466,24466,1.0
24467,24467,0.5714285969734192
24468,24468,1.0
24469,24469,1.0
24470,24470,1.0
24471,24471,1.0
24472,24472,0.8571428656578064
24473,24473,0.7142857313156128
24474,24474,0.8571428656578064
24475,24475,1.0
24476,24476,1.0
24477,24477,1.0
24478,24478,0.8571428656578064
24479,24479,1.0
24480,24480,1.0
24481,24481,1.0
24482,24482,1.0
24483,24483,1.0
24484,24484,1.0
24485,24485,0.8571428656578064
24486,24486,1.0
24487,24487,0.8571428656578064
24488,24488,1.0
24489,24489,1.0
24490,24490,1.0
24491,24491,1.0
24492,24492,1.0
24493,24493,1.0
24494,24494,1.0
24495,24495,0.8571428656578064
24496,24496,0.7142857313156128
24497,24497,0.8571428656578064
24498,24498,0.7142857313156128
24499,24499,1.0
24500,24500,1.0
24501,24501,1.0
24502,24502,1.0
24503,24503,1.0
24504,24504,1.0
24505,24505,0.5714285969734192
24506,24506,1.0
24507,24507,1.0
24508,24508,0.0
24509,24509,0.7142857313156128
24510,24510,0.8571428656578064
24511,24511,1.0
24512,24512,1.0
24513,24513,1.0
24514,24514,1.0
24515,24515,1.0
24516,24516,1.0
24517,24517,0.8571428656578064
24518,24518,1.0
24519,24519,1.0
24520,24520,0.8571428656578064
24521,24521,1.0
24522,24522,0.2857142984867096
24523,24523,0.8571428656578064
24524,24524,1.0
24525,24525,0.7142857313156128
24526,24526,1.0
24527,24527,1.0
24528,24528,0.8571428656578064
24529,24529,1.0
24530,24530,1.0
24531,24531,1.0
24532,24532,1.0
24533,24533,1.0
24534,24534,1.0
24535,24535,1.0
24536,24536,1.0
24537,24537,1.0
24538,24538,1.0
24539,24539,1.0
24540,24540,1.0
24541,24541,1.0
24542,24542,1.0
24543,24543,1.0
24544,24544,1.0
24545,24545,1.0
24546,24546,1.0
24547,24547,0.0
24548,24548,1.0
24549,24549,1.0
24550,24550,1.0
24551,24551,1.0
24552,24552,1.0
24553,24553,1.0
24554,24554,1.0
24555,24555,1.0
24556,24556,1.0
24557,24557,1.0
24558,24558,1.0
24559,24559,1.0
24560,24560,1.0
24561,24561,1.0
24562,24562,1.0
24563,24563,1.0
24564,24564,1.0
24565,24565,0.8571428656578064
24566,24566,1.0
24567,24567,1.0
24568,24568,1.0
24569,24569,1.0
24570,24570,1.0
24571,24571,0.8571428656578064
24572,24572,0.8571428656578064
24573,24573,1.0
24574,24574,0.2857142984867096
24575,24575,1.0
24576,24576,1.0
24577,24577,0.7142857313156128
24578,24578,1.0
24579,24579,1.0
24580,24580,1.0
24581,24581,1.0
24582,24582,0.5714285969734192
24583,24583,0.7142857313156128
24584,24584,0.8571428656578064
24585,24585,1.0
24586,24586,1.0
24587,24587,0.5714285969734192
24588,24588,1.0
24589,24589,1.0
24590,24590,1.0
24591,24591,0.8571428656578064
24592,24592,1.0
24593,24593,0.2857142984867096
24594,24594,1.0
24595,24595,0.8571428656578064
24596,24596,1.0
24597,24597,0.7142857313156128
24598,24598,1.0
24599,24599,1.0
24600,24600,1.0
24601,24601,1.0
24602,24602,0.8571428656578064
24603,24603,1.0
24604,24604,1.0
24605,24605,1.0
24606,24606,0.7142857313156128
24607,24607,0.8571428656578064
24608,24608,0.0
24609,24609,1.0
24610,24610,1.0
24611,24611,1.0
24612,24612,1.0
24613,24613,1.0
24614,24614,0.8571428656578064
24615,24615,1.0
24616,24616,1.0
24617,24617,1.0
24618,24618,1.0
24619,24619,1.0
24620,24620,0.8571428656578064
24621,24621,1.0
24622,24622,1.0
24623,24623,0.5714285969734192
24624,24624,0.7142857313156128
24625,24625,1.0
24626,24626,0.5714285969734192
24627,24627,1.0
24628,24628,1.0
24629,24629,1.0
24630,24630,0.8571428656578064
24631,24631,1.0
24632,24632,1.0
24633,24633,0.8571428656578064
24634,24634,1.0
24635,24635,1.0
24636,24636,0.7142857313156128
24637,24637,1.0
24638,24638,0.7142857313156128
24639,24639,1.0
24640,24640,0.5714285969734192
24641,24641,1.0
24642,24642,1.0
24643,24643,1.0
24644,24644,0.1428571492433548
24645,24645,1.0
24646,24646,1.0
24647,24647,1.0
24648,24648,1.0
24649,24649,1.0
24650,24650,1.0
24651,24651,1.0
24652,24652,1.0
24653,24653,1.0
24654,24654,1.0
24655,24655,1.0
24656,24656,1.0
24657,24657,0.0
24658,24658,1.0
24659,24659,1.0
24660,24660,1.0
24661,24661,1.0
24662,24662,1.0
24663,24663,1.0
24664,24664,1.0
24665,24665,1.0
24666,24666,1.0
24667,24667,1.0
24668,24668,1.0
24669,24669,1.0
24670,24670,1.0
24671,24671,0.8571428656578064
24672,24672,1.0
24673,24673,1.0
24674,24674,1.0
24675,24675,0.8571428656578064
24676,24676,1.0
24677,24677,1.0
24678,24678,1.0
24679,24679,0.4285714328289032
24680,24680,0.4285714328289032
24681,24681,0.8571428656578064
24682,24682,0.8571428656578064
24683,24683,1.0
24684,24684,0.2857142984867096
24685,24685,1.0
24686,24686,1.0
24687,24687,0.7142857313156128
24688,24688,1.0
24689,24689,1.0
24690,24690,1.0
24691,24691,1.0
24692,24692,0.8571428656578064
24693,24693,0.7142857313156128
24694,24694,0.5714285969734192
24695,24695,1.0
24696,24696,1.0
24697,24697,1.0
24698,24698,1.0
24699,24699,0.4285714328289032
24700,24700,1.0
24701,24701,1.0
24702,24702,1.0
24703,24703,1.0
24704,24704,1.0
24705,24705,0.8571428656578064
24706,24706,1.0
24707,24707,0.8571428656578064
24708,24708,1.0
24709,24709,1.0
24710,24710,0.2857142984867096
24711,24711,1.0
24712,24712,0.4285714328289032
24713,24713,0.8571428656578064
24714,24714,1.0
24715,24715,1.0
24716,24716,0.7142857313156128
24717,24717,0.7142857313156128
24718,24718,1.0
24719,24719,1.0
24720,24720,1.0
24721,24721,1.0
24722,24722,1.0
24723,24723,1.0
24724,24724,1.0
24725,24725,0.8571428656578064
24726,24726,0.7142857313156128
24727,24727,0.8571428656578064
24728,24728,1.0
24729,24729,1.0
24730,24730,0.5714285969734192
24731,24731,0.5714285969734192
24732,24732,1.0
24733,24733,1.0
24734,24734,1.0
24735,24735,0.2857142984867096
24736,24736,1.0
24737,24737,0.8571428656578064
24738,24738,1.0
24739,24739,0.4285714328289032
24740,24740,0.8571428656578064
24741,24741,1.0
24742,24742,1.0
24743,24743,0.8571428656578064
24744,24744,1.0
24745,24745,0.8571428656578064
24746,24746,0.8571428656578064
24747,24747,1.0
24748,24748,1.0
24749,24749,1.0
24750,24750,0.8571428656578064
24751,24751,1.0
24752,24752,1.0
24753,24753,1.0
24754,24754,1.0
24755,24755,1.0
24756,24756,1.0
24757,24757,1.0
24758,24758,1.0
24759,24759,1.0
24760,24760,1.0
24761,24761,1.0
24762,24762,1.0
24763,24763,1.0
24764,24764,1.0
24765,24765,1.0
24766,24766,1.0
24767,24767,1.0
24768,24768,0.8571428656578064
24769,24769,1.0
24770,24770,1.0
24771,24771,1.0
24772,24772,1.0
24773,24773,1.0
24774,24774,1.0
24775,24775,1.0
24776,24776,1.0
24777,24777,1.0
24778,24778,1.0
24779,24779,1.0
24780,24780,1.0
24781,24781,0.8571428656578064
24782,24782,1.0
24783,24783,0.7142857313156128
24784,24784,1.0
24785,24785,0.8571428656578064
24786,24786,1.0
24787,24787,1.0
24788,24788,1.0
24789,24789,1.0
24790,24790,1.0
24791,24791,0.8571428656578064
24792,24792,1.0
24793,24793,1.0
24794,24794,0.7142857313156128
24795,24795,0.4285714328289032
24796,24796,1.0
24797,24797,0.8571428656578064
24798,24798,0.8571428656578064
24799,24799,1.0
24800,24800,1.0
24801,24801,1.0
24802,24802,0.8571428656578064
24803,24803,0.7142857313156128
24804,24804,0.1428571492433548
24805,24805,1.0
24806,24806,1.0
24807,24807,1.0
24808,24808,0.4285714328289032
24809,24809,1.0
24810,24810,1.0
24811,24811,1.0
24812,24812,1.0
24813,24813,1.0
24814,24814,1.0
24815,24815,0.8571428656578064
24816,24816,1.0
24817,24817,0.8571428656578064
24818,24818,1.0
24819,24819,1.0
24820,24820,1.0
24821,24821,1.0
24822,24822,0.8571428656578064
24823,24823,0.8571428656578064
24824,24824,1.0
24825,24825,1.0
24826,24826,0.7142857313156128
24827,24827,0.8571428656578064
24828,24828,1.0
24829,24829,1.0
24830,24830,0.8571428656578064
24831,24831,1.0
24832,24832,1.0
24833,24833,1.0
24834,24834,1.0
24835,24835,0.8571428656578064
24836,24836,0.7142857313156128
24837,24837,1.0
24838,24838,1.0
24839,24839,1.0
24840,24840,0.5714285969734192
24841,24841,1.0
24842,24842,1.0
24843,24843,1.0
24844,24844,0.7142857313156128
24845,24845,1.0
24846,24846,1.0
24847,24847,0.5714285969734192
24848,24848,1.0
24849,24849,1.0
24850,24850,0.8571428656578064
24851,24851,1.0
24852,24852,1.0
24853,24853,0.8571428656578064
24854,24854,1.0
24855,24855,1.0
24856,24856,1.0
24857,24857,1.0
24858,24858,0.8571428656578064
24859,24859,1.0
24860,24860,0.8571428656578064
24861,24861,1.0
24862,24862,1.0
24863,24863,1.0
24864,24864,1.0
24865,24865,1.0
24866,24866,1.0
24867,24867,1.0
24868,24868,1.0
24869,24869,1.0
24870,24870,1.0
24871,24871,1.0
24872,24872,1.0
24873,24873,1.0
24874,24874,1.0
24875,24875,1.0
24876,24876,1.0
24877,24877,1.0
24878,24878,0.8571428656578064
24879,24879,1.0
24880,24880,1.0
24881,24881,1.0
24882,24882,1.0
24883,24883,1.0
24884,24884,1.0
24885,24885,1.0
24886,24886,1.0
24887,24887,1.0
24888,24888,1.0
24889,24889,1.0
24890,24890,1.0
24891,24891,0.4285714328289032
24892,24892,1.0
24893,24893,0.1428571492433548
24894,24894,1.0
24895,24895,0.8571428656578064
24896,24896,1.0
24897,24897,1.0
24898,24898,1.0
24899,24899,1.0
24900,24900,1.0
24901,24901,0.8571428656578064
24902,24902,0.8571428656578064
24903,24903,1.0
24904,24904,1.0
24905,24905,1.0
24906,24906,1.0
24907,24907,0.8571428656578064
24908,24908,1.0
24909,24909,1.0
24910,24910,1.0
24911,24911,1.0
24912,24912,0.8571428656578064
24913,24913,0.7142857313156128
24914,24914,0.8571428656578064
24915,24915,1.0
24916,24916,1.0
24917,24917,1.0
24918,24918,1.0
24919,24919,1.0
24920,24920,1.0
24921,24921,1.0
24922,24922,0.5714285969734192
24923,24923,1.0
24924,24924,1.0
24925,24925,0.8571428656578064
24926,24926,1.0
24927,24927,0.8571428656578064
24928,24928,1.0
24929,24929,1.0
24930,24930,1.0
24931,24931,0.8571428656578064
24932,24932,0.8571428656578064
24933,24933,1.0
24934,24934,1.0
24935,24935,1.0
24936,24936,0.8571428656578064
24937,24937,0.8571428656578064
24938,24938,0.8571428656578064
24939,24939,1.0
24940,24940,1.0
24941,24941,0.5714285969734192
24942,24942,1.0
24943,24943,1.0
24944,24944,1.0
24945,24945,0.5714285969734192
24946,24946,1.0
24947,24947,0.4285714328289032
24948,24948,1.0
24949,24949,1.0
24950,24950,0.8571428656578064
24951,24951,1.0
24952,24952,1.0
24953,24953,0.8571428656578064
24954,24954,1.0
24955,24955,0.7142857313156128
24956,24956,1.0
24957,24957,1.0
24958,24958,1.0
24959,24959,1.0
24960,24960,0.8571428656578064
24961,24961,1.0
24962,24962,1.0
24963,24963,0.4285714328289032
24964,24964,1.0
24965,24965,0.8571428656578064
24966,24966,0.1428571492433548
24967,24967,1.0
24968,24968,1.0
24969,24969,1.0
24970,24970,0.5714285969734192
24971,24971,1.0
24972,24972,1.0
24973,24973,1.0
24974,24974,1.0
24975,24975,1.0
24976,24976,1.0
24977,24977,1.0
24978,24978,1.0
24979,24979,0.1428571492433548
24980,24980,1.0
24981,24981,1.0
24982,24982,1.0
24983,24983,1.0
24984,24984,1.0
24985,24985,1.0
24986,24986,1.0
24987,24987,1.0
24988,24988,0.8571428656578064
24989,24989,1.0
24990,24990,1.0
24991,24991,1.0
24992,24992,1.0
24993,24993,1.0
24994,24994,1.0
24995,24995,1.0
24996,24996,1.0
24997,24997,1.0
24998,24998,1.0
24999,24999,1.0
25000,25000,1.0
25001,25001,1.0
25002,25002,1.0
25003,25003,1.0
25004,25004,1.0
25005,25005,0.8571428656578064
25006,25006,1.0
25007,25007,1.0
25008,25008,0.1428571492433548
25009,25009,1.0
25010,25010,1.0
25011,25011,0.8571428656578064
25012,25012,0.8571428656578064
25013,25013,0.5714285969734192
25014,25014,1.0
25015,25015,1.0
25016,25016,1.0
25017,25017,0.8571428656578064
25018,25018,1.0
25019,25019,1.0
25020,25020,1.0
25021,25021,1.0
25022,25022,0.8571428656578064
25023,25023,0.7142857313156128
25024,25024,0.8571428656578064
25025,25025,1.0
25026,25026,1.0
25027,25027,0.4285714328289032
25028,25028,1.0
25029,25029,0.8571428656578064
25030,25030,1.0
25031,25031,1.0
25032,25032,1.0
25033,25033,0.2857142984867096
25034,25034,1.0
25035,25035,0.8571428656578064
25036,25036,1.0
25037,25037,0.7142857313156128
25038,25038,1.0
25039,25039,0.5714285969734192
25040,25040,1.0
25041,25041,1.0
25042,25042,0.8571428656578064
25043,25043,1.0
25044,25044,1.0
25045,25045,1.0
25046,25046,0.7142857313156128
25047,25047,0.8571428656578064
25048,25048,1.0
25049,25049,1.0
25050,25050,1.0
25051,25051,1.0
25052,25052,1.0
25053,25053,1.0
25054,25054,1.0
25055,25055,1.0
25056,25056,0.7142857313156128
25057,25057,1.0
25058,25058,1.0
25059,25059,1.0
25060,25060,0.1428571492433548
25061,25061,0.5714285969734192
25062,25062,1.0
25063,25063,1.0
25064,25064,1.0
25065,25065,1.0
25066,25066,1.0
25067,25067,1.0
25068,25068,1.0
25069,25069,1.0
25070,25070,0.8571428656578064
25071,25071,1.0
25072,25072,1.0
25073,25073,0.8571428656578064
25074,25074,1.0
25075,25075,1.0
25076,25076,1.0
25077,25077,1.0
25078,25078,0.7142857313156128
25079,25079,1.0
25080,25080,0.5714285969734192
25081,25081,1.0
25082,25082,1.0
25083,25083,1.0
25084,25084,1.0
25085,25085,1.0
25086,25086,1.0
25087,25087,1.0
25088,25088,1.0
25089,25089,1.0
25090,25090,1.0
25091,25091,1.0
25092,25092,1.0
25093,25093,1.0
25094,25094,1.0
25095,25095,1.0
25096,25096,1.0
25097,25097,1.0
25098,25098,0.8571428656578064
25099,25099,1.0
25100,25100,1.0
25101,25101,1.0
25102,25102,1.0
25103,25103,1.0
25104,25104,1.0
25105,25105,1.0
25106,25106,1.0
25107,25107,1.0
25108,25108,1.0
25109,25109,1.0
25110,25110,1.0
25111,25111,1.0
25112,25112,1.0
25113,25113,1.0
25114,25114,1.0
25115,25115,0.8571428656578064
25116,25116,1.0
25117,25117,0.2857142984867096
25118,25118,1.0
25119,25119,1.0
25120,25120,1.0
25121,25121,0.8571428656578064
25122,25122,0.8571428656578064
25123,25123,1.0
25124,25124,0.7142857313156128
25125,25125,1.0
25126,25126,1.0
25127,25127,0.8571428656578064
25128,25128,1.0
25129,25129,1.0
25130,25130,1.0
25131,25131,1.0
25132,25132,0.8571428656578064
25133,25133,0.7142857313156128
25134,25134,0.8571428656578064
25135,25135,1.0
25136,25136,1.0
25137,25137,1.0
25138,25138,1.0
25139,25139,1.0
25140,25140,1.0
25141,25141,1.0
25142,25142,1.0
25143,25143,1.0
25144,25144,1.0
25145,25145,0.8571428656578064
25146,25146,1.0
25147,25147,0.8571428656578064
25148,25148,1.0
25149,25149,1.0
25150,25150,1.0
25151,25151,1.0
25152,25152,0.7142857313156128
25153,25153,0.7142857313156128
25154,25154,1.0
25155,25155,0.8571428656578064
25156,25156,0.7142857313156128
25157,25157,0.8571428656578064
25158,25158,1.0
25159,25159,1.0
25160,25160,1.0
25161,25161,1.0
25162,25162,1.0
25163,25163,1.0
25164,25164,1.0
25165,25165,1.0
25166,25166,0.7142857313156128
25167,25167,1.0
25168,25168,1.0
25169,25169,1.0
25170,25170,0.5714285969734192
25171,25171,1.0
25172,25172,1.0
25173,25173,1.0
25174,25174,1.0
25175,25175,1.0
25176,25176,1.0
25177,25177,0.5714285969734192
25178,25178,0.2857142984867096
25179,25179,1.0
25180,25180,0.2857142984867096
25181,25181,1.0
25182,25182,1.0
25183,25183,0.8571428656578064
25184,25184,1.0
25185,25185,1.0
25186,25186,0.8571428656578064
25187,25187,1.0
25188,25188,0.8571428656578064
25189,25189,1.0
25190,25190,0.1428571492433548
25191,25191,1.0
25192,25192,1.0
25193,25193,1.0
25194,25194,1.0
25195,25195,1.0
25196,25196,1.0
25197,25197,1.0
25198,25198,1.0
25199,25199,1.0
25200,25200,1.0
25201,25201,1.0
25202,25202,1.0
25203,25203,1.0
25204,25204,1.0
25205,25205,1.0
25206,25206,1.0
25207,25207,1.0
25208,25208,0.8571428656578064
25209,25209,1.0
25210,25210,1.0
25211,25211,1.0
25212,25212,1.0
25213,25213,1.0
25214,25214,0.0
25215,25215,1.0
25216,25216,1.0
25217,25217,1.0
25218,25218,1.0
25219,25219,1.0
25220,25220,1.0
25221,25221,0.4285714328289032
25222,25222,1.0
25223,25223,1.0
25224,25224,1.0
25225,25225,0.7142857313156128
25226,25226,1.0
25227,25227,1.0
25228,25228,1.0
25229,25229,1.0
25230,25230,1.0
25231,25231,0.8571428656578064
25232,25232,0.8571428656578064
25233,25233,0.2857142984867096
25234,25234,0.7142857313156128
25235,25235,1.0
25236,25236,1.0
25237,25237,0.7142857313156128
25238,25238,1.0
25239,25239,1.0
25240,25240,1.0
25241,25241,1.0
25242,25242,0.8571428656578064
25243,25243,0.7142857313156128
25244,25244,0.7142857313156128
25245,25245,1.0
25246,25246,1.0
25247,25247,1.0
25248,25248,1.0
25249,25249,1.0
25250,25250,1.0
25251,25251,1.0
25252,25252,0.2857142984867096
25253,25253,1.0
25254,25254,1.0
25255,25255,0.8571428656578064
25256,25256,1.0
25257,25257,0.8571428656578064
25258,25258,0.8571428656578064
25259,25259,1.0
25260,25260,1.0
25261,25261,0.5714285969734192
25262,25262,0.8571428656578064
25263,25263,1.0
25264,25264,1.0
25265,25265,1.0
25266,25266,0.8571428656578064
25267,25267,0.8571428656578064
25268,25268,0.7142857313156128
25269,25269,0.7142857313156128
25270,25270,1.0
25271,25271,1.0
25272,25272,1.0
25273,25273,1.0
25274,25274,0.5714285969734192
25275,25275,1.0
25276,25276,1.0
25277,25277,1.0
25278,25278,1.0
25279,25279,1.0
25280,25280,0.8571428656578064
25281,25281,1.0
25282,25282,1.0
25283,25283,1.0
25284,25284,1.0
25285,25285,1.0
25286,25286,1.0
25287,25287,0.8571428656578064
25288,25288,0.7142857313156128
25289,25289,1.0
25290,25290,0.8571428656578064
25291,25291,1.0
25292,25292,1.0
25293,25293,0.8571428656578064
25294,25294,1.0
25295,25295,1.0
25296,25296,1.0
25297,25297,1.0
25298,25298,0.8571428656578064
25299,25299,1.0
25300,25300,0.8571428656578064
25301,25301,1.0
25302,25302,1.0
25303,25303,1.0
25304,25304,1.0
25305,25305,1.0
25306,25306,1.0
25307,25307,1.0
25308,25308,1.0
25309,25309,1.0
25310,25310,1.0
25311,25311,1.0
25312,25312,1.0
25313,25313,1.0
25314,25314,1.0
25315,25315,1.0
25316,25316,1.0
25317,25317,1.0
25318,25318,0.8571428656578064
25319,25319,1.0
25320,25320,1.0
25321,25321,1.0
25322,25322,1.0
25323,25323,1.0
25324,25324,1.0
25325,25325,1.0
25326,25326,1.0
25327,25327,1.0
25328,25328,1.0
25329,25329,1.0
25330,25330,1.0
25331,25331,1.0
25332,25332,0.7142857313156128
25333,25333,0.4285714328289032
25334,25334,1.0
25335,25335,0.1428571492433548
25336,25336,1.0
25337,25337,1.0
25338,25338,1.0
25339,25339,0.4285714328289032
25340,25340,1.0
25341,25341,0.8571428656578064
25342,25342,0.8571428656578064
25343,25343,1.0
25344,25344,0.7142857313156128
25345,25345,1.0
25346,25346,1.0
25347,25347,0.7142857313156128
25348,25348,1.0
25349,25349,1.0
25350,25350,1.0
25351,25351,1.0
25352,25352,0.8571428656578064
25353,25353,0.7142857313156128
25354,25354,0.8571428656578064
25355,25355,1.0
25356,25356,1.0
25357,25357,1.0
25358,25358,1.0
25359,25359,0.5714285969734192
25360,25360,1.0
25361,25361,1.0
25362,25362,1.0
25363,25363,1.0
25364,25364,1.0
25365,25365,0.8571428656578064
25366,25366,1.0
25367,25367,0.8571428656578064
25368,25368,1.0
25369,25369,1.0
25370,25370,1.0
25371,25371,1.0
25372,25372,0.8571428656578064
25373,25373,1.0
25374,25374,1.0
25375,25375,0.5714285969734192
25376,25376,0.7142857313156128
25377,25377,0.8571428656578064
25378,25378,1.0
25379,25379,0.7142857313156128
25380,25380,0.8571428656578064
25381,25381,0.5714285969734192
25382,25382,1.0
25383,25383,1.0
25384,25384,1.0
25385,25385,1.0
25386,25386,1.0
25387,25387,1.0
25388,25388,1.0
25389,25389,1.0
25390,25390,0.4285714328289032
25391,25391,0.7142857313156128
25392,25392,1.0
25393,25393,0.7142857313156128
25394,25394,1.0
25395,25395,1.0
25396,25396,1.0
25397,25397,0.8571428656578064
25398,25398,0.7142857313156128
25399,25399,1.0
25400,25400,1.0
25401,25401,1.0
25402,25402,0.7142857313156128
25403,25403,0.8571428656578064
25404,25404,1.0
25405,25405,0.8571428656578064
25406,25406,1.0
25407,25407,0.7142857313156128
25408,25408,0.8571428656578064
25409,25409,1.0
25410,25410,0.8571428656578064
25411,25411,1.0
25412,25412,1.0
25413,25413,1.0
25414,25414,1.0
25415,25415,1.0
25416,25416,1.0
25417,25417,1.0
25418,25418,1.0
25419,25419,1.0
25420,25420,1.0
25421,25421,1.0
25422,25422,1.0
25423,25423,1.0
25424,25424,1.0
25425,25425,1.0
25426,25426,1.0
25427,25427,1.0
25428,25428,0.8571428656578064
25429,25429,1.0
25430,25430,1.0
25431,25431,1.0
25432,25432,1.0
25433,25433,1.0
25434,25434,1.0
25435,25435,1.0
25436,25436,1.0
25437,25437,1.0
25438,25438,1.0
25439,25439,1.0
25440,25440,1.0
25441,25441,0.8571428656578064
25442,25442,1.0
25443,25443,1.0
25444,25444,1.0
25445,25445,0.8571428656578064
25446,25446,1.0
25447,25447,1.0
25448,25448,0.0
25449,25449,0.4285714328289032
25450,25450,1.0
25451,25451,0.8571428656578064
25452,25452,1.0
25453,25453,1.0
25454,25454,0.7142857313156128
25455,25455,1.0
25456,25456,1.0
25457,25457,0.7142857313156128
25458,25458,1.0
25459,25459,1.0
25460,25460,1.0
25461,25461,1.0
25462,25462,0.8571428656578064
25463,25463,0.7142857313156128
25464,25464,0.0
25465,25465,1.0
25466,25466,1.0
25467,25467,1.0
25468,25468,1.0
25469,25469,1.0
25470,25470,1.0
25471,25471,0.8571428656578064
25472,25472,0.7142857313156128
25473,25473,1.0
25474,25474,1.0
25475,25475,0.8571428656578064
25476,25476,1.0
25477,25477,0.8571428656578064
25478,25478,1.0
25479,25479,0.1428571492433548
25480,25480,1.0
25481,25481,1.0
25482,25482,0.7142857313156128
25483,25483,1.0
25484,25484,0.8571428656578064
25485,25485,1.0
25486,25486,0.7142857313156128
25487,25487,0.8571428656578064
25488,25488,1.0
25489,25489,1.0
25490,25490,0.8571428656578064
25491,25491,1.0
25492,25492,1.0
25493,25493,1.0
25494,25494,0.8571428656578064
25495,25495,1.0
25496,25496,0.7142857313156128
25497,25497,1.0
25498,25498,1.0
25499,25499,0.5714285969734192
25500,25500,0.4285714328289032
25501,25501,0.2857142984867096
25502,25502,1.0
25503,25503,1.0
25504,25504,1.0
25505,25505,1.0
25506,25506,1.0
25507,25507,0.8571428656578064
25508,25508,1.0
25509,25509,1.0
25510,25510,1.0
25511,25511,0.8571428656578064
25512,25512,0.8571428656578064
25513,25513,0.8571428656578064
25514,25514,0.7142857313156128
25515,25515,0.8571428656578064
25516,25516,1.0
25517,25517,1.0
25518,25518,0.8571428656578064
25519,25519,0.5714285969734192
25520,25520,0.8571428656578064
25521,25521,1.0
25522,25522,1.0
25523,25523,1.0
25524,25524,1.0
25525,25525,1.0
25526,25526,1.0
25527,25527,1.0
25528,25528,1.0
25529,25529,1.0
25530,25530,1.0
25531,25531,1.0
25532,25532,1.0
25533,25533,1.0
25534,25534,1.0
25535,25535,1.0
25536,25536,1.0
25537,25537,1.0
25538,25538,0.8571428656578064
25539,25539,1.0
25540,25540,1.0
25541,25541,1.0
25542,25542,1.0
25543,25543,1.0
25544,25544,1.0
25545,25545,1.0
25546,25546,1.0
25547,25547,1.0
25548,25548,1.0
25549,25549,1.0
25550,25550,1.0
25551,25551,1.0
25552,25552,1.0
25553,25553,0.4285714328289032
25554,25554,1.0
25555,25555,0.7142857313156128
25556,25556,1.0
25557,25557,1.0
25558,25558,1.0
25559,25559,1.0
25560,25560,1.0
25561,25561,0.8571428656578064
25562,25562,0.8571428656578064
25563,25563,1.0
25564,25564,0.7142857313156128
25565,25565,1.0
25566,25566,1.0
25567,25567,0.7142857313156128
25568,25568,1.0
25569,25569,1.0
25570,25570,0.8571428656578064
25571,25571,1.0
25572,25572,0.7142857313156128
25573,25573,0.7142857313156128
25574,25574,0.8571428656578064
25575,25575,1.0
25576,25576,1.0
25577,25577,1.0
25578,25578,1.0
25579,25579,1.0
25580,25580,0.8571428656578064
25581,25581,1.0
25582,25582,0.5714285969734192
25583,25583,0.0
25584,25584,1.0
25585,25585,0.8571428656578064
25586,25586,1.0
25587,25587,0.8571428656578064
25588,25588,1.0
25589,25589,0.5714285969734192
25590,25590,1.0
25591,25591,1.0
25592,25592,0.8571428656578064
25593,25593,0.8571428656578064
25594,25594,0.0
25595,25595,1.0
25596,25596,0.7142857313156128
25597,25597,0.8571428656578064
25598,25598,1.0
25599,25599,0.7142857313156128
25600,25600,1.0
25601,25601,1.0
25602,25602,1.0
25603,25603,1.0
25604,25604,1.0
25605,25605,0.8571428656578064
25606,25606,1.0
25607,25607,0.8571428656578064
25608,25608,1.0
25609,25609,1.0
25610,25610,1.0
25611,25611,0.7142857313156128
25612,25612,1.0
25613,25613,1.0
25614,25614,1.0
25615,25615,1.0
25616,25616,0.5714285969734192
25617,25617,1.0
25618,25618,1.0
25619,25619,1.0
25620,25620,0.8571428656578064
25621,25621,1.0
25622,25622,1.0
25623,25623,0.5714285969734192
25624,25624,1.0
25625,25625,1.0
25626,25626,0.8571428656578064
25627,25627,1.0
25628,25628,0.7142857313156128
25629,25629,0.5714285969734192
25630,25630,0.8571428656578064
25631,25631,1.0
25632,25632,1.0
25633,25633,1.0
25634,25634,1.0
25635,25635,1.0
25636,25636,1.0
25637,25637,1.0
25638,25638,1.0
25639,25639,1.0
25640,25640,1.0
25641,25641,1.0
25642,25642,1.0
25643,25643,1.0
25644,25644,1.0
25645,25645,1.0
25646,25646,1.0
25647,25647,1.0
25648,25648,1.0
25649,25649,1.0
25650,25650,1.0
25651,25651,1.0
25652,25652,1.0
25653,25653,1.0
25654,25654,1.0
25655,25655,1.0
25656,25656,1.0
25657,25657,1.0
25658,25658,1.0
25659,25659,1.0
25660,25660,1.0
25661,25661,0.8571428656578064
25662,25662,1.0
25663,25663,1.0
25664,25664,1.0
25665,25665,0.8571428656578064
25666,25666,1.0
25667,25667,1.0
25668,25668,1.0
25669,25669,1.0
25670,25670,1.0
25671,25671,0.5714285969734192
25672,25672,0.8571428656578064
25673,25673,1.0
25674,25674,0.2857142984867096
25675,25675,1.0
25676,25676,1.0
25677,25677,0.8571428656578064
25678,25678,1.0
25679,25679,0.1428571492433548
25680,25680,0.8571428656578064
25681,25681,1.0
25682,25682,0.8571428656578064
25683,25683,0.7142857313156128
25684,25684,0.8571428656578064
25685,25685,1.0
25686,25686,1.0
25687,25687,1.0
25688,25688,1.0
25689,25689,1.0
25690,25690,1.0
25691,25691,1.0
25692,25692,1.0
25693,25693,0.7142857313156128
25694,25694,1.0
25695,25695,0.8571428656578064
25696,25696,1.0
25697,25697,0.8571428656578064
25698,25698,1.0
25699,25699,1.0
25700,25700,1.0
25701,25701,0.7142857313156128
25702,25702,0.7142857313156128
25703,25703,1.0
25704,25704,0.5714285969734192
25705,25705,1.0
25706,25706,0.7142857313156128
25707,25707,0.8571428656578064
25708,25708,1.0
25709,25709,0.7142857313156128
25710,25710,1.0
25711,25711,1.0
25712,25712,1.0
25713,25713,1.0
25714,25714,1.0
25715,25715,0.8571428656578064
25716,25716,1.0
25717,25717,1.0
25718,25718,1.0
25719,25719,1.0
25720,25720,0.8571428656578064
25721,25721,1.0
25722,25722,1.0
25723,25723,1.0
25724,25724,1.0
25725,25725,1.0
25726,25726,1.0
25727,25727,0.5714285969734192
25728,25728,1.0
25729,25729,1.0
25730,25730,0.8571428656578064
25731,25731,0.5714285969734192
25732,25732,1.0
25733,25733,0.5714285969734192
25734,25734,1.0
25735,25735,0.8571428656578064
25736,25736,0.8571428656578064
25737,25737,1.0
25738,25738,0.7142857313156128
25739,25739,1.0
25740,25740,1.0
25741,25741,1.0
25742,25742,0.0
25743,25743,1.0
25744,25744,1.0
25745,25745,1.0
25746,25746,1.0
25747,25747,1.0
25748,25748,1.0
25749,25749,1.0
25750,25750,1.0
25751,25751,1.0
25752,25752,1.0
25753,25753,1.0
25754,25754,1.0
25755,25755,1.0
25756,25756,1.0
25757,25757,1.0
25758,25758,0.8571428656578064
25759,25759,1.0
25760,25760,1.0
25761,25761,1.0
25762,25762,1.0
25763,25763,1.0
25764,25764,1.0
25765,25765,1.0
25766,25766,1.0
25767,25767,1.0
25768,25768,1.0
25769,25769,1.0
25770,25770,1.0
25771,25771,1.0
25772,25772,1.0
25773,25773,0.7142857313156128
25774,25774,1.0
25775,25775,0.8571428656578064
25776,25776,1.0
25777,25777,1.0
25778,25778,1.0
25779,25779,1.0
25780,25780,1.0
25781,25781,0.8571428656578064
25782,25782,0.8571428656578064
25783,25783,1.0
25784,25784,0.7142857313156128
25785,25785,1.0
25786,25786,1.0
25787,25787,0.7142857313156128
25788,25788,1.0
25789,25789,1.0
25790,25790,1.0
25791,25791,1.0
25792,25792,0.8571428656578064
25793,25793,0.8571428656578064
25794,25794,0.8571428656578064
25795,25795,1.0
25796,25796,0.5714285969734192
25797,25797,1.0
25798,25798,1.0
25799,25799,0.4285714328289032
25800,25800,1.0
25801,25801,1.0
25802,25802,1.0
25803,25803,1.0
25804,25804,1.0
25805,25805,0.8571428656578064
25806,25806,1.0
25807,25807,0.5714285969734192
25808,25808,1.0
25809,25809,1.0
25810,25810,1.0
25811,25811,1.0
25812,25812,0.5714285969734192
25813,25813,1.0
25814,25814,0.8571428656578064
25815,25815,1.0
25816,25816,0.7142857313156128
25817,25817,0.8571428656578064
25818,25818,1.0
25819,25819,0.7142857313156128
25820,25820,0.8571428656578064
25821,25821,0.5714285969734192
25822,25822,1.0
25823,25823,1.0
25824,25824,1.0
25825,25825,0.8571428656578064
25826,25826,1.0
25827,25827,1.0
25828,25828,1.0
25829,25829,1.0
25830,25830,1.0
25831,25831,1.0
25832,25832,1.0
25833,25833,1.0
25834,25834,1.0
25835,25835,1.0
25836,25836,1.0
25837,25837,0.8571428656578064
25838,25838,0.7142857313156128
25839,25839,1.0
25840,25840,1.0
25841,25841,0.5714285969734192
25842,25842,0.8571428656578064
25843,25843,0.2857142984867096
25844,25844,1.0
25845,25845,0.8571428656578064
25846,25846,0.8571428656578064
25847,25847,1.0
25848,25848,0.7142857313156128
25849,25849,1.0
25850,25850,1.0
25851,25851,1.0
25852,25852,1.0
25853,25853,1.0
25854,25854,1.0
25855,25855,1.0
25856,25856,1.0
25857,25857,1.0
25858,25858,1.0
25859,25859,1.0
25860,25860,1.0
25861,25861,1.0
25862,25862,1.0
25863,25863,1.0
25864,25864,1.0
25865,25865,1.0
25866,25866,1.0
25867,25867,1.0
25868,25868,0.8571428656578064
25869,25869,1.0
25870,25870,1.0
25871,25871,1.0
25872,25872,1.0
25873,25873,1.0
25874,25874,1.0
25875,25875,1.0
25876,25876,1.0
25877,25877,1.0
25878,25878,1.0
25879,25879,1.0
25880,25880,1.0
25881,25881,0.1428571492433548
25882,25882,0.8571428656578064
25883,25883,1.0
25884,25884,1.0
25885,25885,0.7142857313156128
25886,25886,1.0
25887,25887,1.0
25888,25888,1.0
25889,25889,1.0
25890,25890,1.0
25891,25891,1.0
25892,25892,0.8571428656578064
25893,25893,1.0
25894,25894,1.0
25895,25895,0.2857142984867096
25896,25896,0.2857142984867096
25897,25897,0.5714285969734192
25898,25898,1.0
25899,25899,1.0
25900,25900,1.0
25901,25901,1.0
25902,25902,0.8571428656578064
25903,25903,0.7142857313156128
25904,25904,0.8571428656578064
25905,25905,1.0
25906,25906,1.0
25907,25907,1.0
25908,25908,1.0
25909,25909,1.0
25910,25910,1.0
25911,25911,1.0
25912,25912,1.0
25913,25913,1.0
25914,25914,1.0
25915,25915,1.0
25916,25916,1.0
25917,25917,0.8571428656578064
25918,25918,1.0
25919,25919,0.1428571492433548
25920,25920,0.5714285969734192
25921,25921,1.0
25922,25922,0.8571428656578064
25923,25923,1.0
25924,25924,1.0
25925,25925,1.0
25926,25926,0.7142857313156128
25927,25927,0.8571428656578064
25928,25928,0.8571428656578064
25929,25929,1.0
25930,25930,1.0
25931,25931,1.0
25932,25932,1.0
25933,25933,1.0
25934,25934,0.8571428656578064
25935,25935,1.0
25936,25936,1.0
25937,25937,1.0
25938,25938,0.4285714328289032
25939,25939,0.0
25940,25940,0.8571428656578064
25941,25941,1.0
25942,25942,0.5714285969734192
25943,25943,0.8571428656578064
25944,25944,1.0
25945,25945,1.0
25946,25946,1.0
25947,25947,1.0
25948,25948,1.0
25949,25949,1.0
25950,25950,0.2857142984867096
25951,25951,1.0
25952,25952,1.0
25953,25953,0.8571428656578064
25954,25954,1.0
25955,25955,0.8571428656578064
25956,25956,0.7142857313156128
25957,25957,1.0
25958,25958,0.5714285969734192
25959,25959,1.0
25960,25960,0.8571428656578064
25961,25961,1.0
25962,25962,1.0
25963,25963,1.0
25964,25964,1.0
25965,25965,1.0
25966,25966,1.0
25967,25967,1.0
25968,25968,1.0
25969,25969,1.0
25970,25970,1.0
25971,25971,1.0
25972,25972,1.0
25973,25973,1.0
25974,25974,1.0
25975,25975,1.0
25976,25976,1.0
25977,25977,1.0
25978,25978,0.8571428656578064
25979,25979,1.0
25980,25980,1.0
25981,25981,1.0
25982,25982,1.0
25983,25983,1.0
25984,25984,1.0
25985,25985,1.0
25986,25986,1.0
25987,25987,1.0
25988,25988,1.0
25989,25989,1.0
25990,25990,1.0
25991,25991,1.0
25992,25992,1.0
25993,25993,1.0
25994,25994,0.2857142984867096
25995,25995,0.8571428656578064
25996,25996,1.0
25997,25997,1.0
25998,25998,1.0
25999,25999,1.0
26000,26000,1.0
26001,26001,0.8571428656578064
26002,26002,0.8571428656578064
26003,26003,1.0
26004,26004,0.7142857313156128
26005,26005,0.7142857313156128
26006,26006,1.0
26007,26007,0.8571428656578064
26008,26008,1.0
26009,26009,1.0
26010,26010,1.0
26011,26011,1.0
26012,26012,0.8571428656578064
26013,26013,0.7142857313156128
26014,26014,0.8571428656578064
26015,26015,1.0
26016,26016,1.0
26017,26017,1.0
26018,26018,1.0
26019,26019,1.0
26020,26020,1.0
26021,26021,1.0
26022,26022,1.0
26023,26023,1.0
26024,26024,0.5714285969734192
26025,26025,0.8571428656578064
26026,26026,1.0
26027,26027,0.8571428656578064
26028,26028,1.0
26029,26029,1.0
26030,26030,1.0
26031,26031,0.7142857313156128
26032,26032,0.8571428656578064
26033,26033,1.0
26034,26034,1.0
26035,26035,1.0
26036,26036,0.7142857313156128
26037,26037,0.8571428656578064
26038,26038,0.7142857313156128
26039,26039,1.0
26040,26040,1.0
26041,26041,1.0
26042,26042,1.0
26043,26043,1.0
26044,26044,0.8571428656578064
26045,26045,0.5714285969734192
26046,26046,0.7142857313156128
26047,26047,0.8571428656578064
26048,26048,1.0
26049,26049,1.0
26050,26050,0.8571428656578064
26051,26051,1.0
26052,26052,1.0
26053,26053,1.0
26054,26054,1.0
26055,26055,1.0
26056,26056,1.0
26057,26057,1.0
26058,26058,1.0
26059,26059,1.0
26060,26060,0.8571428656578064
26061,26061,1.0
26062,26062,0.8571428656578064
26063,26063,1.0
26064,26064,1.0
26065,26065,0.8571428656578064
26066,26066,1.0
26067,26067,1.0
26068,26068,0.8571428656578064
26069,26069,1.0
26070,26070,0.8571428656578064
26071,26071,1.0
26072,26072,1.0
26073,26073,1.0
26074,26074,1.0
26075,26075,1.0
26076,26076,1.0
26077,26077,1.0
26078,26078,1.0
26079,26079,1.0
26080,26080,1.0
26081,26081,1.0
26082,26082,1.0
26083,26083,1.0
26084,26084,1.0
26085,26085,1.0
26086,26086,1.0
26087,26087,1.0
26088,26088,1.0
26089,26089,1.0
26090,26090,1.0
26091,26091,1.0
26092,26092,1.0
26093,26093,1.0
26094,26094,1.0
26095,26095,1.0
26096,26096,1.0
26097,26097,1.0
26098,26098,1.0
26099,26099,1.0
26100,26100,1.0
26101,26101,0.8571428656578064
26102,26102,1.0
26103,26103,1.0
26104,26104,1.0
26105,26105,0.8571428656578064
26106,26106,1.0
26107,26107,1.0
26108,26108,1.0
26109,26109,1.0
26110,26110,1.0
26111,26111,0.8571428656578064
26112,26112,0.5714285969734192
26113,26113,0.5714285969734192
26114,26114,0.7142857313156128
26115,26115,1.0
26116,26116,1.0
26117,26117,0.8571428656578064
26118,26118,1.0
26119,26119,1.0
26120,26120,1.0
26121,26121,1.0
26122,26122,0.8571428656578064
26123,26123,0.7142857313156128
26124,26124,0.8571428656578064
26125,26125,1.0
26126,26126,0.1428571492433548
26127,26127,1.0
26128,26128,1.0
26129,26129,1.0
26130,26130,1.0
26131,26131,1.0
26132,26132,0.8571428656578064
26133,26133,1.0
26134,26134,1.0
26135,26135,0.8571428656578064
26136,26136,1.0
26137,26137,0.8571428656578064
26138,26138,1.0
26139,26139,0.2857142984867096
26140,26140,1.0
26141,26141,1.0
26142,26142,0.8571428656578064
26143,26143,1.0
26144,26144,0.7142857313156128
26145,26145,1.0
26146,26146,0.7142857313156128
26147,26147,0.8571428656578064
26148,26148,1.0
26149,26149,0.5714285969734192
26150,26150,1.0
26151,26151,1.0
26152,26152,1.0
26153,26153,1.0
26154,26154,0.1428571492433548
26155,26155,0.8571428656578064
26156,26156,1.0
26157,26157,0.7142857313156128
26158,26158,1.0
26159,26159,1.0
26160,26160,1.0
26161,26161,1.0
26162,26162,1.0
26163,26163,1.0
26164,26164,1.0
26165,26165,1.0
26166,26166,1.0
26167,26167,0.2857142984867096
26168,26168,1.0
26169,26169,1.0
26170,26170,1.0
26171,26171,1.0
26172,26172,1.0
26173,26173,0.8571428656578064
26174,26174,0.7142857313156128
26175,26175,0.8571428656578064
26176,26176,0.8571428656578064
26177,26177,0.7142857313156128
26178,26178,0.0
26179,26179,1.0
26180,26180,0.0
26181,26181,1.0
26182,26182,1.0
26183,26183,1.0
26184,26184,1.0
26185,26185,1.0
26186,26186,1.0
26187,26187,1.0
26188,26188,1.0
26189,26189,1.0
26190,26190,1.0
26191,26191,1.0
26192,26192,1.0
26193,26193,1.0
26194,26194,1.0
26195,26195,1.0
26196,26196,1.0
26197,26197,1.0
26198,26198,0.8571428656578064
26199,26199,1.0
26200,26200,1.0
26201,26201,1.0
26202,26202,1.0
26203,26203,1.0
26204,26204,1.0
26205,26205,1.0
26206,26206,1.0
26207,26207,1.0
26208,26208,1.0
26209,26209,1.0
26210,26210,1.0
26211,26211,1.0
26212,26212,0.8571428656578064
26213,26213,1.0
26214,26214,1.0
26215,26215,0.8571428656578064
26216,26216,1.0
26217,26217,1.0
26218,26218,1.0
26219,26219,1.0
26220,26220,1.0
26221,26221,0.8571428656578064
26222,26222,1.0
26223,26223,1.0
26224,26224,1.0
26225,26225,0.7142857313156128
26226,26226,1.0
26227,26227,0.8571428656578064
26228,26228,1.0
26229,26229,1.0
26230,26230,1.0
26231,26231,1.0
26232,26232,0.8571428656578064
26233,26233,0.4285714328289032
26234,26234,0.8571428656578064
26235,26235,0.7142857313156128
26236,26236,0.7142857313156128
26237,26237,1.0
26238,26238,1.0
26239,26239,1.0
26240,26240,1.0
26241,26241,1.0
26242,26242,1.0
26243,26243,1.0
26244,26244,1.0
26245,26245,0.8571428656578064
26246,26246,1.0
26247,26247,0.8571428656578064
26248,26248,1.0
26249,26249,1.0
26250,26250,1.0
26251,26251,1.0
26252,26252,0.8571428656578064
26253,26253,0.8571428656578064
26254,26254,1.0
26255,26255,0.8571428656578064
26256,26256,0.8571428656578064
26257,26257,0.8571428656578064
26258,26258,1.0
26259,26259,1.0
26260,26260,1.0
26261,26261,1.0
26262,26262,1.0
26263,26263,1.0
26264,26264,1.0
26265,26265,1.0
26266,26266,0.7142857313156128
26267,26267,1.0
26268,26268,1.0
26269,26269,1.0
26270,26270,0.8571428656578064
26271,26271,0.7142857313156128
26272,26272,1.0
26273,26273,1.0
26274,26274,1.0
26275,26275,1.0
26276,26276,1.0
26277,26277,0.8571428656578064
26278,26278,1.0
26279,26279,1.0
26280,26280,1.0
26281,26281,1.0
26282,26282,1.0
26283,26283,0.7142857313156128
26284,26284,1.0
26285,26285,0.8571428656578064
26286,26286,0.8571428656578064
26287,26287,1.0
26288,26288,0.8571428656578064
26289,26289,1.0
26290,26290,0.8571428656578064
26291,26291,1.0
26292,26292,1.0
26293,26293,1.0
26294,26294,1.0
26295,26295,1.0
26296,26296,1.0
26297,26297,1.0
26298,26298,1.0
26299,26299,1.0
26300,26300,1.0
26301,26301,1.0
26302,26302,1.0
26303,26303,1.0
26304,26304,1.0
26305,26305,1.0
26306,26306,1.0
26307,26307,1.0
26308,26308,0.8571428656578064
26309,26309,1.0
26310,26310,1.0
26311,26311,1.0
26312,26312,1.0
26313,26313,1.0
26314,26314,1.0
26315,26315,1.0
26316,26316,1.0
26317,26317,1.0
26318,26318,1.0
26319,26319,1.0
26320,26320,1.0
26321,26321,1.0
26322,26322,1.0
26323,26323,0.7142857313156128
26324,26324,1.0
26325,26325,0.8571428656578064
26326,26326,0.4285714328289032
26327,26327,1.0
26328,26328,1.0
26329,26329,1.0
26330,26330,1.0
26331,26331,0.5714285969734192
26332,26332,0.8571428656578064
26333,26333,1.0
26334,26334,0.7142857313156128
26335,26335,1.0
26336,26336,1.0
26337,26337,0.8571428656578064
26338,26338,1.0
26339,26339,1.0
26340,26340,1.0
26341,26341,1.0
26342,26342,0.8571428656578064
26343,26343,0.7142857313156128
26344,26344,1.0
26345,26345,1.0
26346,26346,1.0
26347,26347,1.0
26348,26348,1.0
26349,26349,1.0
26350,26350,1.0
26351,26351,0.4285714328289032
26352,26352,1.0
26353,26353,1.0
26354,26354,1.0
26355,26355,0.8571428656578064
26356,26356,1.0
26357,26357,0.8571428656578064
26358,26358,1.0
26359,26359,1.0
26360,26360,1.0
26361,26361,1.0
26362,26362,1.0
26363,26363,1.0
26364,26364,1.0
26365,26365,1.0
26366,26366,0.7142857313156128
26367,26367,0.8571428656578064
26368,26368,1.0
26369,26369,0.8571428656578064
26370,26370,1.0
26371,26371,1.0
26372,26372,1.0
26373,26373,1.0
26374,26374,0.5714285969734192
26375,26375,1.0
26376,26376,1.0
26377,26377,1.0
26378,26378,1.0
26379,26379,0.4285714328289032
26380,26380,1.0
26381,26381,1.0
26382,26382,1.0
26383,26383,1.0
26384,26384,1.0
26385,26385,1.0
26386,26386,1.0
26387,26387,0.8571428656578064
26388,26388,1.0
26389,26389,0.7142857313156128
26390,26390,1.0
26391,26391,1.0
26392,26392,1.0
26393,26393,0.8571428656578064
26394,26394,1.0
26395,26395,0.8571428656578064
26396,26396,1.0
26397,26397,1.0
26398,26398,0.7142857313156128
26399,26399,1.0
26400,26400,1.0
26401,26401,1.0
26402,26402,1.0
26403,26403,1.0
26404,26404,1.0
26405,26405,1.0
26406,26406,1.0
26407,26407,1.0
26408,26408,1.0
26409,26409,1.0
26410,26410,1.0
26411,26411,1.0
26412,26412,1.0
26413,26413,1.0
26414,26414,1.0
26415,26415,1.0
26416,26416,1.0
26417,26417,1.0
26418,26418,0.8571428656578064
26419,26419,1.0
26420,26420,1.0
26421,26421,1.0
26422,26422,1.0
26423,26423,1.0
26424,26424,1.0
26425,26425,1.0
26426,26426,1.0
26427,26427,1.0
26428,26428,1.0
26429,26429,1.0
26430,26430,1.0
26431,26431,0.8571428656578064
26432,26432,1.0
26433,26433,1.0
26434,26434,1.0
26435,26435,0.7142857313156128
26436,26436,0.4285714328289032
26437,26437,1.0
26438,26438,0.5714285969734192
26439,26439,1.0
26440,26440,1.0
26441,26441,0.8571428656578064
26442,26442,1.0
26443,26443,1.0
26444,26444,0.8571428656578064
26445,26445,0.0
26446,26446,1.0
26447,26447,0.8571428656578064
26448,26448,1.0
26449,26449,1.0
26450,26450,1.0
26451,26451,1.0
26452,26452,0.8571428656578064
26453,26453,0.7142857313156128
26454,26454,0.8571428656578064
26455,26455,1.0
26456,26456,1.0
26457,26457,1.0
26458,26458,1.0
26459,26459,1.0
26460,26460,1.0
26461,26461,1.0
26462,26462,1.0
26463,26463,0.2857142984867096
26464,26464,1.0
26465,26465,0.8571428656578064
26466,26466,1.0
26467,26467,0.8571428656578064
26468,26468,1.0
26469,26469,1.0
26470,26470,0.5714285969734192
26471,26471,1.0
26472,26472,0.8571428656578064
26473,26473,1.0
26474,26474,1.0
26475,26475,1.0
26476,26476,1.0
26477,26477,0.8571428656578064
26478,26478,1.0
26479,26479,1.0
26480,26480,1.0
26481,26481,0.5714285969734192
26482,26482,1.0
26483,26483,1.0
26484,26484,0.1428571492433548
26485,26485,1.0
26486,26486,1.0
26487,26487,0.4285714328289032
26488,26488,1.0
26489,26489,1.0
26490,26490,0.2857142984867096
26491,26491,1.0
26492,26492,1.0
26493,26493,1.0
26494,26494,1.0
26495,26495,1.0
26496,26496,1.0
26497,26497,0.8571428656578064
26498,26498,1.0
26499,26499,1.0
26500,26500,0.8571428656578064
26501,26501,1.0
26502,26502,0.8571428656578064
26503,26503,0.8571428656578064
26504,26504,1.0
26505,26505,0.8571428656578064
26506,26506,1.0
26507,26507,1.0
26508,26508,0.8571428656578064
26509,26509,0.5714285969734192
26510,26510,1.0
26511,26511,1.0
26512,26512,1.0
26513,26513,1.0
26514,26514,1.0
26515,26515,1.0
26516,26516,1.0
26517,26517,1.0
26518,26518,1.0
26519,26519,1.0
26520,26520,1.0
26521,26521,1.0
26522,26522,1.0
26523,26523,1.0
26524,26524,1.0
26525,26525,1.0
26526,26526,1.0
26527,26527,1.0
26528,26528,0.8571428656578064
26529,26529,1.0
26530,26530,1.0
26531,26531,1.0
26532,26532,1.0
26533,26533,1.0
26534,26534,1.0
26535,26535,1.0
26536,26536,1.0
26537,26537,1.0
26538,26538,1.0
26539,26539,1.0
26540,26540,1.0
26541,26541,1.0
26542,26542,1.0
26543,26543,0.4285714328289032
26544,26544,1.0
26545,26545,0.8571428656578064
26546,26546,1.0
26547,26547,1.0
26548,26548,1.0
26549,26549,1.0
26550,26550,1.0
26551,26551,0.8571428656578064
26552,26552,0.8571428656578064
26553,26553,1.0
26554,26554,1.0
26555,26555,1.0
26556,26556,1.0
26557,26557,0.4285714328289032
26558,26558,1.0
26559,26559,1.0
26560,26560,1.0
26561,26561,1.0
26562,26562,0.8571428656578064
26563,26563,0.7142857313156128
26564,26564,0.5714285969734192
26565,26565,1.0
26566,26566,1.0
26567,26567,1.0
26568,26568,0.1428571492433548
26569,26569,1.0
26570,26570,1.0
26571,26571,1.0
26572,26572,1.0
26573,26573,1.0
26574,26574,1.0
26575,26575,0.8571428656578064
26576,26576,1.0
26577,26577,0.8571428656578064
26578,26578,1.0
26579,26579,1.0
26580,26580,1.0
26581,26581,1.0
26582,26582,0.8571428656578064
26583,26583,1.0
26584,26584,1.0
26585,26585,1.0
26586,26586,0.7142857313156128
26587,26587,0.8571428656578064
26588,26588,1.0
26589,26589,0.4285714328289032
26590,26590,1.0
26591,26591,1.0
26592,26592,1.0
26593,26593,1.0
26594,26594,1.0
26595,26595,1.0
26596,26596,0.7142857313156128
26597,26597,1.0
26598,26598,1.0
26599,26599,1.0
26600,26600,1.0
26601,26601,1.0
26602,26602,0.8571428656578064
26603,26603,1.0
26604,26604,1.0
26605,26605,1.0
26606,26606,1.0
26607,26607,1.0
26608,26608,1.0
26609,26609,1.0
26610,26610,1.0
26611,26611,1.0
26612,26612,0.8571428656578064
26613,26613,0.5714285969734192
26614,26614,1.0
26615,26615,0.4285714328289032
26616,26616,0.4285714328289032
26617,26617,0.1428571492433548
26618,26618,0.8571428656578064
26619,26619,1.0
26620,26620,0.8571428656578064
26621,26621,1.0
26622,26622,1.0
26623,26623,1.0
26624,26624,1.0
26625,26625,1.0
26626,26626,1.0
26627,26627,1.0
26628,26628,1.0
26629,26629,1.0
26630,26630,1.0
26631,26631,1.0
26632,26632,1.0
26633,26633,1.0
26634,26634,1.0
26635,26635,1.0
26636,26636,1.0
26637,26637,1.0
26638,26638,1.0
26639,26639,1.0
26640,26640,1.0
26641,26641,1.0
26642,26642,1.0
26643,26643,1.0
26644,26644,1.0
26645,26645,1.0
26646,26646,1.0
26647,26647,1.0
26648,26648,1.0
26649,26649,1.0
26650,26650,1.0
26651,26651,1.0
26652,26652,0.0
26653,26653,1.0
26654,26654,1.0
26655,26655,0.8571428656578064
26656,26656,1.0
26657,26657,1.0
26658,26658,1.0
26659,26659,1.0
26660,26660,1.0
26661,26661,0.5714285969734192
26662,26662,0.8571428656578064
26663,26663,1.0
26664,26664,0.7142857313156128
26665,26665,0.7142857313156128
26666,26666,1.0
26667,26667,0.7142857313156128
26668,26668,1.0
26669,26669,1.0
26670,26670,1.0
26671,26671,1.0
26672,26672,0.8571428656578064
26673,26673,0.7142857313156128
26674,26674,0.8571428656578064
26675,26675,1.0
26676,26676,1.0
26677,26677,1.0
26678,26678,1.0
26679,26679,1.0
26680,26680,1.0
26681,26681,1.0
26682,26682,1.0
26683,26683,1.0
26684,26684,1.0
26685,26685,0.8571428656578064
26686,26686,1.0
26687,26687,0.8571428656578064
26688,26688,1.0
26689,26689,1.0
26690,26690,1.0
26691,26691,1.0
26692,26692,0.7142857313156128
26693,26693,1.0
26694,26694,1.0
26695,26695,0.1428571492433548
26696,26696,1.0
26697,26697,0.8571428656578064
26698,26698,1.0
26699,26699,1.0
26700,26700,1.0
26701,26701,1.0
26702,26702,1.0
26703,26703,1.0
26704,26704,1.0
26705,26705,0.5714285969734192
26706,26706,1.0
26707,26707,1.0
26708,26708,0.4285714328289032
26709,26709,1.0
26710,26710,0.8571428656578064
26711,26711,1.0
26712,26712,1.0
26713,26713,0.1428571492433548
26714,26714,1.0
26715,26715,1.0
26716,26716,1.0
26717,26717,0.8571428656578064
26718,26718,1.0
26719,26719,1.0
26720,26720,1.0
26721,26721,1.0
26722,26722,1.0
26723,26723,0.5714285969734192
26724,26724,1.0
26725,26725,0.8571428656578064
26726,26726,0.8571428656578064
26727,26727,1.0
26728,26728,0.7142857313156128
26729,26729,1.0
26730,26730,0.8571428656578064
26731,26731,1.0
26732,26732,1.0
26733,26733,1.0
26734,26734,1.0
26735,26735,1.0
26736,26736,1.0
26737,26737,1.0
26738,26738,1.0
26739,26739,1.0
26740,26740,1.0
26741,26741,1.0
26742,26742,1.0
26743,26743,1.0
26744,26744,1.0
26745,26745,1.0
26746,26746,1.0
26747,26747,1.0
26748,26748,0.8571428656578064
26749,26749,1.0
26750,26750,1.0
26751,26751,1.0
26752,26752,1.0
26753,26753,1.0
26754,26754,1.0
26755,26755,1.0
26756,26756,1.0
26757,26757,1.0
26758,26758,1.0
26759,26759,1.0
26760,26760,1.0
26761,26761,0.8571428656578064
26762,26762,0.7142857313156128
26763,26763,1.0
26764,26764,1.0
26765,26765,0.8571428656578064
26766,26766,1.0
26767,26767,1.0
26768,26768,1.0
26769,26769,1.0
26770,26770,1.0
26771,26771,0.8571428656578064
26772,26772,0.8571428656578064
26773,26773,1.0
26774,26774,1.0
26775,26775,0.7142857313156128
26776,26776,1.0
26777,26777,0.5714285969734192
26778,26778,1.0
26779,26779,1.0
26780,26780,1.0
26781,26781,1.0
26782,26782,0.8571428656578064
26783,26783,0.7142857313156128
26784,26784,0.8571428656578064
26785,26785,1.0
26786,26786,1.0
26787,26787,1.0
26788,26788,1.0
26789,26789,1.0
26790,26790,1.0
26791,26791,1.0
26792,26792,1.0
26793,26793,1.0
26794,26794,1.0
26795,26795,0.8571428656578064
26796,26796,1.0
26797,26797,0.8571428656578064
26798,26798,1.0
26799,26799,1.0
26800,26800,1.0
26801,26801,1.0
26802,26802,0.8571428656578064
26803,26803,0.4285714328289032
26804,26804,1.0
26805,26805,1.0
26806,26806,1.0
26807,26807,0.8571428656578064
26808,26808,1.0
26809,26809,1.0
26810,26810,1.0
26811,26811,0.5714285969734192
26812,26812,1.0
26813,26813,1.0
26814,26814,1.0
26815,26815,0.8571428656578064
26816,26816,0.7142857313156128
26817,26817,0.0
26818,26818,1.0
26819,26819,1.0
26820,26820,0.8571428656578064
26821,26821,1.0
26822,26822,1.0
26823,26823,1.0
26824,26824,1.0
26825,26825,1.0
26826,26826,1.0
26827,26827,1.0
26828,26828,1.0
26829,26829,0.7142857313156128
26830,26830,0.8571428656578064
26831,26831,1.0
26832,26832,1.0
26833,26833,0.4285714328289032
26834,26834,1.0
26835,26835,1.0
26836,26836,1.0
26837,26837,1.0
26838,26838,0.8571428656578064
26839,26839,1.0
26840,26840,0.8571428656578064
26841,26841,1.0
26842,26842,1.0
26843,26843,1.0
26844,26844,0.1428571492433548
26845,26845,1.0
26846,26846,1.0
26847,26847,1.0
26848,26848,1.0
26849,26849,1.0
26850,26850,1.0
26851,26851,1.0
26852,26852,1.0
26853,26853,1.0
26854,26854,1.0
26855,26855,1.0
26856,26856,1.0
26857,26857,1.0
26858,26858,0.8571428656578064
26859,26859,1.0
26860,26860,1.0
26861,26861,1.0
26862,26862,1.0
26863,26863,1.0
26864,26864,1.0
26865,26865,1.0
26866,26866,1.0
26867,26867,1.0
26868,26868,1.0
26869,26869,1.0
26870,26870,1.0
26871,26871,1.0
26872,26872,0.7142857313156128
26873,26873,1.0
26874,26874,1.0
26875,26875,0.8571428656578064
26876,26876,1.0
26877,26877,0.2857142984867096
26878,26878,1.0
26879,26879,1.0
26880,26880,1.0
26881,26881,0.8571428656578064
26882,26882,1.0
26883,26883,1.0
26884,26884,0.7142857313156128
26885,26885,1.0
26886,26886,1.0
26887,26887,0.7142857313156128
26888,26888,1.0
26889,26889,1.0
26890,26890,1.0
26891,26891,1.0
26892,26892,0.8571428656578064
26893,26893,0.7142857313156128
26894,26894,0.8571428656578064
26895,26895,1.0
26896,26896,1.0
26897,26897,1.0
26898,26898,1.0
26899,26899,1.0
26900,26900,1.0
26901,26901,1.0
26902,26902,1.0
26903,26903,1.0
26904,26904,1.0
26905,26905,0.8571428656578064
26906,26906,1.0
26907,26907,0.7142857313156128
26908,26908,1.0
26909,26909,1.0
26910,26910,1.0
26911,26911,0.7142857313156128
26912,26912,0.8571428656578064
26913,26913,1.0
26914,26914,1.0
26915,26915,1.0
26916,26916,0.7142857313156128
26917,26917,0.8571428656578064
26918,26918,1.0
26919,26919,1.0
26920,26920,1.0
26921,26921,1.0
26922,26922,1.0
26923,26923,1.0
26924,26924,1.0
26925,26925,0.5714285969734192
26926,26926,1.0
26927,26927,0.7142857313156128
26928,26928,1.0
26929,26929,1.0
26930,26930,0.8571428656578064
26931,26931,0.7142857313156128
26932,26932,1.0
26933,26933,1.0
26934,26934,1.0
26935,26935,1.0
26936,26936,1.0
26937,26937,1.0
26938,26938,1.0
26939,26939,0.8571428656578064
26940,26940,0.4285714328289032
26941,26941,1.0
26942,26942,1.0
26943,26943,0.8571428656578064
26944,26944,1.0
26945,26945,1.0
26946,26946,1.0
26947,26947,0.7142857313156128
26948,26948,0.8571428656578064
26949,26949,1.0
26950,26950,0.8571428656578064
26951,26951,1.0
26952,26952,1.0
26953,26953,1.0
26954,26954,0.1428571492433548
26955,26955,1.0
26956,26956,1.0
26957,26957,1.0
26958,26958,1.0
26959,26959,1.0
26960,26960,1.0
26961,26961,1.0
26962,26962,1.0
26963,26963,1.0
26964,26964,1.0
26965,26965,1.0
26966,26966,1.0
26967,26967,1.0
26968,26968,0.8571428656578064
26969,26969,1.0
26970,26970,1.0
26971,26971,1.0
26972,26972,1.0
26973,26973,1.0
26974,26974,1.0
26975,26975,1.0
26976,26976,1.0
26977,26977,1.0
26978,26978,1.0
26979,26979,1.0
26980,26980,1.0
26981,26981,1.0
26982,26982,1.0
26983,26983,0.4285714328289032
26984,26984,0.1428571492433548
26985,26985,0.8571428656578064
26986,26986,1.0
26987,26987,1.0
26988,26988,0.5714285969734192
26989,26989,1.0
26990,26990,1.0
26991,26991,1.0
26992,26992,0.8571428656578064
26993,26993,1.0
26994,26994,0.7142857313156128
26995,26995,1.0
26996,26996,1.0
26997,26997,0.7142857313156128
26998,26998,1.0
26999,26999,1.0
27000,27000,1.0
27001,27001,1.0
27002,27002,0.8571428656578064
27003,27003,0.7142857313156128
27004,27004,0.8571428656578064
27005,27005,1.0
27006,27006,1.0
27007,27007,1.0
27008,27008,1.0
27009,27009,1.0
27010,27010,1.0
27011,27011,1.0
27012,27012,1.0
27013,27013,1.0
27014,27014,1.0
27015,27015,0.8571428656578064
27016,27016,1.0
27017,27017,0.8571428656578064
27018,27018,1.0
27019,27019,1.0
27020,27020,1.0
27021,27021,1.0
27022,27022,0.8571428656578064
27023,27023,1.0
27024,27024,1.0
27025,27025,1.0
27026,27026,1.0
27027,27027,0.7142857313156128
27028,27028,1.0
27029,27029,0.2857142984867096
27030,27030,1.0
27031,27031,1.0
27032,27032,1.0
27033,27033,1.0
27034,27034,0.8571428656578064
27035,27035,0.5714285969734192
27036,27036,0.7142857313156128
27037,27037,0.8571428656578064
27038,27038,1.0
27039,27039,1.0
27040,27040,0.8571428656578064
27041,27041,1.0
27042,27042,1.0
27043,27043,1.0
27044,27044,1.0
27045,27045,1.0
27046,27046,0.8571428656578064
27047,27047,0.8571428656578064
27048,27048,1.0
27049,27049,0.0
27050,27050,0.8571428656578064
27051,27051,1.0
27052,27052,1.0
27053,27053,0.5714285969734192
27054,27054,1.0
27055,27055,0.8571428656578064
27056,27056,1.0
27057,27057,1.0
27058,27058,0.0
27059,27059,1.0
27060,27060,1.0
27061,27061,1.0
27062,27062,1.0
27063,27063,1.0
27064,27064,1.0
27065,27065,1.0
27066,27066,1.0
27067,27067,1.0
27068,27068,1.0
27069,27069,1.0
27070,27070,1.0
27071,27071,1.0
27072,27072,1.0
27073,27073,1.0
27074,27074,1.0
27075,27075,1.0
27076,27076,1.0
27077,27077,1.0
27078,27078,0.8571428656578064
27079,27079,1.0
27080,27080,1.0
27081,27081,1.0
27082,27082,1.0
27083,27083,1.0
27084,27084,1.0
27085,27085,1.0
27086,27086,1.0
27087,27087,1.0
27088,27088,1.0
27089,27089,1.0
27090,27090,1.0
27091,27091,1.0
27092,27092,0.7142857313156128
27093,27093,1.0
27094,27094,1.0
27095,27095,0.7142857313156128
27096,27096,1.0
27097,27097,1.0
27098,27098,1.0
27099,27099,1.0
27100,27100,1.0
27101,27101,1.0
27102,27102,0.8571428656578064
27103,27103,1.0
27104,27104,1.0
27105,27105,0.5714285969734192
27106,27106,1.0
27107,27107,0.2857142984867096
27108,27108,1.0
27109,27109,1.0
27110,27110,1.0
27111,27111,1.0
27112,27112,0.8571428656578064
27113,27113,0.7142857313156128
27114,27114,0.8571428656578064
27115,27115,1.0
27116,27116,1.0
27117,27117,1.0
27118,27118,1.0
27119,27119,1.0
27120,27120,1.0
27121,27121,1.0
27122,27122,1.0
27123,27123,1.0
27124,27124,1.0
27125,27125,0.8571428656578064
27126,27126,1.0
27127,27127,0.8571428656578064
27128,27128,1.0
27129,27129,1.0
27130,27130,1.0
27131,27131,1.0
27132,27132,0.8571428656578064
27133,27133,0.8571428656578064
27134,27134,0.5714285969734192
27135,27135,0.5714285969734192
27136,27136,0.5714285969734192
27137,27137,0.8571428656578064
27138,27138,0.8571428656578064
27139,27139,1.0
27140,27140,1.0
27141,27141,1.0
27142,27142,1.0
27143,27143,1.0
27144,27144,1.0
27145,27145,0.5714285969734192
27146,27146,1.0
27147,27147,1.0
27148,27148,1.0
27149,27149,1.0
27150,27150,1.0
27151,27151,1.0
27152,27152,1.0
27153,27153,1.0
27154,27154,1.0
27155,27155,1.0
27156,27156,1.0
27157,27157,1.0
27158,27158,0.7142857313156128
27159,27159,0.7142857313156128
27160,27160,0.8571428656578064
27161,27161,1.0
27162,27162,0.7142857313156128
27163,27163,0.1428571492433548
27164,27164,1.0
27165,27165,1.0
27166,27166,1.0
27167,27167,1.0
27168,27168,0.8571428656578064
27169,27169,1.0
27170,27170,0.8571428656578064
27171,27171,1.0
27172,27172,1.0
27173,27173,1.0
27174,27174,1.0
27175,27175,1.0
27176,27176,1.0
27177,27177,1.0
27178,27178,1.0
27179,27179,1.0
27180,27180,1.0
27181,27181,1.0
27182,27182,1.0
27183,27183,1.0
27184,27184,1.0
27185,27185,1.0
27186,27186,1.0
27187,27187,1.0
27188,27188,0.8571428656578064
27189,27189,1.0
27190,27190,1.0
27191,27191,1.0
27192,27192,1.0
27193,27193,1.0
27194,27194,1.0
27195,27195,1.0
27196,27196,1.0
27197,27197,1.0
27198,27198,1.0
27199,27199,1.0
27200,27200,1.0
27201,27201,1.0
27202,27202,1.0
27203,27203,0.0
27204,27204,1.0
27205,27205,0.8571428656578064
27206,27206,1.0
27207,27207,0.2857142984867096
27208,27208,1.0
27209,27209,1.0
27210,27210,1.0
27211,27211,0.8571428656578064
27212,27212,0.8571428656578064
27213,27213,1.0
27214,27214,0.7142857313156128
27215,27215,1.0
27216,27216,1.0
27217,27217,0.7142857313156128
27218,27218,0.1428571492433548
27219,27219,1.0
27220,27220,1.0
27221,27221,1.0
27222,27222,0.8571428656578064
27223,27223,0.7142857313156128
27224,27224,0.8571428656578064
27225,27225,1.0
27226,27226,1.0
27227,27227,1.0
27228,27228,0.7142857313156128
27229,27229,1.0
27230,27230,1.0
27231,27231,1.0
27232,27232,1.0
27233,27233,1.0
27234,27234,1.0
27235,27235,0.8571428656578064
27236,27236,1.0
27237,27237,0.8571428656578064
27238,27238,1.0
27239,27239,0.1428571492433548
27240,27240,1.0
27241,27241,1.0
27242,27242,0.8571428656578064
27243,27243,1.0
27244,27244,1.0
27245,27245,1.0
27246,27246,0.8571428656578064
27247,27247,0.7142857313156128
27248,27248,1.0
27249,27249,0.7142857313156128
27250,27250,1.0
27251,27251,1.0
27252,27252,1.0
27253,27253,1.0
27254,27254,1.0
27255,27255,1.0
27256,27256,0.7142857313156128
27257,27257,1.0
27258,27258,1.0
27259,27259,1.0
27260,27260,0.5714285969734192
27261,27261,1.0
27262,27262,1.0
27263,27263,1.0
27264,27264,1.0
27265,27265,1.0
27266,27266,1.0
27267,27267,1.0
27268,27268,1.0
27269,27269,0.8571428656578064
27270,27270,1.0
27271,27271,0.8571428656578064
27272,27272,1.0
27273,27273,0.8571428656578064
27274,27274,1.0
27275,27275,0.8571428656578064
27276,27276,1.0
27277,27277,1.0
27278,27278,0.5714285969734192
27279,27279,1.0
27280,27280,0.8571428656578064
27281,27281,1.0
27282,27282,1.0
27283,27283,1.0
27284,27284,1.0
27285,27285,1.0
27286,27286,1.0
27287,27287,1.0
27288,27288,1.0
27289,27289,1.0
27290,27290,1.0
27291,27291,1.0
27292,27292,1.0
27293,27293,1.0
27294,27294,1.0
27295,27295,1.0
27296,27296,1.0
27297,27297,1.0
27298,27298,0.8571428656578064
27299,27299,1.0
27300,27300,1.0
27301,27301,1.0
27302,27302,1.0
27303,27303,1.0
27304,27304,1.0
27305,27305,1.0
27306,27306,1.0
27307,27307,1.0
27308,27308,1.0
27309,27309,1.0
27310,27310,1.0
27311,27311,1.0
27312,27312,0.0
27313,27313,1.0
27314,27314,1.0
27315,27315,0.7142857313156128
27316,27316,1.0
27317,27317,1.0
27318,27318,1.0
27319,27319,1.0
27320,27320,1.0
27321,27321,0.8571428656578064
27322,27322,0.8571428656578064
27323,27323,1.0
27324,27324,0.7142857313156128
27325,27325,1.0
27326,27326,1.0
27327,27327,0.4285714328289032
27328,27328,0.7142857313156128
27329,27329,0.2857142984867096
27330,27330,0.8571428656578064
27331,27331,1.0
27332,27332,0.8571428656578064
27333,27333,0.7142857313156128
27334,27334,0.8571428656578064
27335,27335,0.5714285969734192
27336,27336,1.0
27337,27337,1.0
27338,27338,1.0
27339,27339,1.0
27340,27340,1.0
27341,27341,1.0
27342,27342,1.0
27343,27343,1.0
27344,27344,1.0
27345,27345,0.8571428656578064
27346,27346,1.0
27347,27347,0.8571428656578064
27348,27348,0.4285714328289032
27349,27349,1.0
27350,27350,0.5714285969734192
27351,27351,1.0
27352,27352,0.8571428656578064
27353,27353,1.0
27354,27354,1.0
27355,27355,1.0
27356,27356,0.5714285969734192
27357,27357,0.8571428656578064
27358,27358,1.0
27359,27359,1.0
27360,27360,0.2857142984867096
27361,27361,1.0
27362,27362,1.0
27363,27363,1.0
27364,27364,1.0
27365,27365,0.5714285969734192
27366,27366,0.7142857313156128
27367,27367,1.0
27368,27368,1.0
27369,27369,1.0
27370,27370,0.8571428656578064
27371,27371,0.5714285969734192
27372,27372,1.0
27373,27373,1.0
27374,27374,1.0
27375,27375,1.0
27376,27376,1.0
27377,27377,1.0
27378,27378,1.0
27379,27379,1.0
27380,27380,0.8571428656578064
27381,27381,1.0
27382,27382,0.8571428656578064
27383,27383,0.8571428656578064
27384,27384,1.0
27385,27385,0.8571428656578064
27386,27386,1.0
27387,27387,1.0
27388,27388,0.7142857313156128
27389,27389,1.0
27390,27390,1.0
27391,27391,1.0
27392,27392,1.0
27393,27393,1.0
27394,27394,0.1428571492433548
27395,27395,1.0
27396,27396,1.0
27397,27397,1.0
27398,27398,1.0
27399,27399,0.1428571492433548
27400,27400,1.0
27401,27401,1.0
27402,27402,1.0
27403,27403,1.0
27404,27404,1.0
27405,27405,1.0
27406,27406,1.0
27407,27407,1.0
27408,27408,0.8571428656578064
27409,27409,1.0
27410,27410,1.0
27411,27411,1.0
27412,27412,1.0
27413,27413,1.0
27414,27414,1.0
27415,27415,1.0
27416,27416,1.0
27417,27417,1.0
27418,27418,1.0
27419,27419,1.0
27420,27420,1.0
27421,27421,1.0
27422,27422,1.0
27423,27423,1.0
27424,27424,1.0
27425,27425,0.8571428656578064
27426,27426,1.0
27427,27427,1.0
27428,27428,1.0
27429,27429,1.0
27430,27430,1.0
27431,27431,0.8571428656578064
27432,27432,0.8571428656578064
27433,27433,1.0
27434,27434,0.2857142984867096
27435,27435,1.0
27436,27436,1.0
27437,27437,0.5714285969734192
27438,27438,1.0
27439,27439,1.0
27440,27440,1.0
27441,27441,1.0
27442,27442,0.8571428656578064
27443,27443,0.7142857313156128
27444,27444,0.8571428656578064
27445,27445,1.0
27446,27446,1.0
27447,27447,1.0
27448,27448,1.0
27449,27449,1.0
27450,27450,1.0
27451,27451,1.0
27452,27452,1.0
27453,27453,1.0
27454,27454,1.0
27455,27455,0.5714285969734192
27456,27456,1.0
27457,27457,0.8571428656578064
27458,27458,1.0
27459,27459,1.0
27460,27460,0.1428571492433548
27461,27461,1.0
27462,27462,1.0
27463,27463,1.0
27464,27464,1.0
27465,27465,1.0
27466,27466,1.0
27467,27467,0.8571428656578064
27468,27468,0.8571428656578064
27469,27469,1.0
27470,27470,0.2857142984867096
27471,27471,1.0
27472,27472,1.0
27473,27473,1.0
27474,27474,1.0
27475,27475,0.8571428656578064
27476,27476,0.7142857313156128
27477,27477,1.0
27478,27478,1.0
27479,27479,0.8571428656578064
27480,27480,0.8571428656578064
27481,27481,0.0
27482,27482,1.0
27483,27483,0.8571428656578064
27484,27484,1.0
27485,27485,1.0
27486,27486,1.0
27487,27487,1.0
27488,27488,0.5714285969734192
27489,27489,0.0
27490,27490,0.8571428656578064
27491,27491,0.5714285969734192
27492,27492,1.0
27493,27493,0.5714285969734192
27494,27494,1.0
27495,27495,0.8571428656578064
27496,27496,1.0
27497,27497,1.0
27498,27498,0.8571428656578064
27499,27499,1.0
27500,27500,1.0
27501,27501,1.0
27502,27502,0.0
27503,27503,1.0
27504,27504,1.0
27505,27505,1.0
27506,27506,1.0
27507,27507,1.0
27508,27508,1.0
27509,27509,1.0
27510,27510,1.0
27511,27511,1.0
27512,27512,1.0
27513,27513,1.0
27514,27514,1.0
27515,27515,1.0
27516,27516,1.0
27517,27517,1.0
27518,27518,1.0
27519,27519,1.0
27520,27520,1.0
27521,27521,1.0
27522,27522,1.0
27523,27523,1.0
27524,27524,1.0
27525,27525,1.0
27526,27526,1.0
27527,27527,1.0
27528,27528,1.0
27529,27529,1.0
27530,27530,1.0
27531,27531,1.0
27532,27532,1.0
27533,27533,1.0
27534,27534,1.0
27535,27535,0.8571428656578064
27536,27536,1.0
27537,27537,1.0
27538,27538,1.0
27539,27539,1.0
27540,27540,1.0
27541,27541,1.0
27542,27542,0.8571428656578064
27543,27543,1.0
27544,27544,0.8571428656578064
27545,27545,1.0
27546,27546,1.0
27547,27547,0.7142857313156128
27548,27548,0.1428571492433548
27549,27549,1.0
27550,27550,0.2857142984867096
27551,27551,0.7142857313156128
27552,27552,0.8571428656578064
27553,27553,0.7142857313156128
27554,27554,0.8571428656578064
27555,27555,1.0
27556,27556,1.0
27557,27557,1.0
27558,27558,1.0
27559,27559,1.0
27560,27560,1.0
27561,27561,1.0
27562,27562,1.0
27563,27563,0.7142857313156128
27564,27564,1.0
27565,27565,0.8571428656578064
27566,27566,1.0
27567,27567,0.8571428656578064
27568,27568,1.0
27569,27569,1.0
27570,27570,1.0
27571,27571,1.0
27572,27572,0.8571428656578064
27573,27573,1.0
27574,27574,1.0
27575,27575,0.4285714328289032
27576,27576,0.7142857313156128
27577,27577,0.8571428656578064
27578,27578,0.8571428656578064
27579,27579,0.7142857313156128
27580,27580,1.0
27581,27581,1.0
27582,27582,1.0
27583,27583,1.0
27584,27584,1.0
27585,27585,1.0
27586,27586,0.7142857313156128
27587,27587,1.0
27588,27588,1.0
27589,27589,1.0
27590,27590,0.4285714328289032
27591,27591,0.7142857313156128
27592,27592,1.0
27593,27593,0.8571428656578064
27594,27594,1.0
27595,27595,1.0
27596,27596,1.0
27597,27597,0.8571428656578064
27598,27598,1.0
27599,27599,1.0
27600,27600,0.8571428656578064
27601,27601,0.4285714328289032
27602,27602,0.8571428656578064
27603,27603,0.8571428656578064
27604,27604,0.4285714328289032
27605,27605,1.0
27606,27606,0.8571428656578064
27607,27607,1.0
27608,27608,0.7142857313156128
27609,27609,1.0
27610,27610,0.8571428656578064
27611,27611,1.0
27612,27612,1.0
27613,27613,1.0
27614,27614,1.0
27615,27615,1.0
27616,27616,1.0
27617,27617,1.0
27618,27618,1.0
27619,27619,1.0
27620,27620,1.0
27621,27621,1.0
27622,27622,1.0
27623,27623,1.0
27624,27624,1.0
27625,27625,1.0
27626,27626,1.0
27627,27627,1.0
27628,27628,0.8571428656578064
27629,27629,1.0
27630,27630,1.0
27631,27631,1.0
27632,27632,1.0
27633,27633,1.0
27634,27634,0.0
27635,27635,1.0
27636,27636,1.0
27637,27637,1.0
27638,27638,1.0
27639,27639,1.0
27640,27640,1.0
27641,27641,1.0
27642,27642,1.0
27643,27643,1.0
27644,27644,1.0
27645,27645,0.8571428656578064
27646,27646,1.0
27647,27647,1.0
27648,27648,1.0
27649,27649,1.0
27650,27650,0.4285714328289032
27651,27651,0.5714285969734192
27652,27652,0.8571428656578064
27653,27653,1.0
27654,27654,0.2857142984867096
27655,27655,1.0
27656,27656,0.4285714328289032
27657,27657,0.7142857313156128
27658,27658,1.0
27659,27659,0.1428571492433548
27660,27660,1.0
27661,27661,1.0
27662,27662,1.0
27663,27663,0.7142857313156128
27664,27664,0.8571428656578064
27665,27665,1.0
27666,27666,1.0
27667,27667,1.0
27668,27668,1.0
27669,27669,1.0
27670,27670,1.0
27671,27671,1.0
27672,27672,1.0
27673,27673,1.0
27674,27674,1.0
27675,27675,0.8571428656578064
27676,27676,1.0
27677,27677,0.5714285969734192
27678,27678,1.0
27679,27679,0.5714285969734192
27680,27680,1.0
27681,27681,1.0
27682,27682,0.8571428656578064
27683,27683,1.0
27684,27684,1.0
27685,27685,0.5714285969734192
27686,27686,0.7142857313156128
27687,27687,0.8571428656578064
27688,27688,1.0
27689,27689,1.0
27690,27690,1.0
27691,27691,1.0
27692,27692,1.0
27693,27693,1.0
27694,27694,1.0
27695,27695,0.8571428656578064
27696,27696,1.0
27697,27697,1.0
27698,27698,0.4285714328289032
27699,27699,0.8571428656578064
27700,27700,0.8571428656578064
27701,27701,1.0
27702,27702,0.2857142984867096
27703,27703,1.0
27704,27704,1.0
27705,27705,1.0
27706,27706,1.0
27707,27707,0.5714285969734192
27708,27708,1.0
27709,27709,1.0
27710,27710,1.0
27711,27711,0.4285714328289032
27712,27712,1.0
27713,27713,0.8571428656578064
27714,27714,1.0
27715,27715,0.8571428656578064
27716,27716,1.0
27717,27717,0.7142857313156128
27718,27718,0.7142857313156128
27719,27719,0.8571428656578064
27720,27720,1.0
27721,27721,1.0
27722,27722,1.0
27723,27723,1.0
27724,27724,1.0
27725,27725,1.0
27726,27726,1.0
27727,27727,1.0
27728,27728,1.0
27729,27729,1.0
27730,27730,1.0
27731,27731,1.0
27732,27732,1.0
27733,27733,1.0
27734,27734,1.0
27735,27735,1.0
27736,27736,1.0
27737,27737,1.0
27738,27738,0.8571428656578064
27739,27739,1.0
27740,27740,1.0
27741,27741,1.0
27742,27742,1.0
27743,27743,1.0
27744,27744,1.0
27745,27745,1.0
27746,27746,1.0
27747,27747,1.0
27748,27748,1.0
27749,27749,1.0
27750,27750,1.0
27751,27751,1.0
27752,27752,1.0
27753,27753,0.7142857313156128
27754,27754,1.0
27755,27755,0.8571428656578064
27756,27756,1.0
27757,27757,1.0
27758,27758,1.0
27759,27759,1.0
27760,27760,1.0
27761,27761,0.2857142984867096
27762,27762,0.8571428656578064
27763,27763,1.0
27764,27764,1.0
27765,27765,1.0
27766,27766,1.0
27767,27767,1.0
27768,27768,1.0
27769,27769,1.0
27770,27770,1.0
27771,27771,1.0
27772,27772,0.5714285969734192
27773,27773,0.7142857313156128
27774,27774,0.8571428656578064
27775,27775,1.0
27776,27776,1.0
27777,27777,0.7142857313156128
27778,27778,1.0
27779,27779,1.0
27780,27780,1.0
27781,27781,1.0
27782,27782,1.0
27783,27783,1.0
27784,27784,1.0
27785,27785,0.8571428656578064
27786,27786,1.0
27787,27787,1.0
27788,27788,1.0
27789,27789,1.0
27790,27790,0.5714285969734192
27791,27791,1.0
27792,27792,0.8571428656578064
27793,27793,1.0
27794,27794,0.5714285969734192
27795,27795,0.5714285969734192
27796,27796,0.7142857313156128
27797,27797,0.8571428656578064
27798,27798,1.0
27799,27799,0.7142857313156128
27800,27800,1.0
27801,27801,0.0
27802,27802,1.0
27803,27803,1.0
27804,27804,1.0
27805,27805,1.0
27806,27806,0.7142857313156128
27807,27807,1.0
27808,27808,1.0
27809,27809,1.0
27810,27810,1.0
27811,27811,1.0
27812,27812,1.0
27813,27813,1.0
27814,27814,1.0
27815,27815,1.0
27816,27816,1.0
27817,27817,1.0
27818,27818,1.0
27819,27819,0.7142857313156128
27820,27820,0.8571428656578064
27821,27821,1.0
27822,27822,1.0
27823,27823,0.8571428656578064
27824,27824,1.0
27825,27825,0.8571428656578064
27826,27826,1.0
27827,27827,1.0
27828,27828,0.7142857313156128
27829,27829,1.0
27830,27830,0.8571428656578064
27831,27831,1.0
27832,27832,1.0
27833,27833,1.0
27834,27834,1.0
27835,27835,1.0
27836,27836,1.0
27837,27837,1.0
27838,27838,1.0
27839,27839,1.0
27840,27840,1.0
27841,27841,1.0
27842,27842,1.0
27843,27843,1.0
27844,27844,1.0
27845,27845,1.0
27846,27846,1.0
27847,27847,1.0
27848,27848,0.8571428656578064
27849,27849,1.0
27850,27850,1.0
27851,27851,1.0
27852,27852,1.0
27853,27853,1.0
27854,27854,1.0
27855,27855,1.0
27856,27856,1.0
27857,27857,1.0
27858,27858,1.0
27859,27859,1.0
27860,27860,1.0
27861,27861,1.0
27862,27862,1.0
27863,27863,1.0
27864,27864,1.0
27865,27865,0.8571428656578064
27866,27866,1.0
27867,27867,1.0
27868,27868,1.0
27869,27869,0.4285714328289032
27870,27870,1.0
27871,27871,0.8571428656578064
27872,27872,1.0
27873,27873,1.0
27874,27874,1.0
27875,27875,1.0
27876,27876,1.0
27877,27877,0.7142857313156128
27878,27878,1.0
27879,27879,1.0
27880,27880,1.0
27881,27881,0.0
27882,27882,0.4285714328289032
27883,27883,0.4285714328289032
27884,27884,0.8571428656578064
27885,27885,0.7142857313156128
27886,27886,1.0
27887,27887,1.0
27888,27888,1.0
27889,27889,1.0
27890,27890,1.0
27891,27891,1.0
27892,27892,1.0
27893,27893,1.0
27894,27894,1.0
27895,27895,0.8571428656578064
27896,27896,1.0
27897,27897,0.8571428656578064
27898,27898,0.4285714328289032
27899,27899,1.0
27900,27900,1.0
27901,27901,0.8571428656578064
27902,27902,0.7142857313156128
27903,27903,0.8571428656578064
27904,27904,1.0
27905,27905,0.5714285969734192
27906,27906,0.7142857313156128
27907,27907,0.8571428656578064
27908,27908,1.0
27909,27909,0.7142857313156128
27910,27910,1.0
27911,27911,1.0
27912,27912,1.0
27913,27913,1.0
27914,27914,1.0
27915,27915,0.8571428656578064
27916,27916,0.7142857313156128
27917,27917,1.0
27918,27918,1.0
27919,27919,1.0
27920,27920,1.0
27921,27921,1.0
27922,27922,1.0
27923,27923,0.8571428656578064
27924,27924,1.0
27925,27925,0.7142857313156128
27926,27926,0.4285714328289032
27927,27927,1.0
27928,27928,1.0
27929,27929,1.0
27930,27930,0.8571428656578064
27931,27931,1.0
27932,27932,0.8571428656578064
27933,27933,0.2857142984867096
27934,27934,1.0
27935,27935,0.8571428656578064
27936,27936,0.0
27937,27937,1.0
27938,27938,0.8571428656578064
27939,27939,1.0
27940,27940,0.8571428656578064
27941,27941,1.0
27942,27942,1.0
27943,27943,1.0
27944,27944,1.0
27945,27945,1.0
27946,27946,1.0
27947,27947,1.0
27948,27948,1.0
27949,27949,1.0
27950,27950,1.0
27951,27951,1.0
27952,27952,1.0
27953,27953,1.0
27954,27954,1.0
27955,27955,1.0
27956,27956,1.0
27957,27957,1.0
27958,27958,0.8571428656578064
27959,27959,1.0
27960,27960,1.0
27961,27961,1.0
27962,27962,1.0
27963,27963,1.0
27964,27964,1.0
27965,27965,1.0
27966,27966,1.0
27967,27967,1.0
27968,27968,1.0
27969,27969,1.0
27970,27970,1.0
27971,27971,1.0
27972,27972,0.0
27973,27973,1.0
27974,27974,1.0
27975,27975,0.2857142984867096
27976,27976,1.0
27977,27977,1.0
27978,27978,1.0
27979,27979,1.0
27980,27980,1.0
27981,27981,0.8571428656578064
27982,27982,0.8571428656578064
27983,27983,1.0
27984,27984,0.7142857313156128
27985,27985,1.0
27986,27986,1.0
27987,27987,0.7142857313156128
27988,27988,1.0
27989,27989,1.0
27990,27990,1.0
27991,27991,1.0
27992,27992,0.8571428656578064
27993,27993,0.7142857313156128
27994,27994,0.8571428656578064
27995,27995,0.8571428656578064
27996,27996,1.0
27997,27997,0.7142857313156128
27998,27998,1.0
27999,27999,0.8571428656578064
28000,28000,1.0
28001,28001,1.0
28002,28002,1.0
28003,28003,1.0
28004,28004,1.0
28005,28005,0.8571428656578064
28006,28006,1.0
28007,28007,0.7142857313156128
28008,28008,1.0
28009,28009,1.0
28010,28010,1.0
28011,28011,1.0
28012,28012,0.8571428656578064
28013,28013,1.0
28014,28014,1.0
28015,28015,0.4285714328289032
28016,28016,1.0
28017,28017,0.8571428656578064
28018,28018,1.0
28019,28019,0.7142857313156128
28020,28020,1.0
28021,28021,1.0
28022,28022,1.0
28023,28023,1.0
28024,28024,0.5714285969734192
28025,28025,1.0
28026,28026,0.7142857313156128
28027,28027,0.5714285969734192
28028,28028,1.0
28029,28029,0.1428571492433548
28030,28030,0.8571428656578064
28031,28031,1.0
28032,28032,1.0
28033,28033,1.0
28034,28034,1.0
28035,28035,1.0
28036,28036,0.1428571492433548
28037,28037,1.0
28038,28038,1.0
28039,28039,1.0
28040,28040,0.8571428656578064
28041,28041,1.0
28042,28042,1.0
28043,28043,0.5714285969734192
28044,28044,1.0
28045,28045,0.8571428656578064
28046,28046,1.0
28047,28047,1.0
28048,28048,0.4285714328289032
28049,28049,1.0
28050,28050,1.0
28051,28051,1.0
28052,28052,1.0
28053,28053,1.0
28054,28054,1.0
28055,28055,1.0
28056,28056,1.0
28057,28057,1.0
28058,28058,1.0
28059,28059,1.0
28060,28060,1.0
28061,28061,1.0
28062,28062,1.0
28063,28063,1.0
28064,28064,1.0
28065,28065,1.0
28066,28066,1.0
28067,28067,1.0
28068,28068,0.8571428656578064
28069,28069,1.0
28070,28070,1.0
28071,28071,1.0
28072,28072,1.0
28073,28073,1.0
28074,28074,1.0
28075,28075,1.0
28076,28076,1.0
28077,28077,1.0
28078,28078,1.0
28079,28079,1.0
28080,28080,1.0
28081,28081,1.0
28082,28082,1.0
28083,28083,1.0
28084,28084,1.0
28085,28085,0.2857142984867096
28086,28086,1.0
28087,28087,1.0
28088,28088,1.0
28089,28089,0.4285714328289032
28090,28090,1.0
28091,28091,1.0
28092,28092,0.8571428656578064
28093,28093,1.0
28094,28094,0.2857142984867096
28095,28095,0.7142857313156128
28096,28096,1.0
28097,28097,0.7142857313156128
28098,28098,1.0
28099,28099,1.0
28100,28100,1.0
28101,28101,1.0
28102,28102,0.8571428656578064
28103,28103,0.7142857313156128
28104,28104,0.8571428656578064
28105,28105,1.0
28106,28106,1.0
28107,28107,1.0
28108,28108,1.0
28109,28109,1.0
28110,28110,1.0
28111,28111,1.0
28112,28112,1.0
28113,28113,1.0
28114,28114,1.0
28115,28115,0.8571428656578064
28116,28116,1.0
28117,28117,0.8571428656578064
28118,28118,1.0
28119,28119,1.0
28120,28120,1.0
28121,28121,1.0
28122,28122,0.7142857313156128
28123,28123,1.0
28124,28124,1.0
28125,28125,1.0
28126,28126,0.8571428656578064
28127,28127,0.8571428656578064
28128,28128,1.0
28129,28129,0.7142857313156128
28130,28130,0.8571428656578064
28131,28131,1.0
28132,28132,1.0
28133,28133,1.0
28134,28134,1.0
28135,28135,1.0
28136,28136,1.0
28137,28137,1.0
28138,28138,1.0
28139,28139,1.0
28140,28140,0.1428571492433548
28141,28141,0.8571428656578064
28142,28142,1.0
28143,28143,1.0
28144,28144,0.7142857313156128
28145,28145,0.4285714328289032
28146,28146,1.0
28147,28147,1.0
28148,28148,1.0
28149,28149,0.7142857313156128
28150,28150,0.2857142984867096
28151,28151,1.0
28152,28152,0.8571428656578064
28153,28153,0.5714285969734192
28154,28154,0.5714285969734192
28155,28155,1.0
28156,28156,0.7142857313156128
28157,28157,1.0
28158,28158,0.8571428656578064
28159,28159,1.0
28160,28160,1.0
28161,28161,1.0
28162,28162,1.0
28163,28163,1.0
28164,28164,1.0
28165,28165,1.0
28166,28166,1.0
28167,28167,1.0
28168,28168,1.0
28169,28169,1.0
28170,28170,1.0
28171,28171,1.0
28172,28172,1.0
28173,28173,1.0
28174,28174,1.0
28175,28175,1.0
28176,28176,1.0
28177,28177,1.0
28178,28178,1.0
28179,28179,1.0
28180,28180,1.0
28181,28181,1.0
28182,28182,1.0
28183,28183,1.0
28184,28184,1.0
28185,28185,1.0
28186,28186,1.0
28187,28187,1.0
28188,28188,1.0
28189,28189,1.0
28190,28190,1.0
28191,28191,1.0
28192,28192,1.0
28193,28193,1.0
28194,28194,1.0
28195,28195,0.8571428656578064
28196,28196,1.0
28197,28197,1.0
28198,28198,1.0
28199,28199,1.0
28200,28200,1.0
28201,28201,0.8571428656578064
28202,28202,1.0
28203,28203,1.0
28204,28204,0.4285714328289032
28205,28205,1.0
28206,28206,1.0
28207,28207,1.0
28208,28208,1.0
28209,28209,1.0
28210,28210,1.0
28211,28211,1.0
28212,28212,0.8571428656578064
28213,28213,0.7142857313156128
28214,28214,0.0
28215,28215,1.0
28216,28216,0.5714285969734192
28217,28217,0.8571428656578064
28218,28218,1.0
28219,28219,1.0
28220,28220,1.0
28221,28221,1.0
28222,28222,1.0
28223,28223,1.0
28224,28224,1.0
28225,28225,0.4285714328289032
28226,28226,1.0
28227,28227,0.8571428656578064
28228,28228,1.0
28229,28229,1.0
28230,28230,1.0
28231,28231,1.0
28232,28232,0.8571428656578064
28233,28233,1.0
28234,28234,0.5714285969734192
28235,28235,0.8571428656578064
28236,28236,0.7142857313156128
28237,28237,0.8571428656578064
28238,28238,1.0
28239,28239,1.0
28240,28240,1.0
28241,28241,0.5714285969734192
28242,28242,1.0
28243,28243,1.0
28244,28244,1.0
28245,28245,1.0
28246,28246,1.0
28247,28247,1.0
28248,28248,0.4285714328289032
28249,28249,1.0
28250,28250,0.4285714328289032
28251,28251,0.7142857313156128
28252,28252,0.8571428656578064
28253,28253,1.0
28254,28254,0.7142857313156128
28255,28255,1.0
28256,28256,1.0
28257,28257,1.0
28258,28258,0.2857142984867096
28259,28259,1.0
28260,28260,0.8571428656578064
28261,28261,1.0
28262,28262,1.0
28263,28263,0.8571428656578064
28264,28264,1.0
28265,28265,0.8571428656578064
28266,28266,1.0
28267,28267,1.0
28268,28268,0.8571428656578064
28269,28269,1.0
28270,28270,1.0
28271,28271,1.0
28272,28272,1.0
28273,28273,1.0
28274,28274,1.0
28275,28275,1.0
28276,28276,1.0
28277,28277,1.0
28278,28278,1.0
28279,28279,1.0
28280,28280,1.0
28281,28281,1.0
28282,28282,1.0
28283,28283,1.0
28284,28284,1.0
28285,28285,1.0
28286,28286,1.0
28287,28287,1.0
28288,28288,0.8571428656578064
28289,28289,1.0
28290,28290,1.0
28291,28291,1.0
28292,28292,1.0
28293,28293,1.0
28294,28294,1.0
28295,28295,1.0
28296,28296,1.0
28297,28297,1.0
28298,28298,1.0
28299,28299,1.0
28300,28300,1.0
28301,28301,1.0
28302,28302,1.0
28303,28303,0.4285714328289032
28304,28304,1.0
28305,28305,0.8571428656578064
28306,28306,1.0
28307,28307,1.0
28308,28308,1.0
28309,28309,1.0
28310,28310,1.0
28311,28311,0.8571428656578064
28312,28312,0.8571428656578064
28313,28313,1.0
28314,28314,1.0
28315,28315,1.0
28316,28316,1.0
28317,28317,0.5714285969734192
28318,28318,0.7142857313156128
28319,28319,0.2857142984867096
28320,28320,1.0
28321,28321,1.0
28322,28322,0.8571428656578064
28323,28323,0.7142857313156128
28324,28324,0.8571428656578064
28325,28325,1.0
28326,28326,1.0
28327,28327,1.0
28328,28328,1.0
28329,28329,1.0
28330,28330,1.0
28331,28331,1.0
28332,28332,1.0
28333,28333,1.0
28334,28334,0.4285714328289032
28335,28335,0.8571428656578064
28336,28336,1.0
28337,28337,0.8571428656578064
28338,28338,0.4285714328289032
28339,28339,1.0
28340,28340,1.0
28341,28341,1.0
28342,28342,0.8571428656578064
28343,28343,1.0
28344,28344,0.1428571492433548
28345,28345,1.0
28346,28346,0.2857142984867096
28347,28347,0.8571428656578064
28348,28348,1.0
28349,28349,1.0
28350,28350,1.0
28351,28351,1.0
28352,28352,1.0
28353,28353,1.0
28354,28354,1.0
28355,28355,1.0
28356,28356,1.0
28357,28357,1.0
28358,28358,1.0
28359,28359,1.0
28360,28360,0.8571428656578064
28361,28361,1.0
28362,28362,0.7142857313156128
28363,28363,1.0
28364,28364,1.0
28365,28365,1.0
28366,28366,0.2857142984867096
28367,28367,1.0
28368,28368,1.0
28369,28369,1.0
28370,28370,0.8571428656578064
28371,28371,1.0
28372,28372,1.0
28373,28373,0.8571428656578064
28374,28374,0.4285714328289032
28375,28375,1.0
28376,28376,1.0
28377,28377,1.0
28378,28378,1.0
28379,28379,1.0
28380,28380,0.5714285969734192
28381,28381,1.0
28382,28382,1.0
28383,28383,1.0
28384,28384,1.0
28385,28385,1.0
28386,28386,1.0
28387,28387,1.0
28388,28388,1.0
28389,28389,1.0
28390,28390,1.0
28391,28391,1.0
28392,28392,1.0
28393,28393,1.0
28394,28394,1.0
28395,28395,1.0
28396,28396,1.0
28397,28397,1.0
28398,28398,0.8571428656578064
28399,28399,1.0
28400,28400,1.0
28401,28401,1.0
28402,28402,1.0
28403,28403,1.0
28404,28404,1.0
28405,28405,1.0
28406,28406,1.0
28407,28407,1.0
28408,28408,1.0
28409,28409,1.0
28410,28410,1.0
28411,28411,1.0
28412,28412,1.0
28413,28413,1.0
28414,28414,1.0
28415,28415,0.8571428656578064
28416,28416,1.0
28417,28417,1.0
28418,28418,1.0
28419,28419,1.0
28420,28420,1.0
28421,28421,0.7142857313156128
28422,28422,0.8571428656578064
28423,28423,1.0
28424,28424,0.7142857313156128
28425,28425,1.0
28426,28426,1.0
28427,28427,1.0
28428,28428,1.0
28429,28429,1.0
28430,28430,1.0
28431,28431,1.0
28432,28432,0.8571428656578064
28433,28433,0.7142857313156128
28434,28434,0.8571428656578064
28435,28435,1.0
28436,28436,1.0
28437,28437,1.0
28438,28438,1.0
28439,28439,1.0
28440,28440,1.0
28441,28441,1.0
28442,28442,1.0
28443,28443,1.0
28444,28444,1.0
28445,28445,0.8571428656578064
28446,28446,0.5714285969734192
28447,28447,0.5714285969734192
28448,28448,1.0
28449,28449,1.0
28450,28450,1.0
28451,28451,1.0
28452,28452,1.0
28453,28453,1.0
28454,28454,1.0
28455,28455,1.0
28456,28456,0.7142857313156128
28457,28457,0.8571428656578064
28458,28458,1.0
28459,28459,0.8571428656578064
28460,28460,1.0
28461,28461,1.0
28462,28462,1.0
28463,28463,1.0
28464,28464,1.0
28465,28465,1.0
28466,28466,0.7142857313156128
28467,28467,1.0
28468,28468,1.0
28469,28469,1.0
28470,28470,0.8571428656578064
28471,28471,1.0
28472,28472,0.2857142984867096
28473,28473,1.0
28474,28474,1.0
28475,28475,1.0
28476,28476,1.0
28477,28477,1.0
28478,28478,1.0
28479,28479,1.0
28480,28480,1.0
28481,28481,1.0
28482,28482,1.0
28483,28483,0.5714285969734192
28484,28484,1.0
28485,28485,0.4285714328289032
28486,28486,1.0
28487,28487,1.0
28488,28488,0.8571428656578064
28489,28489,1.0
28490,28490,1.0
28491,28491,1.0
28492,28492,1.0
28493,28493,1.0
28494,28494,1.0
28495,28495,1.0
28496,28496,1.0
28497,28497,1.0
28498,28498,1.0
28499,28499,1.0
28500,28500,1.0
28501,28501,1.0
28502,28502,1.0
28503,28503,1.0
28504,28504,1.0
28505,28505,1.0
28506,28506,1.0
28507,28507,0.0
28508,28508,0.8571428656578064
28509,28509,1.0
28510,28510,1.0
28511,28511,1.0
28512,28512,1.0
28513,28513,1.0
28514,28514,1.0
28515,28515,1.0
28516,28516,1.0
28517,28517,1.0
28518,28518,1.0
28519,28519,1.0
28520,28520,1.0
28521,28521,0.4285714328289032
28522,28522,1.0
28523,28523,1.0
28524,28524,1.0
28525,28525,0.8571428656578064
28526,28526,1.0
28527,28527,1.0
28528,28528,1.0
28529,28529,1.0
28530,28530,1.0
28531,28531,0.8571428656578064
28532,28532,1.0
28533,28533,1.0
28534,28534,0.2857142984867096
28535,28535,1.0
28536,28536,0.5714285969734192
28537,28537,0.4285714328289032
28538,28538,1.0
28539,28539,1.0
28540,28540,1.0
28541,28541,1.0
28542,28542,0.8571428656578064
28543,28543,0.7142857313156128
28544,28544,0.8571428656578064
28545,28545,1.0
28546,28546,1.0
28547,28547,1.0
28548,28548,1.0
28549,28549,1.0
28550,28550,1.0
28551,28551,1.0
28552,28552,1.0
28553,28553,1.0
28554,28554,1.0
28555,28555,1.0
28556,28556,0.8571428656578064
28557,28557,0.8571428656578064
28558,28558,1.0
28559,28559,1.0
28560,28560,1.0
28561,28561,0.7142857313156128
28562,28562,0.8571428656578064
28563,28563,1.0
28564,28564,1.0
28565,28565,1.0
28566,28566,0.7142857313156128
28567,28567,0.8571428656578064
28568,28568,1.0
28569,28569,0.7142857313156128
28570,28570,0.8571428656578064
28571,28571,1.0
28572,28572,1.0
28573,28573,1.0
28574,28574,1.0
28575,28575,0.5714285969734192
28576,28576,1.0
28577,28577,1.0
28578,28578,1.0
28579,28579,1.0
28580,28580,0.8571428656578064
28581,28581,1.0
28582,28582,1.0
28583,28583,1.0
28584,28584,0.8571428656578064
28585,28585,1.0
28586,28586,1.0
28587,28587,0.5714285969734192
28588,28588,1.0
28589,28589,1.0
28590,28590,0.8571428656578064
28591,28591,1.0
28592,28592,1.0
28593,28593,0.8571428656578064
28594,28594,1.0
28595,28595,1.0
28596,28596,1.0
28597,28597,1.0
28598,28598,0.7142857313156128
28599,28599,0.0
28600,28600,1.0
28601,28601,1.0
28602,28602,1.0
28603,28603,1.0
28604,28604,1.0
28605,28605,1.0
28606,28606,1.0
28607,28607,1.0
28608,28608,1.0
28609,28609,1.0
28610,28610,1.0
28611,28611,1.0
28612,28612,1.0
28613,28613,1.0
28614,28614,1.0
28615,28615,1.0
28616,28616,1.0
28617,28617,1.0
28618,28618,0.8571428656578064
28619,28619,1.0
28620,28620,1.0
28621,28621,1.0
28622,28622,1.0
28623,28623,1.0
28624,28624,1.0
28625,28625,1.0
28626,28626,1.0
28627,28627,1.0
28628,28628,1.0
28629,28629,1.0
28630,28630,1.0
28631,28631,1.0
28632,28632,1.0
28633,28633,0.0
28634,28634,1.0
28635,28635,0.8571428656578064
28636,28636,0.0
28637,28637,1.0
28638,28638,1.0
28639,28639,1.0
28640,28640,1.0
28641,28641,0.8571428656578064
28642,28642,0.8571428656578064
28643,28643,1.0
28644,28644,0.7142857313156128
28645,28645,1.0
28646,28646,1.0
28647,28647,0.8571428656578064
28648,28648,1.0
28649,28649,1.0
28650,28650,1.0
28651,28651,1.0
28652,28652,0.8571428656578064
28653,28653,0.7142857313156128
28654,28654,0.2857142984867096
28655,28655,1.0
28656,28656,1.0
28657,28657,1.0
28658,28658,1.0
28659,28659,0.4285714328289032
28660,28660,0.5714285969734192
28661,28661,1.0
28662,28662,1.0
28663,28663,0.8571428656578064
28664,28664,1.0
28665,28665,0.8571428656578064
28666,28666,1.0
28667,28667,0.8571428656578064
28668,28668,1.0
28669,28669,1.0
28670,28670,1.0
28671,28671,1.0
28672,28672,0.5714285969734192
28673,28673,1.0
28674,28674,1.0
28675,28675,0.5714285969734192
28676,28676,0.7142857313156128
28677,28677,0.8571428656578064
28678,28678,1.0
28679,28679,1.0
28680,28680,1.0
28681,28681,0.5714285969734192
28682,28682,1.0
28683,28683,1.0
28684,28684,1.0
28685,28685,1.0
28686,28686,1.0
28687,28687,1.0
28688,28688,1.0
28689,28689,0.1428571492433548
28690,28690,0.8571428656578064
28691,28691,1.0
28692,28692,1.0
28693,28693,1.0
28694,28694,1.0
28695,28695,1.0
28696,28696,1.0
28697,28697,1.0
28698,28698,1.0
28699,28699,1.0
28700,28700,0.8571428656578064
28701,28701,1.0
28702,28702,0.8571428656578064
28703,28703,0.8571428656578064
28704,28704,1.0
28705,28705,0.8571428656578064
28706,28706,1.0
28707,28707,1.0
28708,28708,0.8571428656578064
28709,28709,1.0
28710,28710,1.0
28711,28711,1.0
28712,28712,1.0
28713,28713,1.0
28714,28714,1.0
28715,28715,1.0
28716,28716,1.0
28717,28717,1.0
28718,28718,1.0
28719,28719,1.0
28720,28720,1.0
28721,28721,1.0
28722,28722,1.0
28723,28723,1.0
28724,28724,1.0
28725,28725,1.0
28726,28726,1.0
28727,28727,1.0
28728,28728,0.8571428656578064
28729,28729,1.0
28730,28730,1.0
28731,28731,1.0
28732,28732,1.0
28733,28733,1.0
28734,28734,1.0
28735,28735,1.0
28736,28736,1.0
28737,28737,1.0
28738,28738,1.0
28739,28739,1.0
28740,28740,1.0
28741,28741,1.0
28742,28742,1.0
28743,28743,1.0
28744,28744,1.0
28745,28745,0.8571428656578064
28746,28746,1.0
28747,28747,1.0
28748,28748,1.0
28749,28749,1.0
28750,28750,1.0
28751,28751,0.4285714328289032
28752,28752,0.8571428656578064
28753,28753,1.0
28754,28754,0.2857142984867096
28755,28755,1.0
28756,28756,1.0
28757,28757,0.8571428656578064
28758,28758,1.0
28759,28759,1.0
28760,28760,1.0
28761,28761,1.0
28762,28762,0.1428571492433548
28763,28763,0.7142857313156128
28764,28764,0.8571428656578064
28765,28765,1.0
28766,28766,1.0
28767,28767,1.0
28768,28768,1.0
28769,28769,1.0
28770,28770,1.0
28771,28771,1.0
28772,28772,1.0
28773,28773,0.7142857313156128
28774,28774,0.7142857313156128
28775,28775,0.7142857313156128
28776,28776,1.0
28777,28777,0.1428571492433548
28778,28778,1.0
28779,28779,1.0
28780,28780,1.0
28781,28781,1.0
28782,28782,1.0
28783,28783,1.0
28784,28784,1.0
28785,28785,1.0
28786,28786,0.7142857313156128
28787,28787,0.4285714328289032
28788,28788,1.0
28789,28789,0.8571428656578064
28790,28790,1.0
28791,28791,1.0
28792,28792,1.0
28793,28793,1.0
28794,28794,1.0
28795,28795,1.0
28796,28796,0.7142857313156128
28797,28797,1.0
28798,28798,1.0
28799,28799,1.0
28800,28800,1.0
28801,28801,1.0
28802,28802,1.0
28803,28803,0.5714285969734192
28804,28804,1.0
28805,28805,1.0
28806,28806,0.2857142984867096
28807,28807,0.8571428656578064
28808,28808,1.0
28809,28809,1.0
28810,28810,0.8571428656578064
28811,28811,1.0
28812,28812,1.0
28813,28813,0.4285714328289032
28814,28814,1.0
28815,28815,0.8571428656578064
28816,28816,1.0
28817,28817,1.0
28818,28818,0.7142857313156128
28819,28819,0.8571428656578064
28820,28820,0.8571428656578064
28821,28821,1.0
28822,28822,1.0
28823,28823,1.0
28824,28824,1.0
28825,28825,1.0
28826,28826,1.0
28827,28827,1.0
28828,28828,1.0
28829,28829,1.0
28830,28830,1.0
28831,28831,1.0
28832,28832,1.0
28833,28833,1.0
28834,28834,1.0
28835,28835,1.0
28836,28836,1.0
28837,28837,1.0
28838,28838,1.0
28839,28839,1.0
28840,28840,1.0
28841,28841,1.0
28842,28842,1.0
28843,28843,1.0
28844,28844,1.0
28845,28845,1.0
28846,28846,1.0
28847,28847,1.0
28848,28848,1.0
28849,28849,1.0
28850,28850,1.0
28851,28851,1.0
28852,28852,0.7142857313156128
28853,28853,1.0
28854,28854,1.0
28855,28855,0.8571428656578064
28856,28856,1.0
28857,28857,1.0
28858,28858,1.0
28859,28859,1.0
28860,28860,1.0
28861,28861,0.8571428656578064
28862,28862,0.8571428656578064
28863,28863,1.0
28864,28864,1.0
28865,28865,1.0
28866,28866,1.0
28867,28867,0.4285714328289032
28868,28868,1.0
28869,28869,1.0
28870,28870,1.0
28871,28871,1.0
28872,28872,0.8571428656578064
28873,28873,0.7142857313156128
28874,28874,0.8571428656578064
28875,28875,1.0
28876,28876,1.0
28877,28877,0.7142857313156128
28878,28878,1.0
28879,28879,1.0
28880,28880,1.0
28881,28881,1.0
28882,28882,1.0
28883,28883,1.0
28884,28884,1.0
28885,28885,0.8571428656578064
28886,28886,1.0
28887,28887,0.8571428656578064
28888,28888,0.2857142984867096
28889,28889,1.0
28890,28890,1.0
28891,28891,0.8571428656578064
28892,28892,0.8571428656578064
28893,28893,1.0
28894,28894,1.0
28895,28895,1.0
28896,28896,0.7142857313156128
28897,28897,0.7142857313156128
28898,28898,1.0
28899,28899,1.0
28900,28900,1.0
28901,28901,1.0
28902,28902,1.0
28903,28903,1.0
28904,28904,0.8571428656578064
28905,28905,1.0
28906,28906,1.0
28907,28907,1.0
28908,28908,1.0
28909,28909,1.0
28910,28910,0.8571428656578064
28911,28911,1.0
28912,28912,1.0
28913,28913,1.0
28914,28914,1.0
28915,28915,0.8571428656578064
28916,28916,1.0
28917,28917,1.0
28918,28918,1.0
28919,28919,0.7142857313156128
28920,28920,1.0
28921,28921,1.0
28922,28922,0.5714285969734192
28923,28923,0.8571428656578064
28924,28924,1.0
28925,28925,0.8571428656578064
28926,28926,1.0
28927,28927,1.0
28928,28928,0.7142857313156128
28929,28929,1.0
28930,28930,0.8571428656578064
28931,28931,1.0
28932,28932,1.0
28933,28933,1.0
28934,28934,0.1428571492433548
28935,28935,1.0
28936,28936,1.0
28937,28937,1.0
28938,28938,1.0
28939,28939,1.0
28940,28940,1.0
28941,28941,1.0
28942,28942,1.0
28943,28943,1.0
28944,28944,1.0
28945,28945,1.0
28946,28946,1.0
28947,28947,1.0
28948,28948,0.8571428656578064
28949,28949,1.0
28950,28950,1.0
28951,28951,1.0
28952,28952,1.0
28953,28953,1.0
28954,28954,1.0
28955,28955,1.0
28956,28956,1.0
28957,28957,1.0
28958,28958,1.0
28959,28959,1.0
28960,28960,1.0
28961,28961,1.0
28962,28962,1.0
28963,28963,1.0
28964,28964,1.0
28965,28965,0.8571428656578064
28966,28966,1.0
28967,28967,1.0
28968,28968,1.0
28969,28969,1.0
28970,28970,1.0
28971,28971,0.5714285969734192
28972,28972,0.8571428656578064
28973,28973,1.0
28974,28974,0.7142857313156128
28975,28975,1.0
28976,28976,0.7142857313156128
28977,28977,0.5714285969734192
28978,28978,1.0
28979,28979,1.0
28980,28980,1.0
28981,28981,1.0
28982,28982,0.8571428656578064
28983,28983,0.7142857313156128
28984,28984,0.8571428656578064
28985,28985,1.0
28986,28986,1.0
28987,28987,1.0
28988,28988,1.0
28989,28989,0.8571428656578064
28990,28990,0.8571428656578064
28991,28991,1.0
28992,28992,1.0
28993,28993,1.0
28994,28994,1.0
28995,28995,0.5714285969734192
28996,28996,1.0
28997,28997,0.8571428656578064
28998,28998,1.0
28999,28999,1.0
29000,29000,1.0
29001,29001,1.0
29002,29002,0.8571428656578064
29003,29003,1.0
29004,29004,1.0
29005,29005,1.0
29006,29006,1.0
29007,29007,0.8571428656578064
29008,29008,1.0
29009,29009,1.0
29010,29010,0.8571428656578064
29011,29011,1.0
29012,29012,1.0
29013,29013,1.0
29014,29014,0.5714285969734192
29015,29015,1.0
29016,29016,0.7142857313156128
29017,29017,1.0
29018,29018,1.0
29019,29019,1.0
29020,29020,0.5714285969734192
29021,29021,1.0
29022,29022,1.0
29023,29023,1.0
29024,29024,1.0
29025,29025,1.0
29026,29026,1.0
29027,29027,1.0
29028,29028,0.7142857313156128
29029,29029,1.0
29030,29030,0.8571428656578064
29031,29031,0.5714285969734192
29032,29032,1.0
29033,29033,0.5714285969734192
29034,29034,1.0
29035,29035,0.8571428656578064
29036,29036,1.0
29037,29037,1.0
29038,29038,0.7142857313156128
29039,29039,1.0
29040,29040,0.4285714328289032
29041,29041,1.0
29042,29042,1.0
29043,29043,1.0
29044,29044,0.1428571492433548
29045,29045,1.0
29046,29046,1.0
29047,29047,1.0
29048,29048,1.0
29049,29049,1.0
29050,29050,1.0
29051,29051,1.0
29052,29052,1.0
29053,29053,1.0
29054,29054,1.0
29055,29055,1.0
29056,29056,1.0
29057,29057,1.0
29058,29058,0.8571428656578064
29059,29059,1.0
29060,29060,1.0
29061,29061,1.0
29062,29062,1.0
29063,29063,1.0
29064,29064,1.0
29065,29065,1.0
29066,29066,1.0
29067,29067,1.0
29068,29068,1.0
29069,29069,1.0
29070,29070,1.0
29071,29071,1.0
29072,29072,1.0
29073,29073,1.0
29074,29074,1.0
29075,29075,0.8571428656578064
29076,29076,1.0
29077,29077,1.0
29078,29078,1.0
29079,29079,1.0
29080,29080,1.0
29081,29081,0.8571428656578064
29082,29082,0.8571428656578064
29083,29083,1.0
29084,29084,0.7142857313156128
29085,29085,1.0
29086,29086,1.0
29087,29087,0.8571428656578064
29088,29088,1.0
29089,29089,1.0
29090,29090,1.0
29091,29091,1.0
29092,29092,0.8571428656578064
29093,29093,0.7142857313156128
29094,29094,0.8571428656578064
29095,29095,1.0
29096,29096,1.0
29097,29097,1.0
29098,29098,1.0
29099,29099,0.8571428656578064
29100,29100,1.0
29101,29101,1.0
29102,29102,1.0
29103,29103,1.0
29104,29104,1.0
29105,29105,0.8571428656578064
29106,29106,1.0
29107,29107,0.7142857313156128
29108,29108,1.0
29109,29109,1.0
29110,29110,1.0
29111,29111,1.0
29112,29112,0.8571428656578064
29113,29113,1.0
29114,29114,0.8571428656578064
29115,29115,0.8571428656578064
29116,29116,0.7142857313156128
29117,29117,0.8571428656578064
29118,29118,1.0
29119,29119,1.0
29120,29120,1.0
29121,29121,1.0
29122,29122,1.0
29123,29123,1.0
29124,29124,1.0
29125,29125,1.0
29126,29126,1.0
29127,29127,1.0
29128,29128,1.0
29129,29129,1.0
29130,29130,1.0
29131,29131,1.0
29132,29132,1.0
29133,29133,1.0
29134,29134,0.8571428656578064
29135,29135,1.0
29136,29136,1.0
29137,29137,1.0
29138,29138,1.0
29139,29139,1.0
29140,29140,0.8571428656578064
29141,29141,1.0
29142,29142,1.0
29143,29143,0.8571428656578064
29144,29144,1.0
29145,29145,1.0
29146,29146,1.0
29147,29147,1.0
29148,29148,0.8571428656578064
29149,29149,1.0
29150,29150,1.0
29151,29151,1.0
29152,29152,1.0
29153,29153,1.0
29154,29154,0.1428571492433548
29155,29155,1.0
29156,29156,1.0
29157,29157,1.0
29158,29158,1.0
29159,29159,1.0
29160,29160,1.0
29161,29161,1.0
29162,29162,1.0
29163,29163,1.0
29164,29164,1.0
29165,29165,1.0
29166,29166,1.0
29167,29167,1.0
29168,29168,0.8571428656578064
29169,29169,1.0
29170,29170,1.0
29171,29171,1.0
29172,29172,1.0
29173,29173,1.0
29174,29174,1.0
29175,29175,1.0
29176,29176,1.0
29177,29177,1.0
29178,29178,1.0
29179,29179,1.0
29180,29180,1.0
29181,29181,1.0
29182,29182,1.0
29183,29183,1.0
29184,29184,1.0
29185,29185,0.8571428656578064
29186,29186,1.0
29187,29187,1.0
29188,29188,1.0
29189,29189,1.0
29190,29190,1.0
29191,29191,0.8571428656578064
29192,29192,0.8571428656578064
29193,29193,1.0
29194,29194,0.7142857313156128
29195,29195,1.0
29196,29196,1.0
29197,29197,0.7142857313156128
29198,29198,1.0
29199,29199,1.0
29200,29200,1.0
29201,29201,1.0
29202,29202,0.8571428656578064
29203,29203,0.7142857313156128
29204,29204,0.8571428656578064
29205,29205,1.0
29206,29206,1.0
29207,29207,1.0
29208,29208,1.0
29209,29209,1.0
29210,29210,1.0
29211,29211,0.4285714328289032
29212,29212,1.0
29213,29213,1.0
29214,29214,1.0
29215,29215,1.0
29216,29216,0.5714285969734192
29217,29217,0.8571428656578064
29218,29218,1.0
29219,29219,1.0
29220,29220,1.0
29221,29221,0.2857142984867096
29222,29222,0.7142857313156128
29223,29223,0.8571428656578064
29224,29224,1.0
29225,29225,1.0
29226,29226,1.0
29227,29227,0.8571428656578064
29228,29228,1.0
29229,29229,1.0
29230,29230,0.8571428656578064
29231,29231,1.0
29232,29232,1.0
29233,29233,1.0
29234,29234,1.0
29235,29235,1.0
29236,29236,1.0
29237,29237,1.0
29238,29238,1.0
29239,29239,1.0
29240,29240,0.5714285969734192
29241,29241,1.0
29242,29242,1.0
29243,29243,1.0
29244,29244,1.0
29245,29245,1.0
29246,29246,1.0
29247,29247,1.0
29248,29248,1.0
29249,29249,0.7142857313156128
29250,29250,0.8571428656578064
29251,29251,1.0
29252,29252,1.0
29253,29253,0.8571428656578064
29254,29254,1.0
29255,29255,1.0
29256,29256,1.0
29257,29257,1.0
29258,29258,0.8571428656578064
29259,29259,1.0
29260,29260,0.8571428656578064
29261,29261,1.0
29262,29262,0.0
29263,29263,1.0
29264,29264,0.1428571492433548
29265,29265,1.0
29266,29266,1.0
29267,29267,1.0
29268,29268,1.0
29269,29269,1.0
29270,29270,1.0
29271,29271,1.0
29272,29272,1.0
29273,29273,1.0
29274,29274,1.0
29275,29275,1.0
29276,29276,1.0
29277,29277,1.0
29278,29278,0.8571428656578064
29279,29279,1.0
29280,29280,1.0
29281,29281,1.0
29282,29282,1.0
29283,29283,1.0
29284,29284,1.0
29285,29285,1.0
29286,29286,1.0
29287,29287,1.0
29288,29288,1.0
29289,29289,1.0
29290,29290,1.0
29291,29291,1.0
29292,29292,1.0
29293,29293,1.0
29294,29294,1.0
29295,29295,0.7142857313156128
29296,29296,1.0
29297,29297,1.0
29298,29298,1.0
29299,29299,1.0
29300,29300,1.0
29301,29301,0.8571428656578064
29302,29302,0.8571428656578064
29303,29303,1.0
29304,29304,0.7142857313156128
29305,29305,1.0
29306,29306,0.7142857313156128
29307,29307,0.2857142984867096
29308,29308,1.0
29309,29309,1.0
29310,29310,1.0
29311,29311,1.0
29312,29312,0.8571428656578064
29313,29313,0.7142857313156128
29314,29314,0.8571428656578064
29315,29315,1.0
29316,29316,1.0
29317,29317,1.0
29318,29318,1.0
29319,29319,0.8571428656578064
29320,29320,1.0
29321,29321,1.0
29322,29322,1.0
29323,29323,1.0
29324,29324,0.8571428656578064
29325,29325,0.2857142984867096
29326,29326,1.0
29327,29327,0.8571428656578064
29328,29328,1.0
29329,29329,1.0
29330,29330,0.2857142984867096
29331,29331,1.0
29332,29332,0.8571428656578064
29333,29333,0.4285714328289032
29334,29334,1.0
29335,29335,0.5714285969734192
29336,29336,0.7142857313156128
29337,29337,0.8571428656578064
29338,29338,1.0
29339,29339,1.0
29340,29340,1.0
29341,29341,1.0
29342,29342,1.0
29343,29343,1.0
29344,29344,0.1428571492433548
29345,29345,1.0
29346,29346,1.0
29347,29347,1.0
29348,29348,1.0
29349,29349,1.0
29350,29350,0.8571428656578064
29351,29351,1.0
29352,29352,1.0
29353,29353,0.8571428656578064
29354,29354,1.0
29355,29355,1.0
29356,29356,0.5714285969734192
29357,29357,1.0
29358,29358,0.7142857313156128
29359,29359,0.7142857313156128
29360,29360,0.8571428656578064
29361,29361,1.0
29362,29362,1.0
29363,29363,0.8571428656578064
29364,29364,1.0
29365,29365,0.8571428656578064
29366,29366,0.8571428656578064
29367,29367,1.0
29368,29368,1.0
29369,29369,1.0
29370,29370,1.0
29371,29371,1.0
29372,29372,1.0
29373,29373,1.0
29374,29374,1.0
29375,29375,1.0
29376,29376,1.0
29377,29377,1.0
29378,29378,1.0
29379,29379,1.0
29380,29380,1.0
29381,29381,1.0
29382,29382,1.0
29383,29383,1.0
29384,29384,1.0
29385,29385,1.0
29386,29386,1.0
29387,29387,1.0
29388,29388,0.8571428656578064
29389,29389,1.0
29390,29390,1.0
29391,29391,1.0
29392,29392,1.0
29393,29393,1.0
29394,29394,1.0
29395,29395,1.0
29396,29396,1.0
29397,29397,1.0
29398,29398,1.0
29399,29399,1.0
29400,29400,1.0
29401,29401,1.0
29402,29402,0.8571428656578064
29403,29403,1.0
29404,29404,1.0
29405,29405,0.8571428656578064
29406,29406,1.0
29407,29407,1.0
29408,29408,1.0
29409,29409,1.0
29410,29410,1.0
29411,29411,1.0
29412,29412,0.8571428656578064
29413,29413,1.0
29414,29414,1.0
29415,29415,0.8571428656578064
29416,29416,0.1428571492433548
29417,29417,0.7142857313156128
29418,29418,1.0
29419,29419,1.0
29420,29420,1.0
29421,29421,1.0
29422,29422,0.8571428656578064
29423,29423,0.7142857313156128
29424,29424,0.8571428656578064
29425,29425,1.0
29426,29426,1.0
29427,29427,1.0
29428,29428,1.0
29429,29429,1.0
29430,29430,1.0
29431,29431,1.0
29432,29432,1.0
29433,29433,0.8571428656578064
29434,29434,1.0
29435,29435,0.8571428656578064
29436,29436,1.0
29437,29437,0.8571428656578064
29438,29438,1.0
29439,29439,1.0
29440,29440,1.0
29441,29441,1.0
29442,29442,0.8571428656578064
29443,29443,0.8571428656578064
29444,29444,1.0
29445,29445,1.0
29446,29446,1.0
29447,29447,0.8571428656578064
29448,29448,1.0
29449,29449,1.0
29450,29450,1.0
29451,29451,1.0
29452,29452,1.0
29453,29453,1.0
29454,29454,0.8571428656578064
29455,29455,1.0
29456,29456,0.7142857313156128
29457,29457,0.4285714328289032
29458,29458,1.0
29459,29459,1.0
29460,29460,1.0
29461,29461,1.0
29462,29462,1.0
29463,29463,1.0
29464,29464,1.0
29465,29465,1.0
29466,29466,1.0
29467,29467,0.2857142984867096
29468,29468,1.0
29469,29469,1.0
29470,29470,0.8571428656578064
29471,29471,1.0
29472,29472,1.0
29473,29473,0.8571428656578064
29474,29474,1.0
29475,29475,1.0
29476,29476,1.0
29477,29477,1.0
29478,29478,0.7142857313156128
29479,29479,1.0
29480,29480,1.0
29481,29481,1.0
29482,29482,1.0
29483,29483,1.0
29484,29484,1.0
29485,29485,1.0
29486,29486,1.0
29487,29487,1.0
29488,29488,1.0
29489,29489,0.1428571492433548
29490,29490,1.0
29491,29491,1.0
29492,29492,1.0
29493,29493,1.0
29494,29494,1.0
29495,29495,1.0
29496,29496,1.0
29497,29497,1.0
29498,29498,0.8571428656578064
29499,29499,1.0
29500,29500,1.0
29501,29501,1.0
29502,29502,1.0
29503,29503,1.0
29504,29504,1.0
29505,29505,1.0
29506,29506,1.0
29507,29507,1.0
29508,29508,1.0
29509,29509,1.0
29510,29510,1.0
29511,29511,1.0
29512,29512,1.0
29513,29513,1.0
29514,29514,1.0
29515,29515,0.7142857313156128
29516,29516,1.0
29517,29517,1.0
29518,29518,1.0
29519,29519,1.0
29520,29520,1.0
29521,29521,0.8571428656578064
29522,29522,0.8571428656578064
29523,29523,1.0
29524,29524,0.7142857313156128
29525,29525,1.0
29526,29526,1.0
29527,29527,0.8571428656578064
29528,29528,1.0
29529,29529,0.7142857313156128
29530,29530,1.0
29531,29531,1.0
29532,29532,0.8571428656578064
29533,29533,0.7142857313156128
29534,29534,0.8571428656578064
29535,29535,1.0
29536,29536,1.0
29537,29537,1.0
29538,29538,1.0
29539,29539,1.0
29540,29540,1.0
29541,29541,1.0
29542,29542,0.8571428656578064
29543,29543,1.0
29544,29544,1.0
29545,29545,0.5714285969734192
29546,29546,1.0
29547,29547,0.8571428656578064
29548,29548,0.8571428656578064
29549,29549,1.0
29550,29550,1.0
29551,29551,1.0
29552,29552,1.0
29553,29553,1.0
29554,29554,1.0
29555,29555,0.4285714328289032
29556,29556,0.4285714328289032
29557,29557,0.7142857313156128
29558,29558,1.0
29559,29559,1.0
29560,29560,0.8571428656578064
29561,29561,1.0
29562,29562,1.0
29563,29563,1.0
29564,29564,1.0
29565,29565,1.0
29566,29566,1.0
29567,29567,1.0
29568,29568,1.0
29569,29569,1.0
29570,29570,0.5714285969734192
29571,29571,0.8571428656578064
29572,29572,1.0
29573,29573,1.0
29574,29574,0.4285714328289032
29575,29575,1.0
29576,29576,1.0
29577,29577,1.0
29578,29578,1.0
29579,29579,0.7142857313156128
29580,29580,1.0
29581,29581,1.0
29582,29582,0.8571428656578064
29583,29583,0.8571428656578064
29584,29584,0.7142857313156128
29585,29585,1.0
29586,29586,1.0
29587,29587,0.7142857313156128
29588,29588,0.7142857313156128
29589,29589,1.0
29590,29590,1.0
29591,29591,1.0
29592,29592,1.0
29593,29593,1.0
29594,29594,1.0
29595,29595,1.0
29596,29596,1.0
29597,29597,1.0
29598,29598,1.0
29599,29599,1.0
29600,29600,1.0
29601,29601,1.0
29602,29602,1.0
29603,29603,1.0
29604,29604,1.0
29605,29605,1.0
29606,29606,1.0
29607,29607,1.0
29608,29608,0.8571428656578064
29609,29609,1.0
29610,29610,1.0
29611,29611,1.0
29612,29612,1.0
29613,29613,1.0
29614,29614,1.0
29615,29615,1.0
29616,29616,1.0
29617,29617,1.0
29618,29618,1.0
29619,29619,1.0
29620,29620,1.0
29621,29621,1.0
29622,29622,1.0
29623,29623,0.7142857313156128
29624,29624,1.0
29625,29625,0.8571428656578064
29626,29626,1.0
29627,29627,1.0
29628,29628,1.0
29629,29629,1.0
29630,29630,1.0
29631,29631,0.8571428656578064
29632,29632,0.8571428656578064
29633,29633,1.0
29634,29634,0.2857142984867096
29635,29635,1.0
29636,29636,1.0
29637,29637,0.4285714328289032
29638,29638,1.0
29639,29639,1.0
29640,29640,1.0
29641,29641,1.0
29642,29642,0.8571428656578064
29643,29643,0.4285714328289032
29644,29644,1.0
29645,29645,1.0
29646,29646,1.0
29647,29647,1.0
29648,29648,1.0
29649,29649,1.0
29650,29650,1.0
29651,29651,1.0
29652,29652,1.0
29653,29653,1.0
29654,29654,1.0
29655,29655,0.8571428656578064
29656,29656,1.0
29657,29657,0.8571428656578064
29658,29658,1.0
29659,29659,1.0
29660,29660,0.8571428656578064
29661,29661,1.0
29662,29662,1.0
29663,29663,1.0
29664,29664,1.0
29665,29665,1.0
29666,29666,0.4285714328289032
29667,29667,0.7142857313156128
29668,29668,1.0
29669,29669,0.7142857313156128
29670,29670,1.0
29671,29671,1.0
29672,29672,1.0
29673,29673,1.0
29674,29674,1.0
29675,29675,0.8571428656578064
29676,29676,0.7142857313156128
29677,29677,0.8571428656578064
29678,29678,1.0
29679,29679,1.0
29680,29680,0.8571428656578064
29681,29681,0.7142857313156128
29682,29682,1.0
29683,29683,0.4285714328289032
29684,29684,1.0
29685,29685,1.0
29686,29686,1.0
29687,29687,1.0
29688,29688,1.0
29689,29689,1.0
29690,29690,1.0
29691,29691,1.0
29692,29692,1.0
29693,29693,0.8571428656578064
29694,29694,1.0
29695,29695,0.8571428656578064
29696,29696,1.0
29697,29697,1.0
29698,29698,0.7142857313156128
29699,29699,1.0
29700,29700,0.5714285969734192
29701,29701,1.0
29702,29702,1.0
29703,29703,1.0
29704,29704,0.1428571492433548
29705,29705,1.0
29706,29706,1.0
29707,29707,1.0
29708,29708,1.0
29709,29709,0.1428571492433548
29710,29710,1.0
29711,29711,1.0
29712,29712,1.0
29713,29713,1.0
29714,29714,1.0
29715,29715,1.0
29716,29716,1.0
29717,29717,1.0
29718,29718,0.8571428656578064
29719,29719,1.0
29720,29720,1.0
29721,29721,1.0
29722,29722,1.0
29723,29723,1.0
29724,29724,1.0
29725,29725,1.0
29726,29726,1.0
29727,29727,1.0
29728,29728,1.0
29729,29729,1.0
29730,29730,1.0
29731,29731,1.0
29732,29732,1.0
29733,29733,1.0
29734,29734,1.0
29735,29735,0.8571428656578064
29736,29736,0.4285714328289032
29737,29737,1.0
29738,29738,1.0
29739,29739,1.0
29740,29740,1.0
29741,29741,0.8571428656578064
29742,29742,0.8571428656578064
29743,29743,1.0
29744,29744,1.0
29745,29745,0.7142857313156128
29746,29746,0.2857142984867096
29747,29747,0.4285714328289032
29748,29748,1.0
29749,29749,1.0
29750,29750,1.0
29751,29751,1.0
29752,29752,0.7142857313156128
29753,29753,0.8571428656578064
29754,29754,0.7142857313156128
29755,29755,1.0
29756,29756,1.0
29757,29757,1.0
29758,29758,1.0
29759,29759,0.8571428656578064
29760,29760,1.0
29761,29761,1.0
29762,29762,1.0
29763,29763,1.0
29764,29764,0.2857142984867096
29765,29765,0.8571428656578064
29766,29766,0.1428571492433548
29767,29767,0.8571428656578064
29768,29768,1.0
29769,29769,1.0
29770,29770,1.0
29771,29771,1.0
29772,29772,0.8571428656578064
29773,29773,1.0
29774,29774,1.0
29775,29775,0.8571428656578064
29776,29776,0.7142857313156128
29777,29777,0.7142857313156128
29778,29778,1.0
29779,29779,1.0
29780,29780,0.8571428656578064
29781,29781,1.0
29782,29782,1.0
29783,29783,1.0
29784,29784,0.8571428656578064
29785,29785,1.0
29786,29786,1.0
29787,29787,1.0
29788,29788,1.0
29789,29789,1.0
29790,29790,0.8571428656578064
29791,29791,1.0
29792,29792,0.8571428656578064
29793,29793,1.0
29794,29794,1.0
29795,29795,1.0
29796,29796,1.0
29797,29797,0.2857142984867096
29798,29798,1.0
29799,29799,1.0
29800,29800,1.0
29801,29801,1.0
29802,29802,1.0
29803,29803,0.8571428656578064
29804,29804,1.0
29805,29805,1.0
29806,29806,1.0
29807,29807,1.0
29808,29808,0.7142857313156128
29809,29809,1.0
29810,29810,1.0
29811,29811,1.0
29812,29812,1.0
29813,29813,1.0
29814,29814,1.0
29815,29815,1.0
29816,29816,1.0
29817,29817,1.0
29818,29818,1.0
29819,29819,1.0
29820,29820,1.0
29821,29821,1.0
29822,29822,1.0
29823,29823,1.0
29824,29824,1.0
29825,29825,1.0
29826,29826,1.0
29827,29827,1.0
29828,29828,0.8571428656578064
29829,29829,1.0
29830,29830,1.0
29831,29831,1.0
29832,29832,1.0
29833,29833,1.0
29834,29834,1.0
29835,29835,1.0
29836,29836,1.0
29837,29837,1.0
29838,29838,1.0
29839,29839,1.0
29840,29840,1.0
29841,29841,1.0
29842,29842,1.0
29843,29843,1.0
29844,29844,1.0
29845,29845,0.8571428656578064
29846,29846,1.0
29847,29847,1.0
29848,29848,1.0
29849,29849,1.0
29850,29850,1.0
29851,29851,0.8571428656578064
29852,29852,0.8571428656578064
29853,29853,1.0
29854,29854,1.0
29855,29855,0.8571428656578064
29856,29856,1.0
29857,29857,0.5714285969734192
29858,29858,1.0
29859,29859,1.0
29860,29860,1.0
29861,29861,1.0
29862,29862,0.8571428656578064
29863,29863,0.7142857313156128
29864,29864,0.8571428656578064
29865,29865,0.1428571492433548
29866,29866,0.7142857313156128
29867,29867,1.0
29868,29868,0.4285714328289032
29869,29869,1.0
29870,29870,1.0
29871,29871,1.0
29872,29872,1.0
29873,29873,1.0
29874,29874,0.5714285969734192
29875,29875,0.8571428656578064
29876,29876,1.0
29877,29877,0.1428571492433548
29878,29878,1.0
29879,29879,1.0
29880,29880,1.0
29881,29881,1.0
29882,29882,0.7142857313156128
29883,29883,1.0
29884,29884,1.0
29885,29885,1.0
29886,29886,0.7142857313156128
29887,29887,0.8571428656578064
29888,29888,1.0
29889,29889,0.7142857313156128
29890,29890,1.0
29891,29891,1.0
29892,29892,1.0
29893,29893,1.0
29894,29894,1.0
29895,29895,1.0
29896,29896,0.7142857313156128
29897,29897,0.5714285969734192
29898,29898,1.0
29899,29899,0.5714285969734192
29900,29900,1.0
29901,29901,1.0
29902,29902,1.0
29903,29903,0.4285714328289032
29904,29904,1.0
29905,29905,1.0
29906,29906,1.0
29907,29907,1.0
29908,29908,1.0
29909,29909,1.0
29910,29910,0.8571428656578064
29911,29911,0.4285714328289032
29912,29912,1.0
29913,29913,0.8571428656578064
29914,29914,1.0
29915,29915,0.8571428656578064
29916,29916,0.0
29917,29917,1.0
29918,29918,1.0
29919,29919,1.0
29920,29920,1.0
29921,29921,1.0
29922,29922,1.0
29923,29923,1.0
29924,29924,1.0
29925,29925,1.0
29926,29926,1.0
29927,29927,1.0
29928,29928,1.0
29929,29929,1.0
29930,29930,1.0
29931,29931,1.0
29932,29932,1.0
29933,29933,1.0
29934,29934,1.0
29935,29935,1.0
29936,29936,1.0
29937,29937,1.0
29938,29938,0.8571428656578064
29939,29939,1.0
29940,29940,1.0
29941,29941,1.0
29942,29942,1.0
29943,29943,1.0
29944,29944,1.0
29945,29945,1.0
29946,29946,1.0
29947,29947,1.0
29948,29948,1.0
29949,29949,1.0
29950,29950,1.0
29951,29951,0.4285714328289032
29952,29952,1.0
29953,29953,0.7142857313156128
29954,29954,1.0
29955,29955,0.8571428656578064
29956,29956,1.0
29957,29957,1.0
29958,29958,1.0
29959,29959,1.0
29960,29960,1.0
29961,29961,0.5714285969734192
29962,29962,0.8571428656578064
29963,29963,1.0
29964,29964,0.7142857313156128
29965,29965,1.0
29966,29966,0.2857142984867096
29967,29967,0.8571428656578064
29968,29968,1.0
29969,29969,1.0
29970,29970,1.0
29971,29971,1.0
29972,29972,0.8571428656578064
29973,29973,0.7142857313156128
29974,29974,0.8571428656578064
29975,29975,1.0
29976,29976,1.0
29977,29977,0.7142857313156128
29978,29978,1.0
29979,29979,0.7142857313156128
29980,29980,1.0
29981,29981,1.0
29982,29982,0.5714285969734192
29983,29983,1.0
29984,29984,1.0
29985,29985,0.8571428656578064
29986,29986,1.0
29987,29987,0.8571428656578064
29988,29988,1.0
29989,29989,1.0
29990,29990,1.0
29991,29991,1.0
29992,29992,0.8571428656578064
29993,29993,1.0
29994,29994,1.0
29995,29995,1.0
29996,29996,0.7142857313156128
29997,29997,0.8571428656578064
29998,29998,1.0
29999,29999,1.0
30000,30000,0.8571428656578064
30001,30001,1.0
30002,30002,1.0
30003,30003,1.0
30004,30004,1.0
30005,30005,1.0
30006,30006,0.7142857313156128
30007,30007,1.0
30008,30008,1.0
30009,30009,1.0
30010,30010,1.0
30011,30011,1.0
30012,30012,1.0
30013,30013,1.0
30014,30014,1.0
30015,30015,0.7142857313156128
30016,30016,1.0
30017,30017,1.0
30018,30018,1.0
30019,30019,0.7142857313156128
30020,30020,1.0
30021,30021,0.2857142984867096
30022,30022,0.5714285969734192
30023,30023,0.4285714328289032
30024,30024,1.0
30025,30025,1.0
30026,30026,0.2857142984867096
30027,30027,0.7142857313156128
30028,30028,0.7142857313156128
30029,30029,1.0
30030,30030,0.8571428656578064
30031,30031,1.0
30032,30032,1.0
30033,30033,1.0
30034,30034,1.0
30035,30035,1.0
30036,30036,1.0
30037,30037,1.0
30038,30038,1.0
30039,30039,1.0
30040,30040,1.0
30041,30041,1.0
30042,30042,1.0
30043,30043,1.0
30044,30044,1.0
30045,30045,1.0
30046,30046,1.0
30047,30047,1.0
30048,30048,0.8571428656578064
30049,30049,1.0
30050,30050,1.0
30051,30051,1.0
30052,30052,1.0
30053,30053,1.0
30054,30054,1.0
30055,30055,1.0
30056,30056,1.0
30057,30057,1.0
30058,30058,1.0
30059,30059,1.0
30060,30060,1.0
30061,30061,0.8571428656578064
30062,30062,1.0
30063,30063,1.0
30064,30064,1.0
30065,30065,0.8571428656578064
30066,30066,1.0
30067,30067,1.0
30068,30068,1.0
30069,30069,1.0
30070,30070,1.0
30071,30071,0.8571428656578064
30072,30072,0.8571428656578064
30073,30073,1.0
30074,30074,0.7142857313156128
30075,30075,1.0
30076,30076,1.0
30077,30077,0.8571428656578064
30078,30078,0.4285714328289032
30079,30079,1.0
30080,30080,0.5714285969734192
30081,30081,0.7142857313156128
30082,30082,0.5714285969734192
30083,30083,0.7142857313156128
30084,30084,0.8571428656578064
30085,30085,1.0
30086,30086,1.0
30087,30087,1.0
30088,30088,1.0
30089,30089,1.0
30090,30090,1.0
30091,30091,1.0
30092,30092,0.5714285969734192
30093,30093,1.0
30094,30094,1.0
30095,30095,0.8571428656578064
30096,30096,1.0
30097,30097,0.8571428656578064
30098,30098,1.0
30099,30099,1.0
30100,30100,1.0
30101,30101,1.0
30102,30102,0.8571428656578064
30103,30103,0.2857142984867096
30104,30104,1.0
30105,30105,0.8571428656578064
30106,30106,0.7142857313156128
30107,30107,0.8571428656578064
30108,30108,1.0
30109,30109,0.7142857313156128
30110,30110,1.0
30111,30111,0.5714285969734192
30112,30112,1.0
30113,30113,1.0
30114,30114,1.0
30115,30115,0.8571428656578064
30116,30116,1.0
30117,30117,0.8571428656578064
30118,30118,1.0
30119,30119,1.0
30120,30120,1.0
30121,30121,0.7142857313156128
30122,30122,0.7142857313156128
30123,30123,0.1428571492433548
30124,30124,1.0
30125,30125,1.0
30126,30126,1.0
30127,30127,0.8571428656578064
30128,30128,1.0
30129,30129,1.0
30130,30130,1.0
30131,30131,1.0
30132,30132,1.0
30133,30133,0.8571428656578064
30134,30134,1.0
30135,30135,0.8571428656578064
30136,30136,0.5714285969734192
30137,30137,0.7142857313156128
30138,30138,0.7142857313156128
30139,30139,1.0
30140,30140,0.8571428656578064
30141,30141,1.0
30142,30142,1.0
30143,30143,1.0
30144,30144,1.0
30145,30145,1.0
30146,30146,1.0
30147,30147,1.0
30148,30148,1.0
30149,30149,1.0
30150,30150,1.0
30151,30151,1.0
30152,30152,1.0
30153,30153,1.0
30154,30154,1.0
30155,30155,1.0
30156,30156,1.0
30157,30157,1.0
30158,30158,1.0
30159,30159,1.0
30160,30160,1.0
30161,30161,1.0
30162,30162,1.0
30163,30163,1.0
30164,30164,1.0
30165,30165,1.0
30166,30166,1.0
30167,30167,1.0
30168,30168,1.0
30169,30169,1.0
30170,30170,1.0
30171,30171,0.8571428656578064
30172,30172,1.0
30173,30173,1.0
30174,30174,0.2857142984867096
30175,30175,0.8571428656578064
30176,30176,1.0
30177,30177,1.0
30178,30178,1.0
30179,30179,1.0
30180,30180,1.0
30181,30181,0.8571428656578064
30182,30182,0.8571428656578064
30183,30183,1.0
30184,30184,1.0
30185,30185,0.5714285969734192
30186,30186,1.0
30187,30187,0.7142857313156128
30188,30188,1.0
30189,30189,0.7142857313156128
30190,30190,1.0
30191,30191,1.0
30192,30192,0.8571428656578064
30193,30193,0.7142857313156128
30194,30194,0.8571428656578064
30195,30195,1.0
30196,30196,1.0
30197,30197,1.0
30198,30198,1.0
30199,30199,1.0
30200,30200,1.0
30201,30201,1.0
30202,30202,1.0
30203,30203,1.0
30204,30204,1.0
30205,30205,0.8571428656578064
30206,30206,1.0
30207,30207,0.8571428656578064
30208,30208,1.0
